song,set,in_set_index,in_show_index,footnotes,date,venue,city,state,country,link
JaJunk,1,1,1,,01/11/2024,The Fillmore,Charlotte,NC,USA,https://allthings.umphreys.com/setlists/umphreys-mcgee-january-11-2024-the-fillmore-charlotte-nc-usa.html
Fenced In,1,2,2,,01/11/2024,The Fillmore,Charlotte,NC,USA,https://allthings.umphreys.com/setlists/umphreys-mcgee-january-11-2024-the-fillmore-charlotte-nc-usa.html
Similar Skin,1,3,3,,01/11/2024,The Fillmore,Charlotte,NC,USA,https://allthings.umphreys.com/setlists/umphreys-mcgee-january-11-2024-the-fillmore-charlotte-nc-usa.html
Resolution,1,4,4,,01/11/2024,The Fillmore,Charlotte,NC,USA,https://allthings.umphreys.com/setlists/umphreys-mcgee-january-11-2024-the-fillmore-charlotte-nc-usa.html
The Bottom Half,1,5,5,,01/11/2024,The Fillmore,Charlotte,NC,USA,https://allthings.umphreys.com/setlists/umphreys-mcgee-january-11-2024-the-fillmore-charlotte-nc-usa.html
Dump City,1,6,6,,01/11/2024,The Fillmore,Charlotte,NC,USA,https://allthings.umphreys.com/setlists/umphreys-mcgee-january-11-2024-the-fillmore-charlotte-nc-usa.html
Mantis,2,1,7,,01/11/2024,The Fillmore,Charlotte,NC,USA,https://allthings.umphreys.com/setlists/umphreys-mcgee-january-11-2024-the-fillmore-charlotte-nc-usa.html
2nd Self,2,2,8,,01/11/2024,The Fillmore,Charlotte,NC,USA,https://allthings.umphreys.com/setlists/umphreys-mcgee-january-11-2024-the-fillmore-charlotte-nc-usa.html
Miami Virtue,2,3,9,with Nothing Too Fancy tease,01/11/2024,The Fillmore,Charlotte,NC,USA,https://allthings.umphreys.com/setlists/umphreys-mcgee-january-11-2024-the-fillmore-charlotte-nc-usa.html
Women Wine and Song,2,4,10,,01/11/2024,The Fillmore,Charlotte,NC,USA,https://allthings.umphreys.com/setlists/umphreys-mcgee-january-11-2024-the-fillmore-charlotte-nc-usa.html
Draconian,2,5,11,,01/11/2024,The Fillmore,Charlotte,NC,USA,https://allthings.umphreys.com/setlists/umphreys-mcgee-january-11-2024-the-fillmore-charlotte-nc-usa.html
Wife Soup,2,6,12,,01/11/2024,The Fillmore,Charlotte,NC,USA,https://allthings.umphreys.com/setlists/umphreys-mcgee-january-11-2024-the-fillmore-charlotte-nc-usa.html
Make It Right,E,1,13,,01/11/2024,The Fillmore,Charlotte,NC,USA,https://allthings.umphreys.com/setlists/umphreys-mcgee-january-11-2024-the-fillmore-charlotte-nc-usa.html
Cut the Cable,1,1,1,,01/12/2024,The Ritz,Raleigh,NC,USA,https://allthings.umphreys.com/setlists/umphreys-mcgee-january-12-2024-the-ritz-raleigh-nc-usa.html
Out Of Order,1,2,2,,01/12/2024,The Ritz,Raleigh,NC,USA,https://allthings.umphreys.com/setlists/umphreys-mcgee-january-12-2024-the-ritz-raleigh-nc-usa.html
FF-,1,3,3,,01/12/2024,The Ritz,Raleigh,NC,USA,https://allthings.umphreys.com/setlists/umphreys-mcgee-january-12-2024-the-ritz-raleigh-nc-usa.html
Walletsworth,1,4,4,,01/12/2024,The Ritz,Raleigh,NC,USA,https://allthings.umphreys.com/setlists/umphreys-mcgee-january-12-2024-the-ritz-raleigh-nc-usa.html
Looks,1,5,5,,01/12/2024,The Ritz,Raleigh,NC,USA,https://allthings.umphreys.com/setlists/umphreys-mcgee-january-12-2024-the-ritz-raleigh-nc-usa.html
Hurt Bird Bath,1,6,6,,01/12/2024,The Ritz,Raleigh,NC,USA,https://allthings.umphreys.com/setlists/umphreys-mcgee-january-12-2024-the-ritz-raleigh-nc-usa.html
Der Bluten Kat,2,1,7,with Abacab (Genesis) tease,01/12/2024,The Ritz,Raleigh,NC,USA,https://allthings.umphreys.com/setlists/umphreys-mcgee-january-12-2024-the-ritz-raleigh-nc-usa.html
It's Not Your Fault,2,2,8,,01/12/2024,The Ritz,Raleigh,NC,USA,https://allthings.umphreys.com/setlists/umphreys-mcgee-january-12-2024-the-ritz-raleigh-nc-usa.html
Prowler,2,3,9,,01/12/2024,The Ritz,Raleigh,NC,USA,https://allthings.umphreys.com/setlists/umphreys-mcgee-january-12-2024-the-ritz-raleigh-nc-usa.html
Bad Friday,2,4,10,,01/12/2024,The Ritz,Raleigh,NC,USA,https://allthings.umphreys.com/setlists/umphreys-mcgee-january-12-2024-the-ritz-raleigh-nc-usa.html
Utopian Fir,2,5,11,with I Can't Drive 55 (Sammy Hagar) jam and quote,01/12/2024,The Ritz,Raleigh,NC,USA,https://allthings.umphreys.com/setlists/umphreys-mcgee-january-12-2024-the-ritz-raleigh-nc-usa.html
Got Your Milk (Right Here),E,1,12,,01/12/2024,The Ritz,Raleigh,NC,USA,https://allthings.umphreys.com/setlists/umphreys-mcgee-january-12-2024-the-ritz-raleigh-nc-usa.html
Red,E,2,13,,01/12/2024,The Ritz,Raleigh,NC,USA,https://allthings.umphreys.com/setlists/umphreys-mcgee-january-12-2024-the-ritz-raleigh-nc-usa.html
Higgins,1,1,1,,01/13/2024,The NorVa,Norfolk,VA,USA,https://allthings.umphreys.com/setlists/umphreys-mcgee-january-13-2024-the-norva-norfolk-va-usa.html
Pure Saturation,1,2,2,,01/13/2024,The NorVa,Norfolk,VA,USA,https://allthings.umphreys.com/setlists/umphreys-mcgee-january-13-2024-the-norva-norfolk-va-usa.html
Always October,1,3,3,,01/13/2024,The NorVa,Norfolk,VA,USA,https://allthings.umphreys.com/setlists/umphreys-mcgee-january-13-2024-the-norva-norfolk-va-usa.html
Domino Theory,1,4,4,,01/13/2024,The NorVa,Norfolk,VA,USA,https://allthings.umphreys.com/setlists/umphreys-mcgee-january-13-2024-the-norva-norfolk-va-usa.html
Intentions Clear,1,5,5,,01/13/2024,The NorVa,Norfolk,VA,USA,https://allthings.umphreys.com/setlists/umphreys-mcgee-january-13-2024-the-norva-norfolk-va-usa.html
Remind Me,1,6,6,,01/13/2024,The NorVa,Norfolk,VA,USA,https://allthings.umphreys.com/setlists/umphreys-mcgee-january-13-2024-the-norva-norfolk-va-usa.html
The Fussy Dutchman,2,1,7,,01/13/2024,The NorVa,Norfolk,VA,USA,https://allthings.umphreys.com/setlists/umphreys-mcgee-january-13-2024-the-norva-norfolk-va-usa.html
Ocean Billy,2,2,8,,01/13/2024,The NorVa,Norfolk,VA,USA,https://allthings.umphreys.com/setlists/umphreys-mcgee-january-13-2024-the-norva-norfolk-va-usa.html
Crucial Taunt,2,3,9,unfinished,01/13/2024,The NorVa,Norfolk,VA,USA,https://allthings.umphreys.com/setlists/umphreys-mcgee-january-13-2024-the-norva-norfolk-va-usa.html
The Triple Wide,2,4,10,,01/13/2024,The NorVa,Norfolk,VA,USA,https://allthings.umphreys.com/setlists/umphreys-mcgee-january-13-2024-the-norva-norfolk-va-usa.html
Pay the Snucka,2,5,11,with Eruption (Van Halen) tease,01/13/2024,The NorVa,Norfolk,VA,USA,https://allthings.umphreys.com/setlists/umphreys-mcgee-january-13-2024-the-norva-norfolk-va-usa.html
Much Obliged,2,6,12,,01/13/2024,The NorVa,Norfolk,VA,USA,https://allthings.umphreys.com/setlists/umphreys-mcgee-january-13-2024-the-norva-norfolk-va-usa.html
Educated Guess,2,7,13,,01/13/2024,The NorVa,Norfolk,VA,USA,https://allthings.umphreys.com/setlists/umphreys-mcgee-january-13-2024-the-norva-norfolk-va-usa.html
Speak Up,E,1,14,,01/13/2024,The NorVa,Norfolk,VA,USA,https://allthings.umphreys.com/setlists/umphreys-mcgee-january-13-2024-the-norva-norfolk-va-usa.html
Bathing Digits,1,1,1,,01/14/2024,The National,Richmond,VA,USA,https://allthings.umphreys.com/setlists/umphreys-mcgee-january-14-2024-the-national-richmond-va-usa.html
Plunger,1,2,2,with Web Tangle teases,01/14/2024,The National,Richmond,VA,USA,https://allthings.umphreys.com/setlists/umphreys-mcgee-january-14-2024-the-national-richmond-va-usa.html
Mad Love,1,3,3,,01/14/2024,The National,Richmond,VA,USA,https://allthings.umphreys.com/setlists/umphreys-mcgee-january-14-2024-the-national-richmond-va-usa.html
Uncle Wally,1,4,4,,01/14/2024,The National,Richmond,VA,USA,https://allthings.umphreys.com/setlists/umphreys-mcgee-january-14-2024-the-national-richmond-va-usa.html
Kabump,1,5,5,,01/14/2024,The National,Richmond,VA,USA,https://allthings.umphreys.com/setlists/umphreys-mcgee-january-14-2024-the-national-richmond-va-usa.html
Hiccup,1,6,6,,01/14/2024,The National,Richmond,VA,USA,https://allthings.umphreys.com/setlists/umphreys-mcgee-january-14-2024-the-national-richmond-va-usa.html
The Crooked One,1,7,7,,01/14/2024,The National,Richmond,VA,USA,https://allthings.umphreys.com/setlists/umphreys-mcgee-january-14-2024-the-national-richmond-va-usa.html
Small Strides,1,8,8,,01/14/2024,The National,Richmond,VA,USA,https://allthings.umphreys.com/setlists/umphreys-mcgee-january-14-2024-the-national-richmond-va-usa.html
Maybe Someday,2,1,9,,01/14/2024,The National,Richmond,VA,USA,https://allthings.umphreys.com/setlists/umphreys-mcgee-january-14-2024-the-national-richmond-va-usa.html
Attachments,2,2,10,,01/14/2024,The National,Richmond,VA,USA,https://allthings.umphreys.com/setlists/umphreys-mcgee-january-14-2024-the-national-richmond-va-usa.html
Hajimemashite,2,3,11,,01/14/2024,The National,Richmond,VA,USA,https://allthings.umphreys.com/setlists/umphreys-mcgee-january-14-2024-the-national-richmond-va-usa.html
Staircase,2,4,12,,01/14/2024,The National,Richmond,VA,USA,https://allthings.umphreys.com/setlists/umphreys-mcgee-january-14-2024-the-national-richmond-va-usa.html
Day Nurse,2,5,13,with Workin' Day and Night (Michael Jackson) tease,01/14/2024,The National,Richmond,VA,USA,https://allthings.umphreys.com/setlists/umphreys-mcgee-january-14-2024-the-national-richmond-va-usa.html
Hey Nineteen,2,6,14,,01/14/2024,The National,Richmond,VA,USA,https://allthings.umphreys.com/setlists/umphreys-mcgee-january-14-2024-the-national-richmond-va-usa.html
Mulche's Odyssey,2,7,15,,01/14/2024,The National,Richmond,VA,USA,https://allthings.umphreys.com/setlists/umphreys-mcgee-january-14-2024-the-national-richmond-va-usa.html
Slacker,E,1,16,,01/14/2024,The National,Richmond,VA,USA,https://allthings.umphreys.com/setlists/umphreys-mcgee-january-14-2024-the-national-richmond-va-usa.html
Conduit,1,1,1,,01/18/2024,Starland Ballroom,Sayreville,NJ,USA,https://allthings.umphreys.com/setlists/umphreys-mcgee-january-18-2024-starland-ballroom-sayreville-nj-usa.html
Partyin' Peeps,1,2,2,,01/18/2024,Starland Ballroom,Sayreville,NJ,USA,https://allthings.umphreys.com/setlists/umphreys-mcgee-january-18-2024-starland-ballroom-sayreville-nj-usa.html
Tribute to the Spinal Shaft,1,3,3,,01/18/2024,Starland Ballroom,Sayreville,NJ,USA,https://allthings.umphreys.com/setlists/umphreys-mcgee-january-18-2024-starland-ballroom-sayreville-nj-usa.html
Turn & Run,1,4,4,,01/18/2024,Starland Ballroom,Sayreville,NJ,USA,https://allthings.umphreys.com/setlists/umphreys-mcgee-january-18-2024-starland-ballroom-sayreville-nj-usa.html
All In Time,1,5,5,,01/18/2024,Starland Ballroom,Sayreville,NJ,USA,https://allthings.umphreys.com/setlists/umphreys-mcgee-january-18-2024-starland-ballroom-sayreville-nj-usa.html
New Wings,1,6,6,,01/18/2024,Starland Ballroom,Sayreville,NJ,USA,https://allthings.umphreys.com/setlists/umphreys-mcgee-january-18-2024-starland-ballroom-sayreville-nj-usa.html
Robot World,1,7,7,,01/18/2024,Starland Ballroom,Sayreville,NJ,USA,https://allthings.umphreys.com/setlists/umphreys-mcgee-january-18-2024-starland-ballroom-sayreville-nj-usa.html
All In Time,1,8,8,,01/18/2024,Starland Ballroom,Sayreville,NJ,USA,https://allthings.umphreys.com/setlists/umphreys-mcgee-january-18-2024-starland-ballroom-sayreville-nj-usa.html
Miss Tinkle's Overture,2,1,9,,01/18/2024,Starland Ballroom,Sayreville,NJ,USA,https://allthings.umphreys.com/setlists/umphreys-mcgee-january-18-2024-starland-ballroom-sayreville-nj-usa.html
In The Kitchen,2,2,10,,01/18/2024,Starland Ballroom,Sayreville,NJ,USA,https://allthings.umphreys.com/setlists/umphreys-mcgee-january-18-2024-starland-ballroom-sayreville-nj-usa.html
Hindsight,2,3,11,,01/18/2024,Starland Ballroom,Sayreville,NJ,USA,https://allthings.umphreys.com/setlists/umphreys-mcgee-january-18-2024-starland-ballroom-sayreville-nj-usa.html
It Doesn't Matter,2,4,12,,01/18/2024,Starland Ballroom,Sayreville,NJ,USA,https://allthings.umphreys.com/setlists/umphreys-mcgee-january-18-2024-starland-ballroom-sayreville-nj-usa.html
In The Kitchen,2,5,13,,01/18/2024,Starland Ballroom,Sayreville,NJ,USA,https://allthings.umphreys.com/setlists/umphreys-mcgee-january-18-2024-starland-ballroom-sayreville-nj-usa.html
Resolution,2,6,14,with Norwegian Wood (The Beatles) jam,01/18/2024,Starland Ballroom,Sayreville,NJ,USA,https://allthings.umphreys.com/setlists/umphreys-mcgee-january-18-2024-starland-ballroom-sayreville-nj-usa.html
2x2,2,7,15,,01/18/2024,Starland Ballroom,Sayreville,NJ,USA,https://allthings.umphreys.com/setlists/umphreys-mcgee-january-18-2024-starland-ballroom-sayreville-nj-usa.html
Roctopus,E,1,16,,01/18/2024,Starland Ballroom,Sayreville,NJ,USA,https://allthings.umphreys.com/setlists/umphreys-mcgee-january-18-2024-starland-ballroom-sayreville-nj-usa.html
There's No Crying In Mexico,1,1,1,,01/19/2024,Brooklyn Steel,Brooklyn,NY,USA,https://allthings.umphreys.com/setlists/umphreys-mcgee-january-19-2024-brooklyn-steel-brooklyn-ny-usa.html
40's Theme,1,2,2,,01/19/2024,Brooklyn Steel,Brooklyn,NY,USA,https://allthings.umphreys.com/setlists/umphreys-mcgee-january-19-2024-brooklyn-steel-brooklyn-ny-usa.html
Half Delayed,1,3,3,,01/19/2024,Brooklyn Steel,Brooklyn,NY,USA,https://allthings.umphreys.com/setlists/umphreys-mcgee-january-19-2024-brooklyn-steel-brooklyn-ny-usa.html
1348,1,4,4,,01/19/2024,Brooklyn Steel,Brooklyn,NY,USA,https://allthings.umphreys.com/setlists/umphreys-mcgee-january-19-2024-brooklyn-steel-brooklyn-ny-usa.html
Hourglass,1,5,5,,01/19/2024,Brooklyn Steel,Brooklyn,NY,USA,https://allthings.umphreys.com/setlists/umphreys-mcgee-january-19-2024-brooklyn-steel-brooklyn-ny-usa.html
Get In The Van,1,6,6,,01/19/2024,Brooklyn Steel,Brooklyn,NY,USA,https://allthings.umphreys.com/setlists/umphreys-mcgee-january-19-2024-brooklyn-steel-brooklyn-ny-usa.html
Sociable Jimmy,1,7,7,,01/19/2024,Brooklyn Steel,Brooklyn,NY,USA,https://allthings.umphreys.com/setlists/umphreys-mcgee-january-19-2024-brooklyn-steel-brooklyn-ny-usa.html
Seasons,1,8,8,,01/19/2024,Brooklyn Steel,Brooklyn,NY,USA,https://allthings.umphreys.com/setlists/umphreys-mcgee-january-19-2024-brooklyn-steel-brooklyn-ny-usa.html
1348,1,9,9,,01/19/2024,Brooklyn Steel,Brooklyn,NY,USA,https://allthings.umphreys.com/setlists/umphreys-mcgee-january-19-2024-brooklyn-steel-brooklyn-ny-usa.html
Tribulations,2,1,10,,01/19/2024,Brooklyn Steel,Brooklyn,NY,USA,https://allthings.umphreys.com/setlists/umphreys-mcgee-january-19-2024-brooklyn-steel-brooklyn-ny-usa.html
Nothing Too Fancy,2,2,11,,01/19/2024,Brooklyn Steel,Brooklyn,NY,USA,https://allthings.umphreys.com/setlists/umphreys-mcgee-january-19-2024-brooklyn-steel-brooklyn-ny-usa.html
Cemetery Walk,2,3,12,,01/19/2024,Brooklyn Steel,Brooklyn,NY,USA,https://allthings.umphreys.com/setlists/umphreys-mcgee-january-19-2024-brooklyn-steel-brooklyn-ny-usa.html
Cemetery Walk II,2,4,13,,01/19/2024,Brooklyn Steel,Brooklyn,NY,USA,https://allthings.umphreys.com/setlists/umphreys-mcgee-january-19-2024-brooklyn-steel-brooklyn-ny-usa.html
Rocker Part 2,2,5,14,,01/19/2024,Brooklyn Steel,Brooklyn,NY,USA,https://allthings.umphreys.com/setlists/umphreys-mcgee-january-19-2024-brooklyn-steel-brooklyn-ny-usa.html
Ringo,2,6,15,,01/19/2024,Brooklyn Steel,Brooklyn,NY,USA,https://allthings.umphreys.com/setlists/umphreys-mcgee-january-19-2024-brooklyn-steel-brooklyn-ny-usa.html
Kielbasa-,2,7,16,,01/19/2024,Brooklyn Steel,Brooklyn,NY,USA,https://allthings.umphreys.com/setlists/umphreys-mcgee-january-19-2024-brooklyn-steel-brooklyn-ny-usa.html
Ringo,2,8,17,with Kielbasa (Tenacious D) tease,01/19/2024,Brooklyn Steel,Brooklyn,NY,USA,https://allthings.umphreys.com/setlists/umphreys-mcgee-january-19-2024-brooklyn-steel-brooklyn-ny-usa.html
The Weight Around,E,1,18,,01/19/2024,Brooklyn Steel,Brooklyn,NY,USA,https://allthings.umphreys.com/setlists/umphreys-mcgee-january-19-2024-brooklyn-steel-brooklyn-ny-usa.html
Nothing Too Fancy,E,2,19,,01/19/2024,Brooklyn Steel,Brooklyn,NY,USA,https://allthings.umphreys.com/setlists/umphreys-mcgee-january-19-2024-brooklyn-steel-brooklyn-ny-usa.html
Hurt Bird Bath,1,1,1,,01/20/2024,Brooklyn Steel,Brooklyn,NY,USA,https://allthings.umphreys.com/setlists/umphreys-mcgee-january-20-2024-brooklyn-steel-brooklyn-ny-usa.html
Deeper,1,2,2,,01/20/2024,Brooklyn Steel,Brooklyn,NY,USA,https://allthings.umphreys.com/setlists/umphreys-mcgee-january-20-2024-brooklyn-steel-brooklyn-ny-usa.html
End of the Road,1,3,3,,01/20/2024,Brooklyn Steel,Brooklyn,NY,USA,https://allthings.umphreys.com/setlists/umphreys-mcgee-january-20-2024-brooklyn-steel-brooklyn-ny-usa.html
Andy's Last Beer,1,4,4,,01/20/2024,Brooklyn Steel,Brooklyn,NY,USA,https://allthings.umphreys.com/setlists/umphreys-mcgee-january-20-2024-brooklyn-steel-brooklyn-ny-usa.html
Mail Package,1,5,5,,01/20/2024,Brooklyn Steel,Brooklyn,NY,USA,https://allthings.umphreys.com/setlists/umphreys-mcgee-january-20-2024-brooklyn-steel-brooklyn-ny-usa.html
You Got the Wrong Guy,1,1,1,,01/20/2024,Brooklyn Steel,Brooklyn,NY,USA,https://allthings.umphreys.com/setlists/umphreys-mcgee-january-20-2024-brooklyn-steel-brooklyn-ny-usa-2.html
Pure Saturation-,1,2,2,,01/20/2024,Brooklyn Steel,Brooklyn,NY,USA,https://allthings.umphreys.com/setlists/umphreys-mcgee-january-20-2024-brooklyn-steel-brooklyn-ny-usa-2.html
The Floor,1,3,3,,01/20/2024,Brooklyn Steel,Brooklyn,NY,USA,https://allthings.umphreys.com/setlists/umphreys-mcgee-january-20-2024-brooklyn-steel-brooklyn-ny-usa-2.html
Red Tape,1,4,4,,01/20/2024,Brooklyn Steel,Brooklyn,NY,USA,https://allthings.umphreys.com/setlists/umphreys-mcgee-january-20-2024-brooklyn-steel-brooklyn-ny-usa-2.html
Night Nurse,1,5,5,,01/20/2024,Brooklyn Steel,Brooklyn,NY,USA,https://allthings.umphreys.com/setlists/umphreys-mcgee-january-20-2024-brooklyn-steel-brooklyn-ny-usa-2.html
Bridgeless,1,6,6,,01/20/2024,Brooklyn Steel,Brooklyn,NY,USA,https://allthings.umphreys.com/setlists/umphreys-mcgee-january-20-2024-brooklyn-steel-brooklyn-ny-usa-2.html
Glory,1,7,7,,01/20/2024,Brooklyn Steel,Brooklyn,NY,USA,https://allthings.umphreys.com/setlists/umphreys-mcgee-january-20-2024-brooklyn-steel-brooklyn-ny-usa-2.html
Let's Dance,1,8,8,,01/20/2024,Brooklyn Steel,Brooklyn,NY,USA,https://allthings.umphreys.com/setlists/umphreys-mcgee-january-20-2024-brooklyn-steel-brooklyn-ny-usa-2.html
Escape Goat,2,1,9,,01/20/2024,Brooklyn Steel,Brooklyn,NY,USA,https://allthings.umphreys.com/setlists/umphreys-mcgee-january-20-2024-brooklyn-steel-brooklyn-ny-usa-2.html
Out of Focus,2,2,10,,01/20/2024,Brooklyn Steel,Brooklyn,NY,USA,https://allthings.umphreys.com/setlists/umphreys-mcgee-january-20-2024-brooklyn-steel-brooklyn-ny-usa-2.html
Staircase,2,3,11,,01/20/2024,Brooklyn Steel,Brooklyn,NY,USA,https://allthings.umphreys.com/setlists/umphreys-mcgee-january-20-2024-brooklyn-steel-brooklyn-ny-usa-2.html
The Silent Type,2,4,12,,01/20/2024,Brooklyn Steel,Brooklyn,NY,USA,https://allthings.umphreys.com/setlists/umphreys-mcgee-january-20-2024-brooklyn-steel-brooklyn-ny-usa-2.html
Push the Pig,2,5,13,with Jake on keys; with Get Ur Freak On (Miss Elliott) teases,01/20/2024,Brooklyn Steel,Brooklyn,NY,USA,https://allthings.umphreys.com/setlists/umphreys-mcgee-january-20-2024-brooklyn-steel-brooklyn-ny-usa-2.html
Puppet String,2,6,14,,01/20/2024,Brooklyn Steel,Brooklyn,NY,USA,https://allthings.umphreys.com/setlists/umphreys-mcgee-january-20-2024-brooklyn-steel-brooklyn-ny-usa-2.html
The Linear,E,1,15,with Sailing (Christopher Cross) quotes,01/20/2024,Brooklyn Steel,Brooklyn,NY,USA,https://allthings.umphreys.com/setlists/umphreys-mcgee-january-20-2024-brooklyn-steel-brooklyn-ny-usa-2.html
Bridgeless,E,2,16,,01/20/2024,Brooklyn Steel,Brooklyn,NY,USA,https://allthings.umphreys.com/setlists/umphreys-mcgee-january-20-2024-brooklyn-steel-brooklyn-ny-usa-2.html
Nipple Trix,1,1,1,,01/21/2024,Brooklyn Bowl,Brooklyn,NY,USA,https://allthings.umphreys.com/setlists/umphreys-mcgee-january-21-2024-brooklyn-bowl-brooklyn-ny-usa.html
Phil's Farm,1,2,2,,01/21/2024,Brooklyn Bowl,Brooklyn,NY,USA,https://allthings.umphreys.com/setlists/umphreys-mcgee-january-21-2024-brooklyn-bowl-brooklyn-ny-usa.html
Example 1,1,3,3,with A Go Go (Scofield) teases,01/21/2024,Brooklyn Bowl,Brooklyn,NY,USA,https://allthings.umphreys.com/setlists/umphreys-mcgee-january-21-2024-brooklyn-bowl-brooklyn-ny-usa.html
Little Gift,1,4,4,,01/21/2024,Brooklyn Bowl,Brooklyn,NY,USA,https://allthings.umphreys.com/setlists/umphreys-mcgee-january-21-2024-brooklyn-bowl-brooklyn-ny-usa.html
Upward,1,5,5,,01/21/2024,Brooklyn Bowl,Brooklyn,NY,USA,https://allthings.umphreys.com/setlists/umphreys-mcgee-january-21-2024-brooklyn-bowl-brooklyn-ny-usa.html
Hiccup,1,6,6,,01/21/2024,Brooklyn Bowl,Brooklyn,NY,USA,https://allthings.umphreys.com/setlists/umphreys-mcgee-january-21-2024-brooklyn-bowl-brooklyn-ny-usa.html
Kimble-,1,7,7,,01/21/2024,Brooklyn Bowl,Brooklyn,NY,USA,https://allthings.umphreys.com/setlists/umphreys-mcgee-january-21-2024-brooklyn-bowl-brooklyn-ny-usa.html
I Don't Know What I Want,1,8,8,with It Doesn't Matter teases,01/21/2024,Brooklyn Bowl,Brooklyn,NY,USA,https://allthings.umphreys.com/setlists/umphreys-mcgee-january-21-2024-brooklyn-bowl-brooklyn-ny-usa.html
Wappy Sprayberry,2,1,9,,01/21/2024,Brooklyn Bowl,Brooklyn,NY,USA,https://allthings.umphreys.com/setlists/umphreys-mcgee-january-21-2024-brooklyn-bowl-brooklyn-ny-usa.html
Crucial Taunt,2,2,10,,01/21/2024,Brooklyn Bowl,Brooklyn,NY,USA,https://allthings.umphreys.com/setlists/umphreys-mcgee-january-21-2024-brooklyn-bowl-brooklyn-ny-usa.html
Fenced In,2,3,11,,01/21/2024,Brooklyn Bowl,Brooklyn,NY,USA,https://allthings.umphreys.com/setlists/umphreys-mcgee-january-21-2024-brooklyn-bowl-brooklyn-ny-usa.html
Small Strides,2,4,12,,01/21/2024,Brooklyn Bowl,Brooklyn,NY,USA,https://allthings.umphreys.com/setlists/umphreys-mcgee-january-21-2024-brooklyn-bowl-brooklyn-ny-usa.html
August,2,5,13,,01/21/2024,Brooklyn Bowl,Brooklyn,NY,USA,https://allthings.umphreys.com/setlists/umphreys-mcgee-january-21-2024-brooklyn-bowl-brooklyn-ny-usa.html
The Best,2,6,14,"debut, Bonnie Tyler (Tina Turner arrangement); with Kanika Moore on vocals",01/21/2024,Brooklyn Bowl,Brooklyn,NY,USA,https://allthings.umphreys.com/setlists/umphreys-mcgee-january-21-2024-brooklyn-bowl-brooklyn-ny-usa.html
Hangover-,2,7,15,,01/21/2024,Brooklyn Bowl,Brooklyn,NY,USA,https://allthings.umphreys.com/setlists/umphreys-mcgee-january-21-2024-brooklyn-bowl-brooklyn-ny-usa.html
Kula,2,8,16,,01/21/2024,Brooklyn Bowl,Brooklyn,NY,USA,https://allthings.umphreys.com/setlists/umphreys-mcgee-january-21-2024-brooklyn-bowl-brooklyn-ny-usa.html
The Triple Wide,E,1,17,with Binary Sunset (Williams) and Stairway to Heaven (Led Zeppelin) teases,01/21/2024,Brooklyn Bowl,Brooklyn,NY,USA,https://allthings.umphreys.com/setlists/umphreys-mcgee-january-21-2024-brooklyn-bowl-brooklyn-ny-usa.html
Prowler,1,1,1,,01/31/2024,House of Blues,Cleveland,OH,USA,https://allthings.umphreys.com/setlists/umphreys-mcgee-january-31-2024-house-of-blues-cleveland-oh-usa.html
Water,1,2,2,,01/31/2024,House of Blues,Cleveland,OH,USA,https://allthings.umphreys.com/setlists/umphreys-mcgee-january-31-2024-house-of-blues-cleveland-oh-usa.html
No Comment,1,3,3,,01/31/2024,House of Blues,Cleveland,OH,USA,https://allthings.umphreys.com/setlists/umphreys-mcgee-january-31-2024-house-of-blues-cleveland-oh-usa.html
White Man's Moccasins,1,4,4,,01/31/2024,House of Blues,Cleveland,OH,USA,https://allthings.umphreys.com/setlists/umphreys-mcgee-january-31-2024-house-of-blues-cleveland-oh-usa.html
Out Of Order,1,5,5,,01/31/2024,House of Blues,Cleveland,OH,USA,https://allthings.umphreys.com/setlists/umphreys-mcgee-january-31-2024-house-of-blues-cleveland-oh-usa.html
Anchor Drops,1,6,6,,01/31/2024,House of Blues,Cleveland,OH,USA,https://allthings.umphreys.com/setlists/umphreys-mcgee-january-31-2024-house-of-blues-cleveland-oh-usa.html
Remind Me,1,7,7,,01/31/2024,House of Blues,Cleveland,OH,USA,https://allthings.umphreys.com/setlists/umphreys-mcgee-january-31-2024-house-of-blues-cleveland-oh-usa.html
Looks,2,1,8,,01/31/2024,House of Blues,Cleveland,OH,USA,https://allthings.umphreys.com/setlists/umphreys-mcgee-january-31-2024-house-of-blues-cleveland-oh-usa.html
Similar Skin,2,2,9,,01/31/2024,House of Blues,Cleveland,OH,USA,https://allthings.umphreys.com/setlists/umphreys-mcgee-january-31-2024-house-of-blues-cleveland-oh-usa.html
Padgett's Profile,2,3,10,,01/31/2024,House of Blues,Cleveland,OH,USA,https://allthings.umphreys.com/setlists/umphreys-mcgee-january-31-2024-house-of-blues-cleveland-oh-usa.html
New Wings,2,4,11,,01/31/2024,House of Blues,Cleveland,OH,USA,https://allthings.umphreys.com/setlists/umphreys-mcgee-january-31-2024-house-of-blues-cleveland-oh-usa.html
Resolution,2,5,12,,01/31/2024,House of Blues,Cleveland,OH,USA,https://allthings.umphreys.com/setlists/umphreys-mcgee-january-31-2024-house-of-blues-cleveland-oh-usa.html
Booth Love,2,6,13,,01/31/2024,House of Blues,Cleveland,OH,USA,https://allthings.umphreys.com/setlists/umphreys-mcgee-january-31-2024-house-of-blues-cleveland-oh-usa.html
Educated Guess,E,1,14,,01/31/2024,House of Blues,Cleveland,OH,USA,https://allthings.umphreys.com/setlists/umphreys-mcgee-january-31-2024-house-of-blues-cleveland-oh-usa.html
Partyin' Peeps,E,2,15,,01/31/2024,House of Blues,Cleveland,OH,USA,https://allthings.umphreys.com/setlists/umphreys-mcgee-january-31-2024-house-of-blues-cleveland-oh-usa.html
Bathing Digits,1,1,1,,02/01/2024,Stage AE,Pittsburgh,PA,USA,https://allthings.umphreys.com/setlists/umphreys-mcgee-february-1-2024-stage-ae-pittsburgh-pa-usa.html
Rocker Part 2,1,2,2,,02/01/2024,Stage AE,Pittsburgh,PA,USA,https://allthings.umphreys.com/setlists/umphreys-mcgee-february-1-2024-stage-ae-pittsburgh-pa-usa.html
40's Theme,1,3,3,,02/01/2024,Stage AE,Pittsburgh,PA,USA,https://allthings.umphreys.com/setlists/umphreys-mcgee-february-1-2024-stage-ae-pittsburgh-pa-usa.html
13 Days,1,4,4,,02/01/2024,Stage AE,Pittsburgh,PA,USA,https://allthings.umphreys.com/setlists/umphreys-mcgee-february-1-2024-stage-ae-pittsburgh-pa-usa.html
Cemetery Walk II,1,5,5,,02/01/2024,Stage AE,Pittsburgh,PA,USA,https://allthings.umphreys.com/setlists/umphreys-mcgee-february-1-2024-stage-ae-pittsburgh-pa-usa.html
Half Delayed,1,6,6,,02/01/2024,Stage AE,Pittsburgh,PA,USA,https://allthings.umphreys.com/setlists/umphreys-mcgee-february-1-2024-stage-ae-pittsburgh-pa-usa.html
2nd Self,1,7,7,,02/01/2024,Stage AE,Pittsburgh,PA,USA,https://allthings.umphreys.com/setlists/umphreys-mcgee-february-1-2024-stage-ae-pittsburgh-pa-usa.html
1348,1,8,8,with Dr. Feelgood (Mötley Crüe) jam and quotes,02/01/2024,Stage AE,Pittsburgh,PA,USA,https://allthings.umphreys.com/setlists/umphreys-mcgee-february-1-2024-stage-ae-pittsburgh-pa-usa.html
Soul Food I,1,9,9,,02/01/2024,Stage AE,Pittsburgh,PA,USA,https://allthings.umphreys.com/setlists/umphreys-mcgee-february-1-2024-stage-ae-pittsburgh-pa-usa.html
Soul Food II,1,10,10,,02/01/2024,Stage AE,Pittsburgh,PA,USA,https://allthings.umphreys.com/setlists/umphreys-mcgee-february-1-2024-stage-ae-pittsburgh-pa-usa.html
1348,1,11,11,,02/01/2024,Stage AE,Pittsburgh,PA,USA,https://allthings.umphreys.com/setlists/umphreys-mcgee-february-1-2024-stage-ae-pittsburgh-pa-usa.html
Pure Saturation,2,1,12,,02/01/2024,Stage AE,Pittsburgh,PA,USA,https://allthings.umphreys.com/setlists/umphreys-mcgee-february-1-2024-stage-ae-pittsburgh-pa-usa.html
Draconian,2,2,13,with You Keep Me Hangin' On (Holland-Dozier-Holland/The Supremes) jam,02/01/2024,Stage AE,Pittsburgh,PA,USA,https://allthings.umphreys.com/setlists/umphreys-mcgee-february-1-2024-stage-ae-pittsburgh-pa-usa.html
Small Strides,2,3,14,,02/01/2024,Stage AE,Pittsburgh,PA,USA,https://allthings.umphreys.com/setlists/umphreys-mcgee-february-1-2024-stage-ae-pittsburgh-pa-usa.html
Make It Right,2,4,15,,02/01/2024,Stage AE,Pittsburgh,PA,USA,https://allthings.umphreys.com/setlists/umphreys-mcgee-february-1-2024-stage-ae-pittsburgh-pa-usa.html
I Don't Know What I Want,2,5,16,,02/01/2024,Stage AE,Pittsburgh,PA,USA,https://allthings.umphreys.com/setlists/umphreys-mcgee-february-1-2024-stage-ae-pittsburgh-pa-usa.html
Ringo,2,6,17,,02/01/2024,Stage AE,Pittsburgh,PA,USA,https://allthings.umphreys.com/setlists/umphreys-mcgee-february-1-2024-stage-ae-pittsburgh-pa-usa.html
You & You Alone,E,1,18,,02/01/2024,Stage AE,Pittsburgh,PA,USA,https://allthings.umphreys.com/setlists/umphreys-mcgee-february-1-2024-stage-ae-pittsburgh-pa-usa.html
Miss Tinkle's Overture,E,2,19,,02/01/2024,Stage AE,Pittsburgh,PA,USA,https://allthings.umphreys.com/setlists/umphreys-mcgee-february-1-2024-stage-ae-pittsburgh-pa-usa.html
Catshot,1,1,1,,02/02/2024,KEMBA Live!,Columbus,OH,USA,https://allthings.umphreys.com/setlists/umphreys-mcgee-february-2-2024-kemba-live-columbus-oh-usa.html
Den,1,2,2,,02/02/2024,KEMBA Live!,Columbus,OH,USA,https://allthings.umphreys.com/setlists/umphreys-mcgee-february-2-2024-kemba-live-columbus-oh-usa.html
It's Not Your Fault,1,3,3,,02/02/2024,KEMBA Live!,Columbus,OH,USA,https://allthings.umphreys.com/setlists/umphreys-mcgee-february-2-2024-kemba-live-columbus-oh-usa.html
Conduit,1,4,4,,02/02/2024,KEMBA Live!,Columbus,OH,USA,https://allthings.umphreys.com/setlists/umphreys-mcgee-february-2-2024-kemba-live-columbus-oh-usa.html
#5,1,5,5,,02/02/2024,KEMBA Live!,Columbus,OH,USA,https://allthings.umphreys.com/setlists/umphreys-mcgee-february-2-2024-kemba-live-columbus-oh-usa.html
Wellwishers,1,6,6,,02/02/2024,KEMBA Live!,Columbus,OH,USA,https://allthings.umphreys.com/setlists/umphreys-mcgee-february-2-2024-kemba-live-columbus-oh-usa.html
Miami Virtue,1,7,7,,02/02/2024,KEMBA Live!,Columbus,OH,USA,https://allthings.umphreys.com/setlists/umphreys-mcgee-february-2-2024-kemba-live-columbus-oh-usa.html
Mulche's Odyssey,1,8,8,,02/02/2024,KEMBA Live!,Columbus,OH,USA,https://allthings.umphreys.com/setlists/umphreys-mcgee-february-2-2024-kemba-live-columbus-oh-usa.html
Hurt Bird Bath,2,1,9,,02/02/2024,KEMBA Live!,Columbus,OH,USA,https://allthings.umphreys.com/setlists/umphreys-mcgee-february-2-2024-kemba-live-columbus-oh-usa.html
Higgins,2,2,10,,02/02/2024,KEMBA Live!,Columbus,OH,USA,https://allthings.umphreys.com/setlists/umphreys-mcgee-february-2-2024-kemba-live-columbus-oh-usa.html
Walletsworth,2,3,11,,02/02/2024,KEMBA Live!,Columbus,OH,USA,https://allthings.umphreys.com/setlists/umphreys-mcgee-february-2-2024-kemba-live-columbus-oh-usa.html
Professor Wormbog,2,4,12,,02/02/2024,KEMBA Live!,Columbus,OH,USA,https://allthings.umphreys.com/setlists/umphreys-mcgee-february-2-2024-kemba-live-columbus-oh-usa.html
Intentions Clear,2,5,13,,02/02/2024,KEMBA Live!,Columbus,OH,USA,https://allthings.umphreys.com/setlists/umphreys-mcgee-february-2-2024-kemba-live-columbus-oh-usa.html
Flying,2,6,14,,02/02/2024,KEMBA Live!,Columbus,OH,USA,https://allthings.umphreys.com/setlists/umphreys-mcgee-february-2-2024-kemba-live-columbus-oh-usa.html
Slacker,2,7,15,,02/02/2024,KEMBA Live!,Columbus,OH,USA,https://allthings.umphreys.com/setlists/umphreys-mcgee-february-2-2024-kemba-live-columbus-oh-usa.html
Cut the Cable,E,1,16,,02/02/2024,KEMBA Live!,Columbus,OH,USA,https://allthings.umphreys.com/setlists/umphreys-mcgee-february-2-2024-kemba-live-columbus-oh-usa.html
Smell the Mitten,1,1,1,with The Jetsons theme (Curtin) tease,02/03/2024,The Fillmore,Detroit,MI,USA,https://allthings.umphreys.com/setlists/umphreys-mcgee-february-3-2024-the-fillmore-detroit-mi-usa.html
Seasons,1,2,2,,02/03/2024,The Fillmore,Detroit,MI,USA,https://allthings.umphreys.com/setlists/umphreys-mcgee-february-3-2024-the-fillmore-detroit-mi-usa.html
In The Kitchen,1,3,3,unfinished,02/03/2024,The Fillmore,Detroit,MI,USA,https://allthings.umphreys.com/setlists/umphreys-mcgee-february-3-2024-the-fillmore-detroit-mi-usa.html
Seasons,1,4,4,,02/03/2024,The Fillmore,Detroit,MI,USA,https://allthings.umphreys.com/setlists/umphreys-mcgee-february-3-2024-the-fillmore-detroit-mi-usa.html
Mantis,1,5,5,,02/03/2024,The Fillmore,Detroit,MI,USA,https://allthings.umphreys.com/setlists/umphreys-mcgee-february-3-2024-the-fillmore-detroit-mi-usa.html
Tribute to the Spinal Shaft,1,6,6,,02/03/2024,The Fillmore,Detroit,MI,USA,https://allthings.umphreys.com/setlists/umphreys-mcgee-february-3-2024-the-fillmore-detroit-mi-usa.html
Morning Song,1,7,7,,02/03/2024,The Fillmore,Detroit,MI,USA,https://allthings.umphreys.com/setlists/umphreys-mcgee-february-3-2024-the-fillmore-detroit-mi-usa.html
Nothing Too Fancy,2,1,8,,02/03/2024,The Fillmore,Detroit,MI,USA,https://allthings.umphreys.com/setlists/umphreys-mcgee-february-3-2024-the-fillmore-detroit-mi-usa.html
Bridgeless,2,2,9,,02/03/2024,The Fillmore,Detroit,MI,USA,https://allthings.umphreys.com/setlists/umphreys-mcgee-february-3-2024-the-fillmore-detroit-mi-usa.html
Frankie Zombie,2,3,10,,02/03/2024,The Fillmore,Detroit,MI,USA,https://allthings.umphreys.com/setlists/umphreys-mcgee-february-3-2024-the-fillmore-detroit-mi-usa.html
Wappy Sprayberry,2,4,11,,02/03/2024,The Fillmore,Detroit,MI,USA,https://allthings.umphreys.com/setlists/umphreys-mcgee-february-3-2024-the-fillmore-detroit-mi-usa.html
Bridgeless,2,5,12,,02/03/2024,The Fillmore,Detroit,MI,USA,https://allthings.umphreys.com/setlists/umphreys-mcgee-february-3-2024-the-fillmore-detroit-mi-usa.html
Attachments,2,6,13,,02/03/2024,The Fillmore,Detroit,MI,USA,https://allthings.umphreys.com/setlists/umphreys-mcgee-february-3-2024-the-fillmore-detroit-mi-usa.html
Mail Package,2,7,14,,02/03/2024,The Fillmore,Detroit,MI,USA,https://allthings.umphreys.com/setlists/umphreys-mcgee-february-3-2024-the-fillmore-detroit-mi-usa.html
Pay the Snucka,E,1,15,with Bulls On Parade (Rage Against the Machine) jam and quote,02/03/2024,The Fillmore,Detroit,MI,USA,https://allthings.umphreys.com/setlists/umphreys-mcgee-february-3-2024-the-fillmore-detroit-mi-usa.html
Got Your Milk (Right Here),1,1,1,,02/07/2024,The Bluebird Nightclub,Bloomington,IN,USA,https://allthings.umphreys.com/setlists/umphreys-mcgee-february-7-2024-the-bluebird-nightclub-bloomington-in-usa.html
Phil's Farm,1,2,2,,02/07/2024,The Bluebird Nightclub,Bloomington,IN,USA,https://allthings.umphreys.com/setlists/umphreys-mcgee-february-7-2024-the-bluebird-nightclub-bloomington-in-usa.html
Eat,1,3,3,,02/07/2024,The Bluebird Nightclub,Bloomington,IN,USA,https://allthings.umphreys.com/setlists/umphreys-mcgee-february-7-2024-the-bluebird-nightclub-bloomington-in-usa.html
Syncopated Strangers,1,4,4,,02/07/2024,The Bluebird Nightclub,Bloomington,IN,USA,https://allthings.umphreys.com/setlists/umphreys-mcgee-february-7-2024-the-bluebird-nightclub-bloomington-in-usa.html
Domino Theory,1,5,5,,02/07/2024,The Bluebird Nightclub,Bloomington,IN,USA,https://allthings.umphreys.com/setlists/umphreys-mcgee-february-7-2024-the-bluebird-nightclub-bloomington-in-usa.html
Fenced In,1,6,6,,02/07/2024,The Bluebird Nightclub,Bloomington,IN,USA,https://allthings.umphreys.com/setlists/umphreys-mcgee-february-7-2024-the-bluebird-nightclub-bloomington-in-usa.html
Kabump,1,7,7,,02/07/2024,The Bluebird Nightclub,Bloomington,IN,USA,https://allthings.umphreys.com/setlists/umphreys-mcgee-february-7-2024-the-bluebird-nightclub-bloomington-in-usa.html
Front Porch,1,8,8,,02/07/2024,The Bluebird Nightclub,Bloomington,IN,USA,https://allthings.umphreys.com/setlists/umphreys-mcgee-february-7-2024-the-bluebird-nightclub-bloomington-in-usa.html
Bad Friday,2,1,9,,02/07/2024,The Bluebird Nightclub,Bloomington,IN,USA,https://allthings.umphreys.com/setlists/umphreys-mcgee-february-7-2024-the-bluebird-nightclub-bloomington-in-usa.html
Hiccup,2,2,10,,02/07/2024,The Bluebird Nightclub,Bloomington,IN,USA,https://allthings.umphreys.com/setlists/umphreys-mcgee-february-7-2024-the-bluebird-nightclub-bloomington-in-usa.html
Speak Up,2,3,11,,02/07/2024,The Bluebird Nightclub,Bloomington,IN,USA,https://allthings.umphreys.com/setlists/umphreys-mcgee-february-7-2024-the-bluebird-nightclub-bloomington-in-usa.html
Dump City,2,4,12,,02/07/2024,The Bluebird Nightclub,Bloomington,IN,USA,https://allthings.umphreys.com/setlists/umphreys-mcgee-february-7-2024-the-bluebird-nightclub-bloomington-in-usa.html
Whitehouse Road,2,5,13,,02/07/2024,The Bluebird Nightclub,Bloomington,IN,USA,https://allthings.umphreys.com/setlists/umphreys-mcgee-february-7-2024-the-bluebird-nightclub-bloomington-in-usa.html
Much Obliged,2,6,14,with 99 Luftballons (Nena) teases,02/07/2024,The Bluebird Nightclub,Bloomington,IN,USA,https://allthings.umphreys.com/setlists/umphreys-mcgee-february-7-2024-the-bluebird-nightclub-bloomington-in-usa.html
Q*Bert,2,7,15,with I Can't Go for That (No Can Do) (Hall & Oates) teases,02/07/2024,The Bluebird Nightclub,Bloomington,IN,USA,https://allthings.umphreys.com/setlists/umphreys-mcgee-february-7-2024-the-bluebird-nightclub-bloomington-in-usa.html
It's About That Time,2,8,16,,02/07/2024,The Bluebird Nightclub,Bloomington,IN,USA,https://allthings.umphreys.com/setlists/umphreys-mcgee-february-7-2024-the-bluebird-nightclub-bloomington-in-usa.html
Hangover-,E,1,17,,02/07/2024,The Bluebird Nightclub,Bloomington,IN,USA,https://allthings.umphreys.com/setlists/umphreys-mcgee-february-7-2024-the-bluebird-nightclub-bloomington-in-usa.html
Suxity,E,2,18,,02/07/2024,The Bluebird Nightclub,Bloomington,IN,USA,https://allthings.umphreys.com/setlists/umphreys-mcgee-february-7-2024-the-bluebird-nightclub-bloomington-in-usa.html
Hangover,E,3,19,,02/07/2024,The Bluebird Nightclub,Bloomington,IN,USA,https://allthings.umphreys.com/setlists/umphreys-mcgee-february-7-2024-the-bluebird-nightclub-bloomington-in-usa.html
Maybe Someday,1,1,1,,02/08/2024,The Mill & Mine,Knoxville,TN,USA,https://allthings.umphreys.com/setlists/umphreys-mcgee-february-8-2024-the-mill-amp-mine-knoxville-tn-usa.html
The Linear,1,2,2,,02/08/2024,The Mill & Mine,Knoxville,TN,USA,https://allthings.umphreys.com/setlists/umphreys-mcgee-february-8-2024-the-mill-amp-mine-knoxville-tn-usa.html
Day Nurse,1,3,3,with Workin' Day and Night (Michael Jackson) teases,02/08/2024,The Mill & Mine,Knoxville,TN,USA,https://allthings.umphreys.com/setlists/umphreys-mcgee-february-8-2024-the-mill-amp-mine-knoxville-tn-usa.html
Room to Breathe,1,4,4,,02/08/2024,The Mill & Mine,Knoxville,TN,USA,https://allthings.umphreys.com/setlists/umphreys-mcgee-february-8-2024-the-mill-amp-mine-knoxville-tn-usa.html
Blue Echo,1,5,5,,02/08/2024,The Mill & Mine,Knoxville,TN,USA,https://allthings.umphreys.com/setlists/umphreys-mcgee-february-8-2024-the-mill-amp-mine-knoxville-tn-usa.html
Puppet String,1,6,6,,02/08/2024,The Mill & Mine,Knoxville,TN,USA,https://allthings.umphreys.com/setlists/umphreys-mcgee-february-8-2024-the-mill-amp-mine-knoxville-tn-usa.html
The Silent Type,2,1,7,,02/08/2024,The Mill & Mine,Knoxville,TN,USA,https://allthings.umphreys.com/setlists/umphreys-mcgee-february-8-2024-the-mill-amp-mine-knoxville-tn-usa.html
Der Bluten Kat,2,2,8,,02/08/2024,The Mill & Mine,Knoxville,TN,USA,https://allthings.umphreys.com/setlists/umphreys-mcgee-february-8-2024-the-mill-amp-mine-knoxville-tn-usa.html
Night Nurse,2,3,9,,02/08/2024,The Mill & Mine,Knoxville,TN,USA,https://allthings.umphreys.com/setlists/umphreys-mcgee-february-8-2024-the-mill-amp-mine-knoxville-tn-usa.html
Der Bluten Kat,2,4,10,,02/08/2024,The Mill & Mine,Knoxville,TN,USA,https://allthings.umphreys.com/setlists/umphreys-mcgee-february-8-2024-the-mill-amp-mine-knoxville-tn-usa.html
Kinky Reggae,2,5,11,,02/08/2024,The Mill & Mine,Knoxville,TN,USA,https://allthings.umphreys.com/setlists/umphreys-mcgee-february-8-2024-the-mill-amp-mine-knoxville-tn-usa.html
Turn & Run,2,6,12,,02/08/2024,The Mill & Mine,Knoxville,TN,USA,https://allthings.umphreys.com/setlists/umphreys-mcgee-february-8-2024-the-mill-amp-mine-knoxville-tn-usa.html
Women Wine and Song,2,7,13,with Stranglehold (Ted Nugent) jam,02/08/2024,The Mill & Mine,Knoxville,TN,USA,https://allthings.umphreys.com/setlists/umphreys-mcgee-february-8-2024-the-mill-amp-mine-knoxville-tn-usa.html
The Fussy Dutchman,2,8,14,,02/08/2024,The Mill & Mine,Knoxville,TN,USA,https://allthings.umphreys.com/setlists/umphreys-mcgee-february-8-2024-the-mill-amp-mine-knoxville-tn-usa.html
Mulche's Odyssey,E,1,15,,02/08/2024,The Mill & Mine,Knoxville,TN,USA,https://allthings.umphreys.com/setlists/umphreys-mcgee-february-8-2024-the-mill-amp-mine-knoxville-tn-usa.html
Flamethrower,1,1,1,,02/09/2024,MegaCorp Pavilion,Newport,KY,USA,https://allthings.umphreys.com/setlists/umphreys-mcgee-february-9-2024-megacorp-pavilion-newport-ky-usa.html
All In Time,1,2,2,,02/09/2024,MegaCorp Pavilion,Newport,KY,USA,https://allthings.umphreys.com/setlists/umphreys-mcgee-february-9-2024-megacorp-pavilion-newport-ky-usa.html
Comma Later,1,3,3,,02/09/2024,MegaCorp Pavilion,Newport,KY,USA,https://allthings.umphreys.com/setlists/umphreys-mcgee-february-9-2024-megacorp-pavilion-newport-ky-usa.html
The Crooked One,1,4,4,,02/09/2024,MegaCorp Pavilion,Newport,KY,USA,https://allthings.umphreys.com/setlists/umphreys-mcgee-february-9-2024-megacorp-pavilion-newport-ky-usa.html
Glory,1,5,5,,02/09/2024,MegaCorp Pavilion,Newport,KY,USA,https://allthings.umphreys.com/setlists/umphreys-mcgee-february-9-2024-megacorp-pavilion-newport-ky-usa.html
Whistle Kids-,1,6,6,,02/09/2024,MegaCorp Pavilion,Newport,KY,USA,https://allthings.umphreys.com/setlists/umphreys-mcgee-february-9-2024-megacorp-pavilion-newport-ky-usa.html
It Doesn't Matter,1,7,7,,02/09/2024,MegaCorp Pavilion,Newport,KY,USA,https://allthings.umphreys.com/setlists/umphreys-mcgee-february-9-2024-megacorp-pavilion-newport-ky-usa.html
August,1,8,8,,02/09/2024,MegaCorp Pavilion,Newport,KY,USA,https://allthings.umphreys.com/setlists/umphreys-mcgee-february-9-2024-megacorp-pavilion-newport-ky-usa.html
Wizard Burial Ground,1,9,9,,02/09/2024,MegaCorp Pavilion,Newport,KY,USA,https://allthings.umphreys.com/setlists/umphreys-mcgee-february-9-2024-megacorp-pavilion-newport-ky-usa.html
Escape Goat,2,1,10,,02/09/2024,MegaCorp Pavilion,Newport,KY,USA,https://allthings.umphreys.com/setlists/umphreys-mcgee-february-9-2024-megacorp-pavilion-newport-ky-usa.html
The Floor,2,2,11,,02/09/2024,MegaCorp Pavilion,Newport,KY,USA,https://allthings.umphreys.com/setlists/umphreys-mcgee-february-9-2024-megacorp-pavilion-newport-ky-usa.html
Red Tape,2,3,12,,02/09/2024,MegaCorp Pavilion,Newport,KY,USA,https://allthings.umphreys.com/setlists/umphreys-mcgee-february-9-2024-megacorp-pavilion-newport-ky-usa.html
The Triple Wide,2,4,13,with (Don't Fear) The Reaper (Blue Öyster Cult) tease,02/09/2024,MegaCorp Pavilion,Newport,KY,USA,https://allthings.umphreys.com/setlists/umphreys-mcgee-february-9-2024-megacorp-pavilion-newport-ky-usa.html
Utopian Fir,2,5,14,,02/09/2024,MegaCorp Pavilion,Newport,KY,USA,https://allthings.umphreys.com/setlists/umphreys-mcgee-february-9-2024-megacorp-pavilion-newport-ky-usa.html
Regulate,2,6,15,,02/09/2024,MegaCorp Pavilion,Newport,KY,USA,https://allthings.umphreys.com/setlists/umphreys-mcgee-february-9-2024-megacorp-pavilion-newport-ky-usa.html
I Keep Forgettin',2,7,16,"with Michael ""Mad Dog"" Mavridoglou on vocals; incomplete",02/09/2024,MegaCorp Pavilion,Newport,KY,USA,https://allthings.umphreys.com/setlists/umphreys-mcgee-february-9-2024-megacorp-pavilion-newport-ky-usa.html
Utopian Fir,2,8,17,,02/09/2024,MegaCorp Pavilion,Newport,KY,USA,https://allthings.umphreys.com/setlists/umphreys-mcgee-february-9-2024-megacorp-pavilion-newport-ky-usa.html
Hajimemashite,E,1,18,,02/09/2024,MegaCorp Pavilion,Newport,KY,USA,https://allthings.umphreys.com/setlists/umphreys-mcgee-february-9-2024-megacorp-pavilion-newport-ky-usa.html
All In Time,E,2,19,,02/09/2024,MegaCorp Pavilion,Newport,KY,USA,https://allthings.umphreys.com/setlists/umphreys-mcgee-february-9-2024-megacorp-pavilion-newport-ky-usa.html
Staircase,1,1,1,,02/10/2024,The Pageant,St. Louis,MO,USA,https://allthings.umphreys.com/setlists/umphreys-mcgee-february-10-2024-the-pageant-st-louis-mo-usa.html
Out of Focus,1,2,2,,02/10/2024,The Pageant,St. Louis,MO,USA,https://allthings.umphreys.com/setlists/umphreys-mcgee-february-10-2024-the-pageant-st-louis-mo-usa.html
Example 1,1,3,3,,02/10/2024,The Pageant,St. Louis,MO,USA,https://allthings.umphreys.com/setlists/umphreys-mcgee-february-10-2024-the-pageant-st-louis-mo-usa.html
Breaker,1,4,4,,02/10/2024,The Pageant,St. Louis,MO,USA,https://allthings.umphreys.com/setlists/umphreys-mcgee-february-10-2024-the-pageant-st-louis-mo-usa.html
Crucial Taunt,1,5,5,,02/10/2024,The Pageant,St. Louis,MO,USA,https://allthings.umphreys.com/setlists/umphreys-mcgee-february-10-2024-the-pageant-st-louis-mo-usa.html
The Pequod,1,6,6,,02/10/2024,The Pageant,St. Louis,MO,USA,https://allthings.umphreys.com/setlists/umphreys-mcgee-february-10-2024-the-pageant-st-louis-mo-usa.html
Hindsight,1,7,7,,02/10/2024,The Pageant,St. Louis,MO,USA,https://allthings.umphreys.com/setlists/umphreys-mcgee-february-10-2024-the-pageant-st-louis-mo-usa.html
1348,1,8,8,,02/10/2024,The Pageant,St. Louis,MO,USA,https://allthings.umphreys.com/setlists/umphreys-mcgee-february-10-2024-the-pageant-st-louis-mo-usa.html
Bridgeless,2,1,9,,02/10/2024,The Pageant,St. Louis,MO,USA,https://allthings.umphreys.com/setlists/umphreys-mcgee-february-10-2024-the-pageant-st-louis-mo-usa.html
Small Strides,2,2,10,,02/10/2024,The Pageant,St. Louis,MO,USA,https://allthings.umphreys.com/setlists/umphreys-mcgee-february-10-2024-the-pageant-st-louis-mo-usa.html
Plunger,2,3,11,,02/10/2024,The Pageant,St. Louis,MO,USA,https://allthings.umphreys.com/setlists/umphreys-mcgee-february-10-2024-the-pageant-st-louis-mo-usa.html
Booth Love,2,4,12,,02/10/2024,The Pageant,St. Louis,MO,USA,https://allthings.umphreys.com/setlists/umphreys-mcgee-february-10-2024-the-pageant-st-louis-mo-usa.html
Resolution,2,5,13,with Norwegian Wood (The Beatles) tease and jam,02/10/2024,The Pageant,St. Louis,MO,USA,https://allthings.umphreys.com/setlists/umphreys-mcgee-february-10-2024-the-pageant-st-louis-mo-usa.html
Bridgeless,2,6,14,,02/10/2024,The Pageant,St. Louis,MO,USA,https://allthings.umphreys.com/setlists/umphreys-mcgee-february-10-2024-the-pageant-st-louis-mo-usa.html
JaJunk,E,1,15,,02/10/2024,The Pageant,St. Louis,MO,USA,https://allthings.umphreys.com/setlists/umphreys-mcgee-february-10-2024-the-pageant-st-louis-mo-usa.html
Similar Skin,1,1,1,,02/14/2024,9:30 Club,Washington,DC,USA,https://allthings.umphreys.com/setlists/umphreys-mcgee-february-14-2024-930-club-washington-dc-usa.html
Made to Measure,1,2,2,,02/14/2024,9:30 Club,Washington,DC,USA,https://allthings.umphreys.com/setlists/umphreys-mcgee-february-14-2024-930-club-washington-dc-usa.html
I Don't Know What I Want,1,3,3,,02/14/2024,9:30 Club,Washington,DC,USA,https://allthings.umphreys.com/setlists/umphreys-mcgee-february-14-2024-930-club-washington-dc-usa.html
2x2,1,4,4,,02/14/2024,9:30 Club,Washington,DC,USA,https://allthings.umphreys.com/setlists/umphreys-mcgee-february-14-2024-930-club-washington-dc-usa.html
Spires,1,5,5,,02/14/2024,9:30 Club,Washington,DC,USA,https://allthings.umphreys.com/setlists/umphreys-mcgee-february-14-2024-930-club-washington-dc-usa.html
Mad Love,1,6,6,,02/14/2024,9:30 Club,Washington,DC,USA,https://allthings.umphreys.com/setlists/umphreys-mcgee-february-14-2024-930-club-washington-dc-usa.html
Robot World,1,7,7,,02/14/2024,9:30 Club,Washington,DC,USA,https://allthings.umphreys.com/setlists/umphreys-mcgee-february-14-2024-930-club-washington-dc-usa.html
Search 4,1,8,8,,02/14/2024,9:30 Club,Washington,DC,USA,https://allthings.umphreys.com/setlists/umphreys-mcgee-february-14-2024-930-club-washington-dc-usa.html
Mulche's Odyssey,2,1,9,,02/14/2024,9:30 Club,Washington,DC,USA,https://allthings.umphreys.com/setlists/umphreys-mcgee-february-14-2024-930-club-washington-dc-usa.html
Waiting Room,2,2,10,,02/14/2024,9:30 Club,Washington,DC,USA,https://allthings.umphreys.com/setlists/umphreys-mcgee-february-14-2024-930-club-washington-dc-usa.html
Mulche's Odyssey,2,3,11,,02/14/2024,9:30 Club,Washington,DC,USA,https://allthings.umphreys.com/setlists/umphreys-mcgee-february-14-2024-930-club-washington-dc-usa.html
Piranhas,2,4,12,,02/14/2024,9:30 Club,Washington,DC,USA,https://allthings.umphreys.com/setlists/umphreys-mcgee-february-14-2024-930-club-washington-dc-usa.html
Walletsworth,2,5,13,,02/14/2024,9:30 Club,Washington,DC,USA,https://allthings.umphreys.com/setlists/umphreys-mcgee-february-14-2024-930-club-washington-dc-usa.html
Hurt Bird Bath,2,6,14,,02/14/2024,9:30 Club,Washington,DC,USA,https://allthings.umphreys.com/setlists/umphreys-mcgee-february-14-2024-930-club-washington-dc-usa.html
Conduit,2,7,15,,02/14/2024,9:30 Club,Washington,DC,USA,https://allthings.umphreys.com/setlists/umphreys-mcgee-february-14-2024-930-club-washington-dc-usa.html
Bad Friday,2,8,16,,02/14/2024,9:30 Club,Washington,DC,USA,https://allthings.umphreys.com/setlists/umphreys-mcgee-february-14-2024-930-club-washington-dc-usa.html
40's Theme,E,1,17,,02/14/2024,9:30 Club,Washington,DC,USA,https://allthings.umphreys.com/setlists/umphreys-mcgee-february-14-2024-930-club-washington-dc-usa.html
Drink My Drank,1,1,1,,02/15/2024,9:30 Club,Washington,DC,USA,https://allthings.umphreys.com/setlists/umphreys-mcgee-february-15-2024-930-club-washington-dc-usa.html
Push the Pig,1,2,2,,02/15/2024,9:30 Club,Washington,DC,USA,https://allthings.umphreys.com/setlists/umphreys-mcgee-february-15-2024-930-club-washington-dc-usa.html
White Man's Moccasins,1,3,3,,02/15/2024,9:30 Club,Washington,DC,USA,https://allthings.umphreys.com/setlists/umphreys-mcgee-february-15-2024-930-club-washington-dc-usa.html
Always October,1,4,4,,02/15/2024,9:30 Club,Washington,DC,USA,https://allthings.umphreys.com/setlists/umphreys-mcgee-february-15-2024-930-club-washington-dc-usa.html
Educated Guess,1,5,5,,02/15/2024,9:30 Club,Washington,DC,USA,https://allthings.umphreys.com/setlists/umphreys-mcgee-february-15-2024-930-club-washington-dc-usa.html
In The Kitchen,1,6,6,unfinished,02/15/2024,9:30 Club,Washington,DC,USA,https://allthings.umphreys.com/setlists/umphreys-mcgee-february-15-2024-930-club-washington-dc-usa.html
Ocean Billy,1,7,7,,02/15/2024,9:30 Club,Washington,DC,USA,https://allthings.umphreys.com/setlists/umphreys-mcgee-february-15-2024-930-club-washington-dc-usa.html
Den,1,8,8,,02/15/2024,9:30 Club,Washington,DC,USA,https://allthings.umphreys.com/setlists/umphreys-mcgee-february-15-2024-930-club-washington-dc-usa.html
Cut the Cable,2,1,9,,02/15/2024,9:30 Club,Washington,DC,USA,https://allthings.umphreys.com/setlists/umphreys-mcgee-february-15-2024-930-club-washington-dc-usa.html
Attachments,2,2,10,,02/15/2024,9:30 Club,Washington,DC,USA,https://allthings.umphreys.com/setlists/umphreys-mcgee-february-15-2024-930-club-washington-dc-usa.html
Wife Soup,2,3,11,,02/15/2024,9:30 Club,Washington,DC,USA,https://allthings.umphreys.com/setlists/umphreys-mcgee-february-15-2024-930-club-washington-dc-usa.html
Wappy Sprayberry,2,4,12,,02/15/2024,9:30 Club,Washington,DC,USA,https://allthings.umphreys.com/setlists/umphreys-mcgee-february-15-2024-930-club-washington-dc-usa.html
Looks,2,5,13,,02/15/2024,9:30 Club,Washington,DC,USA,https://allthings.umphreys.com/setlists/umphreys-mcgee-february-15-2024-930-club-washington-dc-usa.html
Draconian,2,6,14,,02/15/2024,9:30 Club,Washington,DC,USA,https://allthings.umphreys.com/setlists/umphreys-mcgee-february-15-2024-930-club-washington-dc-usa.html
Slacker,E,1,15,,02/15/2024,9:30 Club,Washington,DC,USA,https://allthings.umphreys.com/setlists/umphreys-mcgee-february-15-2024-930-club-washington-dc-usa.html
There's No Crying In Mexico,1,1,1,,02/16/2024,Brooklyn Bowl Philadelphia,Philadelphia,PA,USA,https://allthings.umphreys.com/setlists/umphreys-mcgee-february-16-2024-brooklyn-bowl-philadelphia-philadelphia-pa-usa.html
Hiccup,1,2,2,,02/16/2024,Brooklyn Bowl Philadelphia,Philadelphia,PA,USA,https://allthings.umphreys.com/setlists/umphreys-mcgee-february-16-2024-brooklyn-bowl-philadelphia-philadelphia-pa-usa.html
Sociable Jimmy,1,3,3,,02/16/2024,Brooklyn Bowl Philadelphia,Philadelphia,PA,USA,https://allthings.umphreys.com/setlists/umphreys-mcgee-february-16-2024-brooklyn-bowl-philadelphia-philadelphia-pa-usa.html
Nemo,1,4,4,,02/16/2024,Brooklyn Bowl Philadelphia,Philadelphia,PA,USA,https://allthings.umphreys.com/setlists/umphreys-mcgee-february-16-2024-brooklyn-bowl-philadelphia-philadelphia-pa-usa.html
Intentions Clear,1,5,5,,02/16/2024,Brooklyn Bowl Philadelphia,Philadelphia,PA,USA,https://allthings.umphreys.com/setlists/umphreys-mcgee-february-16-2024-brooklyn-bowl-philadelphia-philadelphia-pa-usa.html
Out Of Order,1,6,6,,02/16/2024,Brooklyn Bowl Philadelphia,Philadelphia,PA,USA,https://allthings.umphreys.com/setlists/umphreys-mcgee-february-16-2024-brooklyn-bowl-philadelphia-philadelphia-pa-usa.html
Cemetery Walk,1,7,7,,02/16/2024,Brooklyn Bowl Philadelphia,Philadelphia,PA,USA,https://allthings.umphreys.com/setlists/umphreys-mcgee-february-16-2024-brooklyn-bowl-philadelphia-philadelphia-pa-usa.html
Cemetery Walk II,1,8,8,,02/16/2024,Brooklyn Bowl Philadelphia,Philadelphia,PA,USA,https://allthings.umphreys.com/setlists/umphreys-mcgee-february-16-2024-brooklyn-bowl-philadelphia-philadelphia-pa-usa.html
Bridgeless,2,1,9,,02/16/2024,Brooklyn Bowl Philadelphia,Philadelphia,PA,USA,https://allthings.umphreys.com/setlists/umphreys-mcgee-february-16-2024-brooklyn-bowl-philadelphia-philadelphia-pa-usa.html
The Bottom Half,2,2,10,,02/16/2024,Brooklyn Bowl Philadelphia,Philadelphia,PA,USA,https://allthings.umphreys.com/setlists/umphreys-mcgee-february-16-2024-brooklyn-bowl-philadelphia-philadelphia-pa-usa.html
Miss Tinkle's Overture,2,3,11,,02/16/2024,Brooklyn Bowl Philadelphia,Philadelphia,PA,USA,https://allthings.umphreys.com/setlists/umphreys-mcgee-february-16-2024-brooklyn-bowl-philadelphia-philadelphia-pa-usa.html
Escape Goat,2,4,12,,02/16/2024,Brooklyn Bowl Philadelphia,Philadelphia,PA,USA,https://allthings.umphreys.com/setlists/umphreys-mcgee-february-16-2024-brooklyn-bowl-philadelphia-philadelphia-pa-usa.html
Mantis,2,5,13,,02/16/2024,Brooklyn Bowl Philadelphia,Philadelphia,PA,USA,https://allthings.umphreys.com/setlists/umphreys-mcgee-february-16-2024-brooklyn-bowl-philadelphia-philadelphia-pa-usa.html
"Bright Lights, Big City",2,6,14,,02/16/2024,Brooklyn Bowl Philadelphia,Philadelphia,PA,USA,https://allthings.umphreys.com/setlists/umphreys-mcgee-february-16-2024-brooklyn-bowl-philadelphia-philadelphia-pa-usa.html
Mantis,2,7,15,,02/16/2024,Brooklyn Bowl Philadelphia,Philadelphia,PA,USA,https://allthings.umphreys.com/setlists/umphreys-mcgee-february-16-2024-brooklyn-bowl-philadelphia-philadelphia-pa-usa.html
Eminence Front,E,1,16,,02/16/2024,Brooklyn Bowl Philadelphia,Philadelphia,PA,USA,https://allthings.umphreys.com/setlists/umphreys-mcgee-february-16-2024-brooklyn-bowl-philadelphia-philadelphia-pa-usa.html
Bridgeless,E,2,17,,02/16/2024,Brooklyn Bowl Philadelphia,Philadelphia,PA,USA,https://allthings.umphreys.com/setlists/umphreys-mcgee-february-16-2024-brooklyn-bowl-philadelphia-philadelphia-pa-usa.html
Small Strides,1,1,1,,02/17/2024,Brooklyn Bowl Philadelphia,Philadelphia,PA,USA,https://allthings.umphreys.com/setlists/umphreys-mcgee-february-17-2024-brooklyn-bowl-philadelphia-philadelphia-pa-usa.html
Make It Right,1,2,2,,02/17/2024,Brooklyn Bowl Philadelphia,Philadelphia,PA,USA,https://allthings.umphreys.com/setlists/umphreys-mcgee-february-17-2024-brooklyn-bowl-philadelphia-philadelphia-pa-usa.html
The Linear,1,3,3,,02/17/2024,Brooklyn Bowl Philadelphia,Philadelphia,PA,USA,https://allthings.umphreys.com/setlists/umphreys-mcgee-february-17-2024-brooklyn-bowl-philadelphia-philadelphia-pa-usa.html
Half Delayed,1,4,4,,02/17/2024,Brooklyn Bowl Philadelphia,Philadelphia,PA,USA,https://allthings.umphreys.com/setlists/umphreys-mcgee-february-17-2024-brooklyn-bowl-philadelphia-philadelphia-pa-usa.html
Nothing Too Fancy,1,5,5,,02/17/2024,Brooklyn Bowl Philadelphia,Philadelphia,PA,USA,https://allthings.umphreys.com/setlists/umphreys-mcgee-february-17-2024-brooklyn-bowl-philadelphia-philadelphia-pa-usa.html
Seasons,1,6,6,,02/17/2024,Brooklyn Bowl Philadelphia,Philadelphia,PA,USA,https://allthings.umphreys.com/setlists/umphreys-mcgee-february-17-2024-brooklyn-bowl-philadelphia-philadelphia-pa-usa.html
Roctopus,1,7,7,,02/17/2024,Brooklyn Bowl Philadelphia,Philadelphia,PA,USA,https://allthings.umphreys.com/setlists/umphreys-mcgee-february-17-2024-brooklyn-bowl-philadelphia-philadelphia-pa-usa.html
Ringo,2,1,8,,02/17/2024,Brooklyn Bowl Philadelphia,Philadelphia,PA,USA,https://allthings.umphreys.com/setlists/umphreys-mcgee-february-17-2024-brooklyn-bowl-philadelphia-philadelphia-pa-usa.html
Space Funk Booty,2,2,9,,02/17/2024,Brooklyn Bowl Philadelphia,Philadelphia,PA,USA,https://allthings.umphreys.com/setlists/umphreys-mcgee-february-17-2024-brooklyn-bowl-philadelphia-philadelphia-pa-usa.html
All In Time,2,3,10,with Mike Greenfield on percussion,02/17/2024,Brooklyn Bowl Philadelphia,Philadelphia,PA,USA,https://allthings.umphreys.com/setlists/umphreys-mcgee-february-17-2024-brooklyn-bowl-philadelphia-philadelphia-pa-usa.html
Go to Hell,2,4,11,,02/17/2024,Brooklyn Bowl Philadelphia,Philadelphia,PA,USA,https://allthings.umphreys.com/setlists/umphreys-mcgee-february-17-2024-brooklyn-bowl-philadelphia-philadelphia-pa-usa.html
Higgins,2,5,12,,02/17/2024,Brooklyn Bowl Philadelphia,Philadelphia,PA,USA,https://allthings.umphreys.com/setlists/umphreys-mcgee-february-17-2024-brooklyn-bowl-philadelphia-philadelphia-pa-usa.html
In Bloom,2,6,13,,02/17/2024,Brooklyn Bowl Philadelphia,Philadelphia,PA,USA,https://allthings.umphreys.com/setlists/umphreys-mcgee-february-17-2024-brooklyn-bowl-philadelphia-philadelphia-pa-usa.html
Day Nurse,2,7,14,,02/17/2024,Brooklyn Bowl Philadelphia,Philadelphia,PA,USA,https://allthings.umphreys.com/setlists/umphreys-mcgee-february-17-2024-brooklyn-bowl-philadelphia-philadelphia-pa-usa.html
All In Time,2,8,15,,02/17/2024,Brooklyn Bowl Philadelphia,Philadelphia,PA,USA,https://allthings.umphreys.com/setlists/umphreys-mcgee-february-17-2024-brooklyn-bowl-philadelphia-philadelphia-pa-usa.html
The Floor,E,1,16,,02/17/2024,Brooklyn Bowl Philadelphia,Philadelphia,PA,USA,https://allthings.umphreys.com/setlists/umphreys-mcgee-february-17-2024-brooklyn-bowl-philadelphia-philadelphia-pa-usa.html
Night Nurse,1,1,1,,02/18/2024,Penn's Peak,Jim Thorpe,PA,USA,https://allthings.umphreys.com/setlists/umphreys-mcgee-february-18-2024-penn039s-peak-jim-thorpe-pa-usa.html
No Diablo,1,2,2,,02/18/2024,Penn's Peak,Jim Thorpe,PA,USA,https://allthings.umphreys.com/setlists/umphreys-mcgee-february-18-2024-penn039s-peak-jim-thorpe-pa-usa.html
Plunger,1,3,3,,02/18/2024,Penn's Peak,Jim Thorpe,PA,USA,https://allthings.umphreys.com/setlists/umphreys-mcgee-february-18-2024-penn039s-peak-jim-thorpe-pa-usa.html
Sweetness,1,4,4,,02/18/2024,Penn's Peak,Jim Thorpe,PA,USA,https://allthings.umphreys.com/setlists/umphreys-mcgee-february-18-2024-penn039s-peak-jim-thorpe-pa-usa.html
Mail Package,1,5,5,,02/18/2024,Penn's Peak,Jim Thorpe,PA,USA,https://allthings.umphreys.com/setlists/umphreys-mcgee-february-18-2024-penn039s-peak-jim-thorpe-pa-usa.html
Pure Saturation,1,6,6,,02/18/2024,Penn's Peak,Jim Thorpe,PA,USA,https://allthings.umphreys.com/setlists/umphreys-mcgee-february-18-2024-penn039s-peak-jim-thorpe-pa-usa.html
Señor Mouse,1,7,7,,02/18/2024,Penn's Peak,Jim Thorpe,PA,USA,https://allthings.umphreys.com/setlists/umphreys-mcgee-february-18-2024-penn039s-peak-jim-thorpe-pa-usa.html
Believe the Lie,2,1,8,,02/18/2024,Penn's Peak,Jim Thorpe,PA,USA,https://allthings.umphreys.com/setlists/umphreys-mcgee-february-18-2024-penn039s-peak-jim-thorpe-pa-usa.html
Uncommon,2,2,9,,02/18/2024,Penn's Peak,Jim Thorpe,PA,USA,https://allthings.umphreys.com/setlists/umphreys-mcgee-february-18-2024-penn039s-peak-jim-thorpe-pa-usa.html
Remind Me-,2,3,10,,02/18/2024,Penn's Peak,Jim Thorpe,PA,USA,https://allthings.umphreys.com/setlists/umphreys-mcgee-february-18-2024-penn039s-peak-jim-thorpe-pa-usa.html
Baby You're A Rich Man,2,4,11,,02/18/2024,Penn's Peak,Jim Thorpe,PA,USA,https://allthings.umphreys.com/setlists/umphreys-mcgee-february-18-2024-penn039s-peak-jim-thorpe-pa-usa.html
Remind Me,2,5,12,,02/18/2024,Penn's Peak,Jim Thorpe,PA,USA,https://allthings.umphreys.com/setlists/umphreys-mcgee-february-18-2024-penn039s-peak-jim-thorpe-pa-usa.html
The Silent Type,2,6,13,with 1979 (Smashing Pumpkins) jams,02/18/2024,Penn's Peak,Jim Thorpe,PA,USA,https://allthings.umphreys.com/setlists/umphreys-mcgee-february-18-2024-penn039s-peak-jim-thorpe-pa-usa.html
Dump City,2,7,14,,02/18/2024,Penn's Peak,Jim Thorpe,PA,USA,https://allthings.umphreys.com/setlists/umphreys-mcgee-february-18-2024-penn039s-peak-jim-thorpe-pa-usa.html
Orfeo,E,1,15,just Joel on piano,02/18/2024,Penn's Peak,Jim Thorpe,PA,USA,https://allthings.umphreys.com/setlists/umphreys-mcgee-february-18-2024-penn039s-peak-jim-thorpe-pa-usa.html
Puppet String,E,2,16,,02/18/2024,Penn's Peak,Jim Thorpe,PA,USA,https://allthings.umphreys.com/setlists/umphreys-mcgee-february-18-2024-penn039s-peak-jim-thorpe-pa-usa.html
Much Obliged,1,1,1,,03/08/2024,Belly Up Aspen,Aspen,CO,USA,https://allthings.umphreys.com/setlists/umphreys-mcgee-march-8-2024-belly-up-aspen-aspen-co-usa.html
Dump City,1,2,2,,03/08/2024,Belly Up Aspen,Aspen,CO,USA,https://allthings.umphreys.com/setlists/umphreys-mcgee-march-8-2024-belly-up-aspen-aspen-co-usa.html
Bad Friday,1,3,3,,03/08/2024,Belly Up Aspen,Aspen,CO,USA,https://allthings.umphreys.com/setlists/umphreys-mcgee-march-8-2024-belly-up-aspen-aspen-co-usa.html
Draconian,1,4,4,,03/08/2024,Belly Up Aspen,Aspen,CO,USA,https://allthings.umphreys.com/setlists/umphreys-mcgee-march-8-2024-belly-up-aspen-aspen-co-usa.html
Maybe Someday,1,5,5,,03/08/2024,Belly Up Aspen,Aspen,CO,USA,https://allthings.umphreys.com/setlists/umphreys-mcgee-march-8-2024-belly-up-aspen-aspen-co-usa.html
Kimble,1,6,6,,03/08/2024,Belly Up Aspen,Aspen,CO,USA,https://allthings.umphreys.com/setlists/umphreys-mcgee-march-8-2024-belly-up-aspen-aspen-co-usa.html
Kula,1,7,7,,03/08/2024,Belly Up Aspen,Aspen,CO,USA,https://allthings.umphreys.com/setlists/umphreys-mcgee-march-8-2024-belly-up-aspen-aspen-co-usa.html
Bridgeless,2,1,8,,03/08/2024,Belly Up Aspen,Aspen,CO,USA,https://allthings.umphreys.com/setlists/umphreys-mcgee-march-8-2024-belly-up-aspen-aspen-co-usa.html
Small Strides,2,2,9,,03/08/2024,Belly Up Aspen,Aspen,CO,USA,https://allthings.umphreys.com/setlists/umphreys-mcgee-march-8-2024-belly-up-aspen-aspen-co-usa.html
Ocean Billy,2,3,10,,03/08/2024,Belly Up Aspen,Aspen,CO,USA,https://allthings.umphreys.com/setlists/umphreys-mcgee-march-8-2024-belly-up-aspen-aspen-co-usa.html
Bridgeless,2,4,11,,03/08/2024,Belly Up Aspen,Aspen,CO,USA,https://allthings.umphreys.com/setlists/umphreys-mcgee-march-8-2024-belly-up-aspen-aspen-co-usa.html
Looks,2,5,12,,03/08/2024,Belly Up Aspen,Aspen,CO,USA,https://allthings.umphreys.com/setlists/umphreys-mcgee-march-8-2024-belly-up-aspen-aspen-co-usa.html
All In Time,2,6,13,,03/08/2024,Belly Up Aspen,Aspen,CO,USA,https://allthings.umphreys.com/setlists/umphreys-mcgee-march-8-2024-belly-up-aspen-aspen-co-usa.html
Making Flippy Floppy,E,1,14,,03/08/2024,Belly Up Aspen,Aspen,CO,USA,https://allthings.umphreys.com/setlists/umphreys-mcgee-march-8-2024-belly-up-aspen-aspen-co-usa.html
Mad Love,1,1,1,,03/09/2024,Belly Up Aspen,Aspen,CO,USA,https://allthings.umphreys.com/setlists/umphreys-mcgee-march-9-2024-belly-up-aspen-aspen-co-usa.html
1348-,1,2,2,,03/09/2024,Belly Up Aspen,Aspen,CO,USA,https://allthings.umphreys.com/setlists/umphreys-mcgee-march-9-2024-belly-up-aspen-aspen-co-usa.html
13 Days,1,3,3,,03/09/2024,Belly Up Aspen,Aspen,CO,USA,https://allthings.umphreys.com/setlists/umphreys-mcgee-march-9-2024-belly-up-aspen-aspen-co-usa.html
2x2,1,4,4,,03/09/2024,Belly Up Aspen,Aspen,CO,USA,https://allthings.umphreys.com/setlists/umphreys-mcgee-march-9-2024-belly-up-aspen-aspen-co-usa.html
Domino Theory,1,5,5,,03/09/2024,Belly Up Aspen,Aspen,CO,USA,https://allthings.umphreys.com/setlists/umphreys-mcgee-march-9-2024-belly-up-aspen-aspen-co-usa.html
Similar Skin,1,6,6,,03/09/2024,Belly Up Aspen,Aspen,CO,USA,https://allthings.umphreys.com/setlists/umphreys-mcgee-march-9-2024-belly-up-aspen-aspen-co-usa.html
Nothing Too Fancy,2,1,7,,03/09/2024,Belly Up Aspen,Aspen,CO,USA,https://allthings.umphreys.com/setlists/umphreys-mcgee-march-9-2024-belly-up-aspen-aspen-co-usa.html
Andy's Last Beer,2,2,8,,03/09/2024,Belly Up Aspen,Aspen,CO,USA,https://allthings.umphreys.com/setlists/umphreys-mcgee-march-9-2024-belly-up-aspen-aspen-co-usa.html
Escape Goat,2,3,9,,03/09/2024,Belly Up Aspen,Aspen,CO,USA,https://allthings.umphreys.com/setlists/umphreys-mcgee-march-9-2024-belly-up-aspen-aspen-co-usa.html
1348,2,4,10,,03/09/2024,Belly Up Aspen,Aspen,CO,USA,https://allthings.umphreys.com/setlists/umphreys-mcgee-march-9-2024-belly-up-aspen-aspen-co-usa.html
Divisions,2,5,11,,03/09/2024,Belly Up Aspen,Aspen,CO,USA,https://allthings.umphreys.com/setlists/umphreys-mcgee-march-9-2024-belly-up-aspen-aspen-co-usa.html
Walletsworth,2,6,12,,03/09/2024,Belly Up Aspen,Aspen,CO,USA,https://allthings.umphreys.com/setlists/umphreys-mcgee-march-9-2024-belly-up-aspen-aspen-co-usa.html
Glory,2,7,13,,03/09/2024,Belly Up Aspen,Aspen,CO,USA,https://allthings.umphreys.com/setlists/umphreys-mcgee-march-9-2024-belly-up-aspen-aspen-co-usa.html
August,E,1,14,,03/09/2024,Belly Up Aspen,Aspen,CO,USA,https://allthings.umphreys.com/setlists/umphreys-mcgee-march-9-2024-belly-up-aspen-aspen-co-usa.html
Africa,E,2,15,,03/09/2024,Belly Up Aspen,Aspen,CO,USA,https://allthings.umphreys.com/setlists/umphreys-mcgee-march-9-2024-belly-up-aspen-aspen-co-usa.html
August,E,3,16,,03/09/2024,Belly Up Aspen,Aspen,CO,USA,https://allthings.umphreys.com/setlists/umphreys-mcgee-march-9-2024-belly-up-aspen-aspen-co-usa.html
Plunger,1,1,1,,03/10/2024,Belly Up Aspen,Aspen,CO,USA,https://allthings.umphreys.com/setlists/umphreys-mcgee-march-10-2024-belly-up-aspen-aspen-co-usa.html
Roulette,1,2,2,,03/10/2024,Belly Up Aspen,Aspen,CO,USA,https://allthings.umphreys.com/setlists/umphreys-mcgee-march-10-2024-belly-up-aspen-aspen-co-usa.html
The Bottom Half,1,3,3,,03/10/2024,Belly Up Aspen,Aspen,CO,USA,https://allthings.umphreys.com/setlists/umphreys-mcgee-march-10-2024-belly-up-aspen-aspen-co-usa.html
Pure Saturation,1,4,4,,03/10/2024,Belly Up Aspen,Aspen,CO,USA,https://allthings.umphreys.com/setlists/umphreys-mcgee-march-10-2024-belly-up-aspen-aspen-co-usa.html
Der Bluten Kat,1,5,5,,03/10/2024,Belly Up Aspen,Aspen,CO,USA,https://allthings.umphreys.com/setlists/umphreys-mcgee-march-10-2024-belly-up-aspen-aspen-co-usa.html
No Comment-,1,6,6,,03/10/2024,Belly Up Aspen,Aspen,CO,USA,https://allthings.umphreys.com/setlists/umphreys-mcgee-march-10-2024-belly-up-aspen-aspen-co-usa.html
Der Bluten Kat,1,7,7,,03/10/2024,Belly Up Aspen,Aspen,CO,USA,https://allthings.umphreys.com/setlists/umphreys-mcgee-march-10-2024-belly-up-aspen-aspen-co-usa.html
Mantis,2,1,8,,03/10/2024,Belly Up Aspen,Aspen,CO,USA,https://allthings.umphreys.com/setlists/umphreys-mcgee-march-10-2024-belly-up-aspen-aspen-co-usa.html
Ringo,2,2,9,,03/10/2024,Belly Up Aspen,Aspen,CO,USA,https://allthings.umphreys.com/setlists/umphreys-mcgee-march-10-2024-belly-up-aspen-aspen-co-usa.html
Hajimemashite,2,3,10,with Soak Up the Sun (Sheryl Crow) quote,03/10/2024,Belly Up Aspen,Aspen,CO,USA,https://allthings.umphreys.com/setlists/umphreys-mcgee-march-10-2024-belly-up-aspen-aspen-co-usa.html
Miami Virtue,2,4,11,,03/10/2024,Belly Up Aspen,Aspen,CO,USA,https://allthings.umphreys.com/setlists/umphreys-mcgee-march-10-2024-belly-up-aspen-aspen-co-usa.html
Lenny,2,5,12,,03/10/2024,Belly Up Aspen,Aspen,CO,USA,https://allthings.umphreys.com/setlists/umphreys-mcgee-march-10-2024-belly-up-aspen-aspen-co-usa.html
Pay the Snucka,2,6,13,,03/10/2024,Belly Up Aspen,Aspen,CO,USA,https://allthings.umphreys.com/setlists/umphreys-mcgee-march-10-2024-belly-up-aspen-aspen-co-usa.html
Push the Pig,E,1,14,,03/10/2024,Belly Up Aspen,Aspen,CO,USA,https://allthings.umphreys.com/setlists/umphreys-mcgee-march-10-2024-belly-up-aspen-aspen-co-usa.html
Conduit-,1,1,1,,03/14/2024,McDonald Theatre,Eugene,OR,USA,https://allthings.umphreys.com/setlists/umphreys-mcgee-march-14-2024-mcdonald-theatre-eugene-or-usa.html
White Man's Moccasins,1,2,2,,03/14/2024,McDonald Theatre,Eugene,OR,USA,https://allthings.umphreys.com/setlists/umphreys-mcgee-march-14-2024-mcdonald-theatre-eugene-or-usa.html
Hourglass,1,3,3,,03/14/2024,McDonald Theatre,Eugene,OR,USA,https://allthings.umphreys.com/setlists/umphreys-mcgee-march-14-2024-mcdonald-theatre-eugene-or-usa.html
Half Delayed,1,4,4,,03/14/2024,McDonald Theatre,Eugene,OR,USA,https://allthings.umphreys.com/setlists/umphreys-mcgee-march-14-2024-mcdonald-theatre-eugene-or-usa.html
Phil's Farm,1,5,5,with Smooth Criminal (Michael Jackson) jam,03/14/2024,McDonald Theatre,Eugene,OR,USA,https://allthings.umphreys.com/setlists/umphreys-mcgee-march-14-2024-mcdonald-theatre-eugene-or-usa.html
Syncopated Strangers,1,6,6,with Breezin' (George Benson) teases,03/14/2024,McDonald Theatre,Eugene,OR,USA,https://allthings.umphreys.com/setlists/umphreys-mcgee-march-14-2024-mcdonald-theatre-eugene-or-usa.html
Cemetery Walk,1,7,7,,03/14/2024,McDonald Theatre,Eugene,OR,USA,https://allthings.umphreys.com/setlists/umphreys-mcgee-march-14-2024-mcdonald-theatre-eugene-or-usa.html
Attachments-,2,1,8,,03/14/2024,McDonald Theatre,Eugene,OR,USA,https://allthings.umphreys.com/setlists/umphreys-mcgee-march-14-2024-mcdonald-theatre-eugene-or-usa.html
Crucial Taunt,2,2,9,,03/14/2024,McDonald Theatre,Eugene,OR,USA,https://allthings.umphreys.com/setlists/umphreys-mcgee-march-14-2024-mcdonald-theatre-eugene-or-usa.html
Wappy Sprayberry,2,3,10,,03/14/2024,McDonald Theatre,Eugene,OR,USA,https://allthings.umphreys.com/setlists/umphreys-mcgee-march-14-2024-mcdonald-theatre-eugene-or-usa.html
Partyin' Peeps,2,4,11,,03/14/2024,McDonald Theatre,Eugene,OR,USA,https://allthings.umphreys.com/setlists/umphreys-mcgee-march-14-2024-mcdonald-theatre-eugene-or-usa.html
Mail Package,2,5,12,,03/14/2024,McDonald Theatre,Eugene,OR,USA,https://allthings.umphreys.com/setlists/umphreys-mcgee-march-14-2024-mcdonald-theatre-eugene-or-usa.html
Puppet String,2,6,13,,03/14/2024,McDonald Theatre,Eugene,OR,USA,https://allthings.umphreys.com/setlists/umphreys-mcgee-march-14-2024-mcdonald-theatre-eugene-or-usa.html
Cemetery Walk II,E,1,14,with Abacab (Genesis) tease,03/14/2024,McDonald Theatre,Eugene,OR,USA,https://allthings.umphreys.com/setlists/umphreys-mcgee-march-14-2024-mcdonald-theatre-eugene-or-usa.html
Out of Focus,1,1,1,,03/15/2024,Crystal Ballroom,Portland,OR,USA,https://allthings.umphreys.com/setlists/umphreys-mcgee-march-15-2024-crystal-ballroom-portland-or-usa.html
Speak Up,1,2,2,with Cars Trucks Buses (Phish) teases,03/15/2024,Crystal Ballroom,Portland,OR,USA,https://allthings.umphreys.com/setlists/umphreys-mcgee-march-15-2024-crystal-ballroom-portland-or-usa.html
Hiccup,1,3,3,,03/15/2024,Crystal Ballroom,Portland,OR,USA,https://allthings.umphreys.com/setlists/umphreys-mcgee-march-15-2024-crystal-ballroom-portland-or-usa.html
Seasons,1,4,4,,03/15/2024,Crystal Ballroom,Portland,OR,USA,https://allthings.umphreys.com/setlists/umphreys-mcgee-march-15-2024-crystal-ballroom-portland-or-usa.html
Mulche's Odyssey,1,5,5,,03/15/2024,Crystal Ballroom,Portland,OR,USA,https://allthings.umphreys.com/setlists/umphreys-mcgee-march-15-2024-crystal-ballroom-portland-or-usa.html
Maybe Someday,1,6,6,,03/15/2024,Crystal Ballroom,Portland,OR,USA,https://allthings.umphreys.com/setlists/umphreys-mcgee-march-15-2024-crystal-ballroom-portland-or-usa.html
Higgins,2,1,7,,03/15/2024,Crystal Ballroom,Portland,OR,USA,https://allthings.umphreys.com/setlists/umphreys-mcgee-march-15-2024-crystal-ballroom-portland-or-usa.html
2nd Self,2,2,8,,03/15/2024,Crystal Ballroom,Portland,OR,USA,https://allthings.umphreys.com/setlists/umphreys-mcgee-march-15-2024-crystal-ballroom-portland-or-usa.html
The Triple Wide,2,3,9,,03/15/2024,Crystal Ballroom,Portland,OR,USA,https://allthings.umphreys.com/setlists/umphreys-mcgee-march-15-2024-crystal-ballroom-portland-or-usa.html
I Don't Know What I Want,2,4,10,,03/15/2024,Crystal Ballroom,Portland,OR,USA,https://allthings.umphreys.com/setlists/umphreys-mcgee-march-15-2024-crystal-ballroom-portland-or-usa.html
Mullet (Over),2,5,11,,03/15/2024,Crystal Ballroom,Portland,OR,USA,https://allthings.umphreys.com/setlists/umphreys-mcgee-march-15-2024-crystal-ballroom-portland-or-usa.html
Pure Saturation,2,6,12,,03/15/2024,Crystal Ballroom,Portland,OR,USA,https://allthings.umphreys.com/setlists/umphreys-mcgee-march-15-2024-crystal-ballroom-portland-or-usa.html
Hangover,2,7,13,,03/15/2024,Crystal Ballroom,Portland,OR,USA,https://allthings.umphreys.com/setlists/umphreys-mcgee-march-15-2024-crystal-ballroom-portland-or-usa.html
Come As Your Kids,E,1,14,,03/15/2024,Crystal Ballroom,Portland,OR,USA,https://allthings.umphreys.com/setlists/umphreys-mcgee-march-15-2024-crystal-ballroom-portland-or-usa.html
Nipple Trix,1,1,1,,03/16/2024,Crystal Ballroom,Portland,OR,USA,https://allthings.umphreys.com/setlists/umphreys-mcgee-march-16-2024-crystal-ballroom-portland-or-usa.html
Wife Soup,1,2,2,,03/16/2024,Crystal Ballroom,Portland,OR,USA,https://allthings.umphreys.com/setlists/umphreys-mcgee-march-16-2024-crystal-ballroom-portland-or-usa.html
Small Strides,1,3,3,,03/16/2024,Crystal Ballroom,Portland,OR,USA,https://allthings.umphreys.com/setlists/umphreys-mcgee-march-16-2024-crystal-ballroom-portland-or-usa.html
New Wings,1,4,4,,03/16/2024,Crystal Ballroom,Portland,OR,USA,https://allthings.umphreys.com/setlists/umphreys-mcgee-march-16-2024-crystal-ballroom-portland-or-usa.html
All Things Ninja,1,5,5,,03/16/2024,Crystal Ballroom,Portland,OR,USA,https://allthings.umphreys.com/setlists/umphreys-mcgee-march-16-2024-crystal-ballroom-portland-or-usa.html
Booth Love,1,6,6,,03/16/2024,Crystal Ballroom,Portland,OR,USA,https://allthings.umphreys.com/setlists/umphreys-mcgee-march-16-2024-crystal-ballroom-portland-or-usa.html
Remind Me,1,7,7,,03/16/2024,Crystal Ballroom,Portland,OR,USA,https://allthings.umphreys.com/setlists/umphreys-mcgee-march-16-2024-crystal-ballroom-portland-or-usa.html
Prowler,2,1,8,,03/16/2024,Crystal Ballroom,Portland,OR,USA,https://allthings.umphreys.com/setlists/umphreys-mcgee-march-16-2024-crystal-ballroom-portland-or-usa.html
1348,2,2,9,,03/16/2024,Crystal Ballroom,Portland,OR,USA,https://allthings.umphreys.com/setlists/umphreys-mcgee-march-16-2024-crystal-ballroom-portland-or-usa.html
Resolution,2,3,10,with Muffburger Sandwich jam,03/16/2024,Crystal Ballroom,Portland,OR,USA,https://allthings.umphreys.com/setlists/umphreys-mcgee-march-16-2024-crystal-ballroom-portland-or-usa.html
Day Nurse,2,4,11,,03/16/2024,Crystal Ballroom,Portland,OR,USA,https://allthings.umphreys.com/setlists/umphreys-mcgee-march-16-2024-crystal-ballroom-portland-or-usa.html
Fenced In,2,5,12,,03/16/2024,Crystal Ballroom,Portland,OR,USA,https://allthings.umphreys.com/setlists/umphreys-mcgee-march-16-2024-crystal-ballroom-portland-or-usa.html
Believe the Lie,2,6,13,,03/16/2024,Crystal Ballroom,Portland,OR,USA,https://allthings.umphreys.com/setlists/umphreys-mcgee-march-16-2024-crystal-ballroom-portland-or-usa.html
Sociable Jimmy,E,1,14,,03/16/2024,Crystal Ballroom,Portland,OR,USA,https://allthings.umphreys.com/setlists/umphreys-mcgee-march-16-2024-crystal-ballroom-portland-or-usa.html
There's No Crying In Mexico,1,1,1,,03/17/2024,Showbox at the Market,Seattle,WA,USA,https://allthings.umphreys.com/setlists/umphreys-mcgee-march-17-2024-showbox-at-the-market-seattle-wa-usa.html
The Floor,1,2,2,,03/17/2024,Showbox at the Market,Seattle,WA,USA,https://allthings.umphreys.com/setlists/umphreys-mcgee-march-17-2024-showbox-at-the-market-seattle-wa-usa.html
Miss Tinkle's Overture,1,3,3,,03/17/2024,Showbox at the Market,Seattle,WA,USA,https://allthings.umphreys.com/setlists/umphreys-mcgee-march-17-2024-showbox-at-the-market-seattle-wa-usa.html
It's Not Your Fault,1,4,4,,03/17/2024,Showbox at the Market,Seattle,WA,USA,https://allthings.umphreys.com/setlists/umphreys-mcgee-march-17-2024-showbox-at-the-market-seattle-wa-usa.html
The Linear,1,5,5,,03/17/2024,Showbox at the Market,Seattle,WA,USA,https://allthings.umphreys.com/setlists/umphreys-mcgee-march-17-2024-showbox-at-the-market-seattle-wa-usa.html
Suxity,1,6,6,,03/17/2024,Showbox at the Market,Seattle,WA,USA,https://allthings.umphreys.com/setlists/umphreys-mcgee-march-17-2024-showbox-at-the-market-seattle-wa-usa.html
Bridgeless,1,7,7,,03/17/2024,Showbox at the Market,Seattle,WA,USA,https://allthings.umphreys.com/setlists/umphreys-mcgee-march-17-2024-showbox-at-the-market-seattle-wa-usa.html
No Excuses,1,8,8,"debut, Alice In Chains",03/17/2024,Showbox at the Market,Seattle,WA,USA,https://allthings.umphreys.com/setlists/umphreys-mcgee-march-17-2024-showbox-at-the-market-seattle-wa-usa.html
Wizard Burial Ground,1,9,9,,03/17/2024,Showbox at the Market,Seattle,WA,USA,https://allthings.umphreys.com/setlists/umphreys-mcgee-march-17-2024-showbox-at-the-market-seattle-wa-usa.html
Hurt Bird Bath,2,1,10,with Come Together (The Beatles) jam,03/17/2024,Showbox at the Market,Seattle,WA,USA,https://allthings.umphreys.com/setlists/umphreys-mcgee-march-17-2024-showbox-at-the-market-seattle-wa-usa.html
Staircase,2,2,11,,03/17/2024,Showbox at the Market,Seattle,WA,USA,https://allthings.umphreys.com/setlists/umphreys-mcgee-march-17-2024-showbox-at-the-market-seattle-wa-usa.html
40's Theme,2,3,12,,03/17/2024,Showbox at the Market,Seattle,WA,USA,https://allthings.umphreys.com/setlists/umphreys-mcgee-march-17-2024-showbox-at-the-market-seattle-wa-usa.html
In The Kitchen,2,4,13,,03/17/2024,Showbox at the Market,Seattle,WA,USA,https://allthings.umphreys.com/setlists/umphreys-mcgee-march-17-2024-showbox-at-the-market-seattle-wa-usa.html
Bad Friday,2,5,14,,03/17/2024,Showbox at the Market,Seattle,WA,USA,https://allthings.umphreys.com/setlists/umphreys-mcgee-march-17-2024-showbox-at-the-market-seattle-wa-usa.html
Bridgeless,2,6,15,,03/17/2024,Showbox at the Market,Seattle,WA,USA,https://allthings.umphreys.com/setlists/umphreys-mcgee-march-17-2024-showbox-at-the-market-seattle-wa-usa.html
Slacker,E,1,16,,03/17/2024,Showbox at the Market,Seattle,WA,USA,https://allthings.umphreys.com/setlists/umphreys-mcgee-march-17-2024-showbox-at-the-market-seattle-wa-usa.html
Educated Guess,1,1,1,,03/19/2024,Treefort Music Hall,Boise,ID,USA,https://allthings.umphreys.com/setlists/umphreys-mcgee-march-19-2024-treefort-music-hall-boise-id-usa.html
Got Your Milk (Right Here),1,2,2,,03/19/2024,Treefort Music Hall,Boise,ID,USA,https://allthings.umphreys.com/setlists/umphreys-mcgee-march-19-2024-treefort-music-hall-boise-id-usa.html
Always October,1,3,3,,03/19/2024,Treefort Music Hall,Boise,ID,USA,https://allthings.umphreys.com/setlists/umphreys-mcgee-march-19-2024-treefort-music-hall-boise-id-usa.html
It Doesn't Matter,1,4,4,,03/19/2024,Treefort Music Hall,Boise,ID,USA,https://allthings.umphreys.com/setlists/umphreys-mcgee-march-19-2024-treefort-music-hall-boise-id-usa.html
Walletsworth,1,5,5,,03/19/2024,Treefort Music Hall,Boise,ID,USA,https://allthings.umphreys.com/setlists/umphreys-mcgee-march-19-2024-treefort-music-hall-boise-id-usa.html
Night Nurse,1,6,6,with Karina Rykman replacing Ryan on bass,03/19/2024,Treefort Music Hall,Boise,ID,USA,https://allthings.umphreys.com/setlists/umphreys-mcgee-march-19-2024-treefort-music-hall-boise-id-usa.html
Nemo,1,7,7,,03/19/2024,Treefort Music Hall,Boise,ID,USA,https://allthings.umphreys.com/setlists/umphreys-mcgee-march-19-2024-treefort-music-hall-boise-id-usa.html
Domino Theory,1,8,8,,03/19/2024,Treefort Music Hall,Boise,ID,USA,https://allthings.umphreys.com/setlists/umphreys-mcgee-march-19-2024-treefort-music-hall-boise-id-usa.html
Escape Goat,2,1,9,,03/19/2024,Treefort Music Hall,Boise,ID,USA,https://allthings.umphreys.com/setlists/umphreys-mcgee-march-19-2024-treefort-music-hall-boise-id-usa.html
Spires,2,2,10,,03/19/2024,Treefort Music Hall,Boise,ID,USA,https://allthings.umphreys.com/setlists/umphreys-mcgee-march-19-2024-treefort-music-hall-boise-id-usa.html
Tribute to the Spinal Shaft,2,3,11,,03/19/2024,Treefort Music Hall,Boise,ID,USA,https://allthings.umphreys.com/setlists/umphreys-mcgee-march-19-2024-treefort-music-hall-boise-id-usa.html
Miami Virtue,2,4,12,,03/19/2024,Treefort Music Hall,Boise,ID,USA,https://allthings.umphreys.com/setlists/umphreys-mcgee-march-19-2024-treefort-music-hall-boise-id-usa.html
No Diablo,2,5,13,,03/19/2024,Treefort Music Hall,Boise,ID,USA,https://allthings.umphreys.com/setlists/umphreys-mcgee-march-19-2024-treefort-music-hall-boise-id-usa.html
Ringo,2,6,14,,03/19/2024,Treefort Music Hall,Boise,ID,USA,https://allthings.umphreys.com/setlists/umphreys-mcgee-march-19-2024-treefort-music-hall-boise-id-usa.html
Cut the Cable,2,7,15,,03/19/2024,Treefort Music Hall,Boise,ID,USA,https://allthings.umphreys.com/setlists/umphreys-mcgee-march-19-2024-treefort-music-hall-boise-id-usa.html
Much Obliged,E,1,16,,03/19/2024,Treefort Music Hall,Boise,ID,USA,https://allthings.umphreys.com/setlists/umphreys-mcgee-march-19-2024-treefort-music-hall-boise-id-usa.html
Glory,E,2,17,,03/19/2024,Treefort Music Hall,Boise,ID,USA,https://allthings.umphreys.com/setlists/umphreys-mcgee-march-19-2024-treefort-music-hall-boise-id-usa.html
Preamble,1,1,1,,03/21/2024,Harrah's Lake Tahoe South Shore Room,Stateline,NV,USA,https://allthings.umphreys.com/setlists/umphreys-mcgee-march-21-2024-harrahs-lake-tahoe-south-shore-room-stateline-nv-usa.html
Mantis-,1,2,2,,03/21/2024,Harrah's Lake Tahoe South Shore Room,Stateline,NV,USA,https://allthings.umphreys.com/setlists/umphreys-mcgee-march-21-2024-harrahs-lake-tahoe-south-shore-room-stateline-nv-usa.html
Make It Right,1,3,3,,03/21/2024,Harrah's Lake Tahoe South Shore Room,Stateline,NV,USA,https://allthings.umphreys.com/setlists/umphreys-mcgee-march-21-2024-harrahs-lake-tahoe-south-shore-room-stateline-nv-usa.html
Der Bluten Kat,1,4,4,,03/21/2024,Harrah's Lake Tahoe South Shore Room,Stateline,NV,USA,https://allthings.umphreys.com/setlists/umphreys-mcgee-march-21-2024-harrahs-lake-tahoe-south-shore-room-stateline-nv-usa.html
Push the Pig-,1,5,5,,03/21/2024,Harrah's Lake Tahoe South Shore Room,Stateline,NV,USA,https://allthings.umphreys.com/setlists/umphreys-mcgee-march-21-2024-harrahs-lake-tahoe-south-shore-room-stateline-nv-usa.html
Der Bluten Kat,1,6,6,,03/21/2024,Harrah's Lake Tahoe South Shore Room,Stateline,NV,USA,https://allthings.umphreys.com/setlists/umphreys-mcgee-march-21-2024-harrahs-lake-tahoe-south-shore-room-stateline-nv-usa.html
Hiccup,1,7,7,,03/21/2024,Harrah's Lake Tahoe South Shore Room,Stateline,NV,USA,https://allthings.umphreys.com/setlists/umphreys-mcgee-march-21-2024-harrahs-lake-tahoe-south-shore-room-stateline-nv-usa.html
Mantis,1,8,8,,03/21/2024,Harrah's Lake Tahoe South Shore Room,Stateline,NV,USA,https://allthings.umphreys.com/setlists/umphreys-mcgee-march-21-2024-harrahs-lake-tahoe-south-shore-room-stateline-nv-usa.html
Conduit,2,1,9,,03/21/2024,Harrah's Lake Tahoe South Shore Room,Stateline,NV,USA,https://allthings.umphreys.com/setlists/umphreys-mcgee-march-21-2024-harrahs-lake-tahoe-south-shore-room-stateline-nv-usa.html
Red Tape,2,2,10,,03/21/2024,Harrah's Lake Tahoe South Shore Room,Stateline,NV,USA,https://allthings.umphreys.com/setlists/umphreys-mcgee-march-21-2024-harrahs-lake-tahoe-south-shore-room-stateline-nv-usa.html
Women Wine and Song-,2,3,11,,03/21/2024,Harrah's Lake Tahoe South Shore Room,Stateline,NV,USA,https://allthings.umphreys.com/setlists/umphreys-mcgee-march-21-2024-harrahs-lake-tahoe-south-shore-room-stateline-nv-usa.html
Draconian,2,4,12,,03/21/2024,Harrah's Lake Tahoe South Shore Room,Stateline,NV,USA,https://allthings.umphreys.com/setlists/umphreys-mcgee-march-21-2024-harrahs-lake-tahoe-south-shore-room-stateline-nv-usa.html
Den,2,5,13,,03/21/2024,Harrah's Lake Tahoe South Shore Room,Stateline,NV,USA,https://allthings.umphreys.com/setlists/umphreys-mcgee-march-21-2024-harrahs-lake-tahoe-south-shore-room-stateline-nv-usa.html
JaJunk,2,6,14,,03/21/2024,Harrah's Lake Tahoe South Shore Room,Stateline,NV,USA,https://allthings.umphreys.com/setlists/umphreys-mcgee-march-21-2024-harrahs-lake-tahoe-south-shore-room-stateline-nv-usa.html
Scenes from an Italian Restaurant,3,1,15,,03/21/2024,Harrah's Lake Tahoe South Shore Room,Stateline,NV,USA,https://allthings.umphreys.com/setlists/umphreys-mcgee-march-21-2024-harrahs-lake-tahoe-south-shore-room-stateline-nv-usa.html
Drink My Drank,1,1,1,,03/22/2024,The Regency Ballroom,San Francisco,CA,USA,https://allthings.umphreys.com/setlists/umphreys-mcgee-march-22-2024-the-regency-ballroom-san-francisco-ca-usa.html
The Silent Type,1,2,2,,03/22/2024,The Regency Ballroom,San Francisco,CA,USA,https://allthings.umphreys.com/setlists/umphreys-mcgee-march-22-2024-the-regency-ballroom-san-francisco-ca-usa.html
Upward,1,3,3,,03/22/2024,The Regency Ballroom,San Francisco,CA,USA,https://allthings.umphreys.com/setlists/umphreys-mcgee-march-22-2024-the-regency-ballroom-san-francisco-ca-usa.html
2x2,1,4,4,,03/22/2024,The Regency Ballroom,San Francisco,CA,USA,https://allthings.umphreys.com/setlists/umphreys-mcgee-march-22-2024-the-regency-ballroom-san-francisco-ca-usa.html
#5,1,5,5,,03/22/2024,The Regency Ballroom,San Francisco,CA,USA,https://allthings.umphreys.com/setlists/umphreys-mcgee-march-22-2024-the-regency-ballroom-san-francisco-ca-usa.html
2x2,1,6,6,with Feels So Good (Chuck Mangione) teases,03/22/2024,The Regency Ballroom,San Francisco,CA,USA,https://allthings.umphreys.com/setlists/umphreys-mcgee-march-22-2024-the-regency-ballroom-san-francisco-ca-usa.html
Muff II: The Revenge,1,7,7,,03/22/2024,The Regency Ballroom,San Francisco,CA,USA,https://allthings.umphreys.com/setlists/umphreys-mcgee-march-22-2024-the-regency-ballroom-san-francisco-ca-usa.html
Puppet String,1,8,8,,03/22/2024,The Regency Ballroom,San Francisco,CA,USA,https://allthings.umphreys.com/setlists/umphreys-mcgee-march-22-2024-the-regency-ballroom-san-francisco-ca-usa.html
Go to Hell,2,1,9,,03/22/2024,The Regency Ballroom,San Francisco,CA,USA,https://allthings.umphreys.com/setlists/umphreys-mcgee-march-22-2024-the-regency-ballroom-san-francisco-ca-usa.html
August,2,2,10,,03/22/2024,The Regency Ballroom,San Francisco,CA,USA,https://allthings.umphreys.com/setlists/umphreys-mcgee-march-22-2024-the-regency-ballroom-san-francisco-ca-usa.html
The Triple Wide,2,3,11,,03/22/2024,The Regency Ballroom,San Francisco,CA,USA,https://allthings.umphreys.com/setlists/umphreys-mcgee-march-22-2024-the-regency-ballroom-san-francisco-ca-usa.html
Out Of Order,2,4,12,,03/22/2024,The Regency Ballroom,San Francisco,CA,USA,https://allthings.umphreys.com/setlists/umphreys-mcgee-march-22-2024-the-regency-ballroom-san-francisco-ca-usa.html
Similar Skin,2,5,13,with Memphis Underground (Herbie Mann) jam,03/22/2024,The Regency Ballroom,San Francisco,CA,USA,https://allthings.umphreys.com/setlists/umphreys-mcgee-march-22-2024-the-regency-ballroom-san-francisco-ca-usa.html
The Pequod,2,6,14,,03/22/2024,The Regency Ballroom,San Francisco,CA,USA,https://allthings.umphreys.com/setlists/umphreys-mcgee-march-22-2024-the-regency-ballroom-san-francisco-ca-usa.html
Roctopus,2,7,15,,03/22/2024,The Regency Ballroom,San Francisco,CA,USA,https://allthings.umphreys.com/setlists/umphreys-mcgee-march-22-2024-the-regency-ballroom-san-francisco-ca-usa.html
Althea,E,1,16,,03/22/2024,The Regency Ballroom,San Francisco,CA,USA,https://allthings.umphreys.com/setlists/umphreys-mcgee-march-22-2024-the-regency-ballroom-san-francisco-ca-usa.html
You Got the Wrong Guy,1,1,1,,03/23/2024,The Bellwether,Los Angeles,CA,USA,https://allthings.umphreys.com/setlists/umphreys-mcgee-march-23-2024-the-bellwether-los-angeles-ca-usa.html
Pure Saturation,1,2,2,,03/23/2024,The Bellwether,Los Angeles,CA,USA,https://allthings.umphreys.com/setlists/umphreys-mcgee-march-23-2024-the-bellwether-los-angeles-ca-usa.html
Half Delayed,1,3,3,,03/23/2024,The Bellwether,Los Angeles,CA,USA,https://allthings.umphreys.com/setlists/umphreys-mcgee-march-23-2024-the-bellwether-los-angeles-ca-usa.html
The Crooked One,1,4,4,,03/23/2024,The Bellwether,Los Angeles,CA,USA,https://allthings.umphreys.com/setlists/umphreys-mcgee-march-23-2024-the-bellwether-los-angeles-ca-usa.html
Professor Wormbog,1,5,5,,03/23/2024,The Bellwether,Los Angeles,CA,USA,https://allthings.umphreys.com/setlists/umphreys-mcgee-march-23-2024-the-bellwether-los-angeles-ca-usa.html
Wappy Sprayberry,1,6,6,,03/23/2024,The Bellwether,Los Angeles,CA,USA,https://allthings.umphreys.com/setlists/umphreys-mcgee-march-23-2024-the-bellwether-los-angeles-ca-usa.html
Miss Tinkle's Overture,1,7,7,,03/23/2024,The Bellwether,Los Angeles,CA,USA,https://allthings.umphreys.com/setlists/umphreys-mcgee-march-23-2024-the-bellwether-los-angeles-ca-usa.html
Plunger,1,8,8,,03/23/2024,The Bellwether,Los Angeles,CA,USA,https://allthings.umphreys.com/setlists/umphreys-mcgee-march-23-2024-the-bellwether-los-angeles-ca-usa.html
Hajimemashite,1,9,9,,03/23/2024,The Bellwether,Los Angeles,CA,USA,https://allthings.umphreys.com/setlists/umphreys-mcgee-march-23-2024-the-bellwether-los-angeles-ca-usa.html
Staircase,2,1,10,,03/23/2024,The Bellwether,Los Angeles,CA,USA,https://allthings.umphreys.com/setlists/umphreys-mcgee-march-23-2024-the-bellwether-los-angeles-ca-usa.html
Pay the Snucka,2,2,11,,03/23/2024,The Bellwether,Los Angeles,CA,USA,https://allthings.umphreys.com/setlists/umphreys-mcgee-march-23-2024-the-bellwether-los-angeles-ca-usa.html
Shine On You Crazy Diamond,2,3,12,with Scott Page on saxophone and Adele Avila on percussion,03/23/2024,The Bellwether,Los Angeles,CA,USA,https://allthings.umphreys.com/setlists/umphreys-mcgee-march-23-2024-the-bellwether-los-angeles-ca-usa.html
Small Strides,2,4,13,,03/23/2024,The Bellwether,Los Angeles,CA,USA,https://allthings.umphreys.com/setlists/umphreys-mcgee-march-23-2024-the-bellwether-los-angeles-ca-usa.html
Bridgeless,2,5,14,,03/23/2024,The Bellwether,Los Angeles,CA,USA,https://allthings.umphreys.com/setlists/umphreys-mcgee-march-23-2024-the-bellwether-los-angeles-ca-usa.html
The Floor,E,1,15,,03/23/2024,The Bellwether,Los Angeles,CA,USA,https://allthings.umphreys.com/setlists/umphreys-mcgee-march-23-2024-the-bellwether-los-angeles-ca-usa.html
Dump City,1,1,1,,03/24/2024,The Observatory North Park,San Diego,CA,USA,https://allthings.umphreys.com/setlists/umphreys-mcgee-march-24-2024-the-observatory-north-park-san-diego-ca-usa.html
Loose Ends,1,2,2,,03/24/2024,The Observatory North Park,San Diego,CA,USA,https://allthings.umphreys.com/setlists/umphreys-mcgee-march-24-2024-the-observatory-north-park-san-diego-ca-usa.html
Nothing Too Fancy,1,3,3,,03/24/2024,The Observatory North Park,San Diego,CA,USA,https://allthings.umphreys.com/setlists/umphreys-mcgee-march-24-2024-the-observatory-north-park-san-diego-ca-usa.html
Mail Package,1,4,4,,03/24/2024,The Observatory North Park,San Diego,CA,USA,https://allthings.umphreys.com/setlists/umphreys-mcgee-march-24-2024-the-observatory-north-park-san-diego-ca-usa.html
Cut the Cable,1,5,5,,03/24/2024,The Observatory North Park,San Diego,CA,USA,https://allthings.umphreys.com/setlists/umphreys-mcgee-march-24-2024-the-observatory-north-park-san-diego-ca-usa.html
Partyin' Peeps,1,6,6,,03/24/2024,The Observatory North Park,San Diego,CA,USA,https://allthings.umphreys.com/setlists/umphreys-mcgee-march-24-2024-the-observatory-north-park-san-diego-ca-usa.html
Intentions Clear,1,7,7,,03/24/2024,The Observatory North Park,San Diego,CA,USA,https://allthings.umphreys.com/setlists/umphreys-mcgee-march-24-2024-the-observatory-north-park-san-diego-ca-usa.html
Nothing Too Fancy,1,8,8,,03/24/2024,The Observatory North Park,San Diego,CA,USA,https://allthings.umphreys.com/setlists/umphreys-mcgee-march-24-2024-the-observatory-north-park-san-diego-ca-usa.html
Attachments,2,1,9,,03/24/2024,The Observatory North Park,San Diego,CA,USA,https://allthings.umphreys.com/setlists/umphreys-mcgee-march-24-2024-the-observatory-north-park-san-diego-ca-usa.html
The Fussy Dutchman,2,2,10,,03/24/2024,The Observatory North Park,San Diego,CA,USA,https://allthings.umphreys.com/setlists/umphreys-mcgee-march-24-2024-the-observatory-north-park-san-diego-ca-usa.html
Bad Poker,2,3,11,,03/24/2024,The Observatory North Park,San Diego,CA,USA,https://allthings.umphreys.com/setlists/umphreys-mcgee-march-24-2024-the-observatory-north-park-san-diego-ca-usa.html
Fenced In,2,4,12,,03/24/2024,The Observatory North Park,San Diego,CA,USA,https://allthings.umphreys.com/setlists/umphreys-mcgee-march-24-2024-the-observatory-north-park-san-diego-ca-usa.html
Hurt Bird Bath,2,5,13,,03/24/2024,The Observatory North Park,San Diego,CA,USA,https://allthings.umphreys.com/setlists/umphreys-mcgee-march-24-2024-the-observatory-north-park-san-diego-ca-usa.html
Don't You (Forget About Me),2,6,14,,03/24/2024,The Observatory North Park,San Diego,CA,USA,https://allthings.umphreys.com/setlists/umphreys-mcgee-march-24-2024-the-observatory-north-park-san-diego-ca-usa.html
All In Time,E,1,15,,03/24/2024,The Observatory North Park,San Diego,CA,USA,https://allthings.umphreys.com/setlists/umphreys-mcgee-march-24-2024-the-observatory-north-park-san-diego-ca-usa.html
Day Nurse,1,1,1,,04/10/2024,Epic Event Center,Green Bay,WI,USA,https://allthings.umphreys.com/setlists/umphreys-mcgee-april-10-2024-epic-event-center-green-bay-wi-usa.html
Water,1,2,2,,04/10/2024,Epic Event Center,Green Bay,WI,USA,https://allthings.umphreys.com/setlists/umphreys-mcgee-april-10-2024-epic-event-center-green-bay-wi-usa.html
I Don't Know What I Want,1,3,3,,04/10/2024,Epic Event Center,Green Bay,WI,USA,https://allthings.umphreys.com/setlists/umphreys-mcgee-april-10-2024-epic-event-center-green-bay-wi-usa.html
Deeper,1,4,4,,04/10/2024,Epic Event Center,Green Bay,WI,USA,https://allthings.umphreys.com/setlists/umphreys-mcgee-april-10-2024-epic-event-center-green-bay-wi-usa.html
Smell the Mitten,1,5,5,,04/10/2024,Epic Event Center,Green Bay,WI,USA,https://allthings.umphreys.com/setlists/umphreys-mcgee-april-10-2024-epic-event-center-green-bay-wi-usa.html
Rocker Part 2,1,6,6,,04/10/2024,Epic Event Center,Green Bay,WI,USA,https://allthings.umphreys.com/setlists/umphreys-mcgee-april-10-2024-epic-event-center-green-bay-wi-usa.html
A Go Go,1,7,7,,04/10/2024,Epic Event Center,Green Bay,WI,USA,https://allthings.umphreys.com/setlists/umphreys-mcgee-april-10-2024-epic-event-center-green-bay-wi-usa.html
Domino Theory,1,8,8,,04/10/2024,Epic Event Center,Green Bay,WI,USA,https://allthings.umphreys.com/setlists/umphreys-mcgee-april-10-2024-epic-event-center-green-bay-wi-usa.html
Preamble,2,1,9,,04/10/2024,Epic Event Center,Green Bay,WI,USA,https://allthings.umphreys.com/setlists/umphreys-mcgee-april-10-2024-epic-event-center-green-bay-wi-usa.html
Mantis,2,2,10,,04/10/2024,Epic Event Center,Green Bay,WI,USA,https://allthings.umphreys.com/setlists/umphreys-mcgee-april-10-2024-epic-event-center-green-bay-wi-usa.html
Cemetery Walk,2,3,11,,04/10/2024,Epic Event Center,Green Bay,WI,USA,https://allthings.umphreys.com/setlists/umphreys-mcgee-april-10-2024-epic-event-center-green-bay-wi-usa.html
Cemetery Walk II,2,4,12,,04/10/2024,Epic Event Center,Green Bay,WI,USA,https://allthings.umphreys.com/setlists/umphreys-mcgee-april-10-2024-epic-event-center-green-bay-wi-usa.html
Push the Pig,2,5,13,,04/10/2024,Epic Event Center,Green Bay,WI,USA,https://allthings.umphreys.com/setlists/umphreys-mcgee-april-10-2024-epic-event-center-green-bay-wi-usa.html
Resolution,2,6,14,,04/10/2024,Epic Event Center,Green Bay,WI,USA,https://allthings.umphreys.com/setlists/umphreys-mcgee-april-10-2024-epic-event-center-green-bay-wi-usa.html
Orfeo,2,7,15,just Joel on piano,04/10/2024,Epic Event Center,Green Bay,WI,USA,https://allthings.umphreys.com/setlists/umphreys-mcgee-april-10-2024-epic-event-center-green-bay-wi-usa.html
Cut the Cable,E,1,16,,04/10/2024,Epic Event Center,Green Bay,WI,USA,https://allthings.umphreys.com/setlists/umphreys-mcgee-april-10-2024-epic-event-center-green-bay-wi-usa.html
1348,1,1,1,,04/11/2024,The Sylvee,Madison,WI,USA,https://allthings.umphreys.com/setlists/umphreys-mcgee-april-11-2024-the-sylvee-madison-wi-usa.html
Wife Soup,1,2,2,,04/11/2024,The Sylvee,Madison,WI,USA,https://allthings.umphreys.com/setlists/umphreys-mcgee-april-11-2024-the-sylvee-madison-wi-usa.html
Staircase-,1,3,3,,04/11/2024,The Sylvee,Madison,WI,USA,https://allthings.umphreys.com/setlists/umphreys-mcgee-april-11-2024-the-sylvee-madison-wi-usa.html
Mail Package,1,4,4,,04/11/2024,The Sylvee,Madison,WI,USA,https://allthings.umphreys.com/setlists/umphreys-mcgee-april-11-2024-the-sylvee-madison-wi-usa.html
Crucial Taunt,1,5,5,,04/11/2024,The Sylvee,Madison,WI,USA,https://allthings.umphreys.com/setlists/umphreys-mcgee-april-11-2024-the-sylvee-madison-wi-usa.html
Escape Goat,1,6,6,with Billie Jean (Michael Jackson) teases,04/11/2024,The Sylvee,Madison,WI,USA,https://allthings.umphreys.com/setlists/umphreys-mcgee-april-11-2024-the-sylvee-madison-wi-usa.html
Wizard Burial Ground,2,1,7,,04/11/2024,The Sylvee,Madison,WI,USA,https://allthings.umphreys.com/setlists/umphreys-mcgee-april-11-2024-the-sylvee-madison-wi-usa.html
Nemo,2,2,8,,04/11/2024,The Sylvee,Madison,WI,USA,https://allthings.umphreys.com/setlists/umphreys-mcgee-april-11-2024-the-sylvee-madison-wi-usa.html
Miss Tinkle's Overture,2,3,9,,04/11/2024,The Sylvee,Madison,WI,USA,https://allthings.umphreys.com/setlists/umphreys-mcgee-april-11-2024-the-sylvee-madison-wi-usa.html
Nemo,2,4,10,,04/11/2024,The Sylvee,Madison,WI,USA,https://allthings.umphreys.com/setlists/umphreys-mcgee-april-11-2024-the-sylvee-madison-wi-usa.html
Wizard Burial Ground,2,5,11,,04/11/2024,The Sylvee,Madison,WI,USA,https://allthings.umphreys.com/setlists/umphreys-mcgee-april-11-2024-the-sylvee-madison-wi-usa.html
Cinnamon Girl,2,6,12,,04/11/2024,The Sylvee,Madison,WI,USA,https://allthings.umphreys.com/setlists/umphreys-mcgee-april-11-2024-the-sylvee-madison-wi-usa.html
Night Nurse,2,7,13,with 25 or 6 to 4 (Chicago) teases,04/11/2024,The Sylvee,Madison,WI,USA,https://allthings.umphreys.com/setlists/umphreys-mcgee-april-11-2024-the-sylvee-madison-wi-usa.html
Draconian,2,8,14,,04/11/2024,The Sylvee,Madison,WI,USA,https://allthings.umphreys.com/setlists/umphreys-mcgee-april-11-2024-the-sylvee-madison-wi-usa.html
1348,2,9,15,,04/11/2024,The Sylvee,Madison,WI,USA,https://allthings.umphreys.com/setlists/umphreys-mcgee-april-11-2024-the-sylvee-madison-wi-usa.html
40's Theme,E,1,16,with Miss You (The Rolling Stones) tease,04/11/2024,The Sylvee,Madison,WI,USA,https://allthings.umphreys.com/setlists/umphreys-mcgee-april-11-2024-the-sylvee-madison-wi-usa.html
Bridgeless,1,1,1,,04/12/2024,First Avenue,Minneapolis,MN,USA,https://allthings.umphreys.com/setlists/umphreys-mcgee-april-12-2024-first-avenue-minneapolis-mn-usa.html
Bad Friday,1,2,2,,04/12/2024,First Avenue,Minneapolis,MN,USA,https://allthings.umphreys.com/setlists/umphreys-mcgee-april-12-2024-first-avenue-minneapolis-mn-usa.html
Nothing Too Fancy,1,3,3,,04/12/2024,First Avenue,Minneapolis,MN,USA,https://allthings.umphreys.com/setlists/umphreys-mcgee-april-12-2024-first-avenue-minneapolis-mn-usa.html
Partyin' Peeps,1,4,4,,04/12/2024,First Avenue,Minneapolis,MN,USA,https://allthings.umphreys.com/setlists/umphreys-mcgee-april-12-2024-first-avenue-minneapolis-mn-usa.html
So Much,1,5,5,,04/12/2024,First Avenue,Minneapolis,MN,USA,https://allthings.umphreys.com/setlists/umphreys-mcgee-april-12-2024-first-avenue-minneapolis-mn-usa.html
No Excuses,1,6,6,,04/12/2024,First Avenue,Minneapolis,MN,USA,https://allthings.umphreys.com/setlists/umphreys-mcgee-april-12-2024-first-avenue-minneapolis-mn-usa.html
Nothing Too Fancy,1,7,7,,04/12/2024,First Avenue,Minneapolis,MN,USA,https://allthings.umphreys.com/setlists/umphreys-mcgee-april-12-2024-first-avenue-minneapolis-mn-usa.html
Fenced In-,2,1,8,,04/12/2024,First Avenue,Minneapolis,MN,USA,https://allthings.umphreys.com/setlists/umphreys-mcgee-april-12-2024-first-avenue-minneapolis-mn-usa.html
Wappy Sprayberry,2,2,9,with 25 or 6 to 4 (Chicago) jam,04/12/2024,First Avenue,Minneapolis,MN,USA,https://allthings.umphreys.com/setlists/umphreys-mcgee-april-12-2024-first-avenue-minneapolis-mn-usa.html
JaJunk,2,3,10,,04/12/2024,First Avenue,Minneapolis,MN,USA,https://allthings.umphreys.com/setlists/umphreys-mcgee-april-12-2024-first-avenue-minneapolis-mn-usa.html
Women Wine and Song,2,4,11,,04/12/2024,First Avenue,Minneapolis,MN,USA,https://allthings.umphreys.com/setlists/umphreys-mcgee-april-12-2024-first-avenue-minneapolis-mn-usa.html
Hurt Bird Bath,2,5,12,,04/12/2024,First Avenue,Minneapolis,MN,USA,https://allthings.umphreys.com/setlists/umphreys-mcgee-april-12-2024-first-avenue-minneapolis-mn-usa.html
Puppet String,2,6,13,,04/12/2024,First Avenue,Minneapolis,MN,USA,https://allthings.umphreys.com/setlists/umphreys-mcgee-april-12-2024-first-avenue-minneapolis-mn-usa.html
Come Closer,E,1,14,,04/12/2024,First Avenue,Minneapolis,MN,USA,https://allthings.umphreys.com/setlists/umphreys-mcgee-april-12-2024-first-avenue-minneapolis-mn-usa.html
The Floor,1,1,1,,04/13/2024,First Avenue,Minneapolis,MN,USA,https://allthings.umphreys.com/setlists/umphreys-mcgee-april-13-2024-first-avenue-minneapolis-mn-usa.html
The Silent Type,1,2,2,,04/13/2024,First Avenue,Minneapolis,MN,USA,https://allthings.umphreys.com/setlists/umphreys-mcgee-april-13-2024-first-avenue-minneapolis-mn-usa.html
Booth Love,1,3,3,,04/13/2024,First Avenue,Minneapolis,MN,USA,https://allthings.umphreys.com/setlists/umphreys-mcgee-april-13-2024-first-avenue-minneapolis-mn-usa.html
Padgett's Profile,1,4,4,,04/13/2024,First Avenue,Minneapolis,MN,USA,https://allthings.umphreys.com/setlists/umphreys-mcgee-april-13-2024-first-avenue-minneapolis-mn-usa.html
Hiccup,1,5,5,,04/13/2024,First Avenue,Minneapolis,MN,USA,https://allthings.umphreys.com/setlists/umphreys-mcgee-april-13-2024-first-avenue-minneapolis-mn-usa.html
Slacker,1,6,6,,04/13/2024,First Avenue,Minneapolis,MN,USA,https://allthings.umphreys.com/setlists/umphreys-mcgee-april-13-2024-first-avenue-minneapolis-mn-usa.html
Interstate Love Song,1,7,7,,04/13/2024,First Avenue,Minneapolis,MN,USA,https://allthings.umphreys.com/setlists/umphreys-mcgee-april-13-2024-first-avenue-minneapolis-mn-usa.html
Dump City,1,8,8,,04/13/2024,First Avenue,Minneapolis,MN,USA,https://allthings.umphreys.com/setlists/umphreys-mcgee-april-13-2024-first-avenue-minneapolis-mn-usa.html
Small Strides,2,1,9,,04/13/2024,First Avenue,Minneapolis,MN,USA,https://allthings.umphreys.com/setlists/umphreys-mcgee-april-13-2024-first-avenue-minneapolis-mn-usa.html
All In Time,2,2,10,,04/13/2024,First Avenue,Minneapolis,MN,USA,https://allthings.umphreys.com/setlists/umphreys-mcgee-april-13-2024-first-avenue-minneapolis-mn-usa.html
Uncommon,2,3,11,with Dazed and Confused (Led Zeppelin) teases,04/13/2024,First Avenue,Minneapolis,MN,USA,https://allthings.umphreys.com/setlists/umphreys-mcgee-april-13-2024-first-avenue-minneapolis-mn-usa.html
Attachments,2,4,12,with 1000 Places to See Before You Die jam,04/13/2024,First Avenue,Minneapolis,MN,USA,https://allthings.umphreys.com/setlists/umphreys-mcgee-april-13-2024-first-avenue-minneapolis-mn-usa.html
Ringo,2,5,13,,04/13/2024,First Avenue,Minneapolis,MN,USA,https://allthings.umphreys.com/setlists/umphreys-mcgee-april-13-2024-first-avenue-minneapolis-mn-usa.html
Can't You Hear Me Knocking,2,6,14,,04/13/2024,First Avenue,Minneapolis,MN,USA,https://allthings.umphreys.com/setlists/umphreys-mcgee-april-13-2024-first-avenue-minneapolis-mn-usa.html
The Triple Wide,E,1,15,unfinished,04/13/2024,First Avenue,Minneapolis,MN,USA,https://allthings.umphreys.com/setlists/umphreys-mcgee-april-13-2024-first-avenue-minneapolis-mn-usa.html
All In Time,E,2,16,,04/13/2024,First Avenue,Minneapolis,MN,USA,https://allthings.umphreys.com/setlists/umphreys-mcgee-april-13-2024-first-avenue-minneapolis-mn-usa.html
Conduit,1,1,1,,04/18/2024,The Windjammer,Isle of Palms,SC,USA,https://allthings.umphreys.com/setlists/umphreys-mcgee-april-18-2024-the-windjammer-isle-of-palms-sc-usa.html
Example 1,1,2,2,,04/18/2024,The Windjammer,Isle of Palms,SC,USA,https://allthings.umphreys.com/setlists/umphreys-mcgee-april-18-2024-the-windjammer-isle-of-palms-sc-usa.html
Looks,1,3,3,,04/18/2024,The Windjammer,Isle of Palms,SC,USA,https://allthings.umphreys.com/setlists/umphreys-mcgee-april-18-2024-the-windjammer-isle-of-palms-sc-usa.html
Tribute to the Spinal Shaft,1,4,4,,04/18/2024,The Windjammer,Isle of Palms,SC,USA,https://allthings.umphreys.com/setlists/umphreys-mcgee-april-18-2024-the-windjammer-isle-of-palms-sc-usa.html
Morning Song,1,5,5,,04/18/2024,The Windjammer,Isle of Palms,SC,USA,https://allthings.umphreys.com/setlists/umphreys-mcgee-april-18-2024-the-windjammer-isle-of-palms-sc-usa.html
Utopian Fir,1,6,6,,04/18/2024,The Windjammer,Isle of Palms,SC,USA,https://allthings.umphreys.com/setlists/umphreys-mcgee-april-18-2024-the-windjammer-isle-of-palms-sc-usa.html
Come As Your Kids,1,7,7,,04/18/2024,The Windjammer,Isle of Palms,SC,USA,https://allthings.umphreys.com/setlists/umphreys-mcgee-april-18-2024-the-windjammer-isle-of-palms-sc-usa.html
Utopian Fir,1,8,8,,04/18/2024,The Windjammer,Isle of Palms,SC,USA,https://allthings.umphreys.com/setlists/umphreys-mcgee-april-18-2024-the-windjammer-isle-of-palms-sc-usa.html
Robot World,2,1,9,,04/18/2024,The Windjammer,Isle of Palms,SC,USA,https://allthings.umphreys.com/setlists/umphreys-mcgee-april-18-2024-the-windjammer-isle-of-palms-sc-usa.html
Dear Prudence,2,2,10,with Kanika Moore on vocals,04/18/2024,The Windjammer,Isle of Palms,SC,USA,https://allthings.umphreys.com/setlists/umphreys-mcgee-april-18-2024-the-windjammer-isle-of-palms-sc-usa.html
Believe the Lie,2,3,11,,04/18/2024,The Windjammer,Isle of Palms,SC,USA,https://allthings.umphreys.com/setlists/umphreys-mcgee-april-18-2024-the-windjammer-isle-of-palms-sc-usa.html
It Doesn't Matter,2,4,12,with Thunderstruck (AC/DC) tease and I Keep Forgettin' (McDonald) jam,04/18/2024,The Windjammer,Isle of Palms,SC,USA,https://allthings.umphreys.com/setlists/umphreys-mcgee-april-18-2024-the-windjammer-isle-of-palms-sc-usa.html
Andy's Last Beer,2,5,13,,04/18/2024,The Windjammer,Isle of Palms,SC,USA,https://allthings.umphreys.com/setlists/umphreys-mcgee-april-18-2024-the-windjammer-isle-of-palms-sc-usa.html
No Comment-,2,6,14,,04/18/2024,The Windjammer,Isle of Palms,SC,USA,https://allthings.umphreys.com/setlists/umphreys-mcgee-april-18-2024-the-windjammer-isle-of-palms-sc-usa.html
Den,2,7,15,,04/18/2024,The Windjammer,Isle of Palms,SC,USA,https://allthings.umphreys.com/setlists/umphreys-mcgee-april-18-2024-the-windjammer-isle-of-palms-sc-usa.html
Jessica,E,1,16,,04/18/2024,The Windjammer,Isle of Palms,SC,USA,https://allthings.umphreys.com/setlists/umphreys-mcgee-april-18-2024-the-windjammer-isle-of-palms-sc-usa.html
Pure Saturation,1,1,1,,04/19/2024,The Windjammer,Isle of Palms,SC,USA,https://allthings.umphreys.com/setlists/umphreys-mcgee-april-19-2024-the-windjammer-isle-of-palms-sc-usa.html
Syncopated Strangers,1,2,2,with Breezin' (George Benson) tease,04/19/2024,The Windjammer,Isle of Palms,SC,USA,https://allthings.umphreys.com/setlists/umphreys-mcgee-april-19-2024-the-windjammer-isle-of-palms-sc-usa.html
2nd Self,1,3,3,,04/19/2024,The Windjammer,Isle of Palms,SC,USA,https://allthings.umphreys.com/setlists/umphreys-mcgee-april-19-2024-the-windjammer-isle-of-palms-sc-usa.html
Push the Pig,1,4,4,,04/19/2024,The Windjammer,Isle of Palms,SC,USA,https://allthings.umphreys.com/setlists/umphreys-mcgee-april-19-2024-the-windjammer-isle-of-palms-sc-usa.html
Make It Right,1,5,5,,04/19/2024,The Windjammer,Isle of Palms,SC,USA,https://allthings.umphreys.com/setlists/umphreys-mcgee-april-19-2024-the-windjammer-isle-of-palms-sc-usa.html
Cut the Cable,1,6,6,,04/19/2024,The Windjammer,Isle of Palms,SC,USA,https://allthings.umphreys.com/setlists/umphreys-mcgee-april-19-2024-the-windjammer-isle-of-palms-sc-usa.html
Plunger,1,7,7,,04/19/2024,The Windjammer,Isle of Palms,SC,USA,https://allthings.umphreys.com/setlists/umphreys-mcgee-april-19-2024-the-windjammer-isle-of-palms-sc-usa.html
Glory,1,8,8,,04/19/2024,The Windjammer,Isle of Palms,SC,USA,https://allthings.umphreys.com/setlists/umphreys-mcgee-april-19-2024-the-windjammer-isle-of-palms-sc-usa.html
In The Kitchen,2,1,9,,04/19/2024,The Windjammer,Isle of Palms,SC,USA,https://allthings.umphreys.com/setlists/umphreys-mcgee-april-19-2024-the-windjammer-isle-of-palms-sc-usa.html
Hajimemashite,2,2,10,,04/19/2024,The Windjammer,Isle of Palms,SC,USA,https://allthings.umphreys.com/setlists/umphreys-mcgee-april-19-2024-the-windjammer-isle-of-palms-sc-usa.html
Mulche's Odyssey,2,3,11,,04/19/2024,The Windjammer,Isle of Palms,SC,USA,https://allthings.umphreys.com/setlists/umphreys-mcgee-april-19-2024-the-windjammer-isle-of-palms-sc-usa.html
Staircase,2,4,12,,04/19/2024,The Windjammer,Isle of Palms,SC,USA,https://allthings.umphreys.com/setlists/umphreys-mcgee-april-19-2024-the-windjammer-isle-of-palms-sc-usa.html
Weird Fishes/Arpeggi,2,5,13,,04/19/2024,The Windjammer,Isle of Palms,SC,USA,https://allthings.umphreys.com/setlists/umphreys-mcgee-april-19-2024-the-windjammer-isle-of-palms-sc-usa.html
Day Nurse,2,6,14,,04/19/2024,The Windjammer,Isle of Palms,SC,USA,https://allthings.umphreys.com/setlists/umphreys-mcgee-april-19-2024-the-windjammer-isle-of-palms-sc-usa.html
Resolution,2,7,15,with Free Fallin' (Tom Petty) jam and Jump Around (House of Pain) teases,04/19/2024,The Windjammer,Isle of Palms,SC,USA,https://allthings.umphreys.com/setlists/umphreys-mcgee-april-19-2024-the-windjammer-isle-of-palms-sc-usa.html
In The Kitchen,2,8,16,,04/19/2024,The Windjammer,Isle of Palms,SC,USA,https://allthings.umphreys.com/setlists/umphreys-mcgee-april-19-2024-the-windjammer-isle-of-palms-sc-usa.html
Hangover,E,1,17,,04/19/2024,The Windjammer,Isle of Palms,SC,USA,https://allthings.umphreys.com/setlists/umphreys-mcgee-april-19-2024-the-windjammer-isle-of-palms-sc-usa.html
Hollywood Nights,E,2,18,,04/19/2024,The Windjammer,Isle of Palms,SC,USA,https://allthings.umphreys.com/setlists/umphreys-mcgee-april-19-2024-the-windjammer-isle-of-palms-sc-usa.html
Ringo,1,1,1,,04/20/2024,Greenfield Lake Amphitheater,Wilmington,NC,USA,https://allthings.umphreys.com/setlists/umphreys-mcgee-april-20-2024-greenfield-lake-amphitheater-wilmington-nc-usa.html
Space Funk Booty,1,2,2,,04/20/2024,Greenfield Lake Amphitheater,Wilmington,NC,USA,https://allthings.umphreys.com/setlists/umphreys-mcgee-april-20-2024-greenfield-lake-amphitheater-wilmington-nc-usa.html
In the Flesh?,1,3,3,,04/20/2024,Greenfield Lake Amphitheater,Wilmington,NC,USA,https://allthings.umphreys.com/setlists/umphreys-mcgee-april-20-2024-greenfield-lake-amphitheater-wilmington-nc-usa.html
Another Brick in the Wall,1,4,4,,04/20/2024,Greenfield Lake Amphitheater,Wilmington,NC,USA,https://allthings.umphreys.com/setlists/umphreys-mcgee-april-20-2024-greenfield-lake-amphitheater-wilmington-nc-usa.html
40's Theme,1,5,5,,04/20/2024,Greenfield Lake Amphitheater,Wilmington,NC,USA,https://allthings.umphreys.com/setlists/umphreys-mcgee-april-20-2024-greenfield-lake-amphitheater-wilmington-nc-usa.html
Hourglass,1,1,1,,04/21/2024,Greenfield Lake Amphitheater,Wilmington,NC,USA,https://allthings.umphreys.com/setlists/umphreys-mcgee-april-21-2024-greenfield-lake-amphitheater-wilmington-nc-usa.html
Phil's Farm,1,2,2,,04/21/2024,Greenfield Lake Amphitheater,Wilmington,NC,USA,https://allthings.umphreys.com/setlists/umphreys-mcgee-april-21-2024-greenfield-lake-amphitheater-wilmington-nc-usa.html
Half Delayed,1,3,3,,04/21/2024,Greenfield Lake Amphitheater,Wilmington,NC,USA,https://allthings.umphreys.com/setlists/umphreys-mcgee-april-21-2024-greenfield-lake-amphitheater-wilmington-nc-usa.html
It's Not Your Fault,1,4,4,,04/21/2024,Greenfield Lake Amphitheater,Wilmington,NC,USA,https://allthings.umphreys.com/setlists/umphreys-mcgee-april-21-2024-greenfield-lake-amphitheater-wilmington-nc-usa.html
August,1,5,5,,04/21/2024,Greenfield Lake Amphitheater,Wilmington,NC,USA,https://allthings.umphreys.com/setlists/umphreys-mcgee-april-21-2024-greenfield-lake-amphitheater-wilmington-nc-usa.html
Bad Poker,1,6,6,,04/21/2024,Greenfield Lake Amphitheater,Wilmington,NC,USA,https://allthings.umphreys.com/setlists/umphreys-mcgee-april-21-2024-greenfield-lake-amphitheater-wilmington-nc-usa.html
Remind Me,1,7,7,,04/21/2024,Greenfield Lake Amphitheater,Wilmington,NC,USA,https://allthings.umphreys.com/setlists/umphreys-mcgee-april-21-2024-greenfield-lake-amphitheater-wilmington-nc-usa.html
1348,2,1,8,,04/21/2024,Greenfield Lake Amphitheater,Wilmington,NC,USA,https://allthings.umphreys.com/setlists/umphreys-mcgee-april-21-2024-greenfield-lake-amphitheater-wilmington-nc-usa.html
The Fussy Dutchman,2,2,9,,04/21/2024,Greenfield Lake Amphitheater,Wilmington,NC,USA,https://allthings.umphreys.com/setlists/umphreys-mcgee-april-21-2024-greenfield-lake-amphitheater-wilmington-nc-usa.html
Booth Love,2,3,10,,04/21/2024,Greenfield Lake Amphitheater,Wilmington,NC,USA,https://allthings.umphreys.com/setlists/umphreys-mcgee-april-21-2024-greenfield-lake-amphitheater-wilmington-nc-usa.html
Hurt Bird Bath,2,4,11,with Paradise City (Guns N' Roses) teases,04/21/2024,Greenfield Lake Amphitheater,Wilmington,NC,USA,https://allthings.umphreys.com/setlists/umphreys-mcgee-april-21-2024-greenfield-lake-amphitheater-wilmington-nc-usa.html
Higgins,2,5,12,,04/21/2024,Greenfield Lake Amphitheater,Wilmington,NC,USA,https://allthings.umphreys.com/setlists/umphreys-mcgee-april-21-2024-greenfield-lake-amphitheater-wilmington-nc-usa.html
Let's Dance,2,6,13,,04/21/2024,Greenfield Lake Amphitheater,Wilmington,NC,USA,https://allthings.umphreys.com/setlists/umphreys-mcgee-april-21-2024-greenfield-lake-amphitheater-wilmington-nc-usa.html
The Triple Wide,E,1,14,with Muff II: The Revenge and Stairway to Heaven (Led Zeppelin) teases,04/21/2024,Greenfield Lake Amphitheater,Wilmington,NC,USA,https://allthings.umphreys.com/setlists/umphreys-mcgee-april-21-2024-greenfield-lake-amphitheater-wilmington-nc-usa.html
Mantis,1,1,1,,04/24/2024,Higher Ground,South Burlington,VT,USA,https://allthings.umphreys.com/setlists/umphreys-mcgee-april-24-2024-higher-ground-south-burlington-vt-usa.html
Wife Soup,1,2,2,,04/24/2024,Higher Ground,South Burlington,VT,USA,https://allthings.umphreys.com/setlists/umphreys-mcgee-april-24-2024-higher-ground-south-burlington-vt-usa.html
Go to Hell,1,3,3,,04/24/2024,Higher Ground,South Burlington,VT,USA,https://allthings.umphreys.com/setlists/umphreys-mcgee-april-24-2024-higher-ground-south-burlington-vt-usa.html
Attachments,1,4,4,,04/24/2024,Higher Ground,South Burlington,VT,USA,https://allthings.umphreys.com/setlists/umphreys-mcgee-april-24-2024-higher-ground-south-burlington-vt-usa.html
Mullet (Over),1,5,5,,04/24/2024,Higher Ground,South Burlington,VT,USA,https://allthings.umphreys.com/setlists/umphreys-mcgee-april-24-2024-higher-ground-south-burlington-vt-usa.html
Mantis,1,6,6,,04/24/2024,Higher Ground,South Burlington,VT,USA,https://allthings.umphreys.com/setlists/umphreys-mcgee-april-24-2024-higher-ground-south-burlington-vt-usa.html
Small Strides,2,1,7,,04/24/2024,Higher Ground,South Burlington,VT,USA,https://allthings.umphreys.com/setlists/umphreys-mcgee-april-24-2024-higher-ground-south-burlington-vt-usa.html
Der Bluten Kat,2,2,8,,04/24/2024,Higher Ground,South Burlington,VT,USA,https://allthings.umphreys.com/setlists/umphreys-mcgee-april-24-2024-higher-ground-south-burlington-vt-usa.html
Crucial Taunt,2,3,9,,04/24/2024,Higher Ground,South Burlington,VT,USA,https://allthings.umphreys.com/setlists/umphreys-mcgee-april-24-2024-higher-ground-south-burlington-vt-usa.html
In The Kitchen,2,4,10,,04/24/2024,Higher Ground,South Burlington,VT,USA,https://allthings.umphreys.com/setlists/umphreys-mcgee-april-24-2024-higher-ground-south-burlington-vt-usa.html
Live and Let Die,2,5,11,,04/24/2024,Higher Ground,South Burlington,VT,USA,https://allthings.umphreys.com/setlists/umphreys-mcgee-april-24-2024-higher-ground-south-burlington-vt-usa.html
The Silent Type,E,1,12,,04/24/2024,Higher Ground,South Burlington,VT,USA,https://allthings.umphreys.com/setlists/umphreys-mcgee-april-24-2024-higher-ground-south-burlington-vt-usa.html
There's No Crying In Mexico,1,1,1,,04/25/2024,Higher Ground,South Burlington,VT,USA,https://allthings.umphreys.com/setlists/umphreys-mcgee-april-25-2024-higher-ground-south-burlington-vt-usa.html
Miss Tinkle's Overture,1,2,2,,04/25/2024,Higher Ground,South Burlington,VT,USA,https://allthings.umphreys.com/setlists/umphreys-mcgee-april-25-2024-higher-ground-south-burlington-vt-usa.html
Loose Ends,1,3,3,,04/25/2024,Higher Ground,South Burlington,VT,USA,https://allthings.umphreys.com/setlists/umphreys-mcgee-april-25-2024-higher-ground-south-burlington-vt-usa.html
White Man's Moccasins,1,4,4,,04/25/2024,Higher Ground,South Burlington,VT,USA,https://allthings.umphreys.com/setlists/umphreys-mcgee-april-25-2024-higher-ground-south-burlington-vt-usa.html
Puppet String,1,5,5,,04/25/2024,Higher Ground,South Burlington,VT,USA,https://allthings.umphreys.com/setlists/umphreys-mcgee-april-25-2024-higher-ground-south-burlington-vt-usa.html
2nd Self,1,6,6,,04/25/2024,Higher Ground,South Burlington,VT,USA,https://allthings.umphreys.com/setlists/umphreys-mcgee-april-25-2024-higher-ground-south-burlington-vt-usa.html
It Doesn't Matter,1,7,7,,04/25/2024,Higher Ground,South Burlington,VT,USA,https://allthings.umphreys.com/setlists/umphreys-mcgee-april-25-2024-higher-ground-south-burlington-vt-usa.html
Roulette,1,8,8,,04/25/2024,Higher Ground,South Burlington,VT,USA,https://allthings.umphreys.com/setlists/umphreys-mcgee-april-25-2024-higher-ground-south-burlington-vt-usa.html
Puppet String,1,9,9,,04/25/2024,Higher Ground,South Burlington,VT,USA,https://allthings.umphreys.com/setlists/umphreys-mcgee-april-25-2024-higher-ground-south-burlington-vt-usa.html
Driven to Tears-,2,1,10,,04/25/2024,Higher Ground,South Burlington,VT,USA,https://allthings.umphreys.com/setlists/umphreys-mcgee-april-25-2024-higher-ground-south-burlington-vt-usa.html
Anchor Drops,2,2,11,,04/25/2024,Higher Ground,South Burlington,VT,USA,https://allthings.umphreys.com/setlists/umphreys-mcgee-april-25-2024-higher-ground-south-burlington-vt-usa.html
All Things Ninja,2,3,12,with Cowboys from Hell (Pantera) teases,04/25/2024,Higher Ground,South Burlington,VT,USA,https://allthings.umphreys.com/setlists/umphreys-mcgee-april-25-2024-higher-ground-south-burlington-vt-usa.html
Comma Later-,2,4,13,,04/25/2024,Higher Ground,South Burlington,VT,USA,https://allthings.umphreys.com/setlists/umphreys-mcgee-april-25-2024-higher-ground-south-burlington-vt-usa.html
The Linear-,2,5,14,,04/25/2024,Higher Ground,South Burlington,VT,USA,https://allthings.umphreys.com/setlists/umphreys-mcgee-april-25-2024-higher-ground-south-burlington-vt-usa.html
Walletsworth,2,6,15,,04/25/2024,Higher Ground,South Burlington,VT,USA,https://allthings.umphreys.com/setlists/umphreys-mcgee-april-25-2024-higher-ground-south-burlington-vt-usa.html
Wappy Sprayberry,2,7,16,,04/25/2024,Higher Ground,South Burlington,VT,USA,https://allthings.umphreys.com/setlists/umphreys-mcgee-april-25-2024-higher-ground-south-burlington-vt-usa.html
Gulf Stream,2,8,17,,04/25/2024,Higher Ground,South Burlington,VT,USA,https://allthings.umphreys.com/setlists/umphreys-mcgee-april-25-2024-higher-ground-south-burlington-vt-usa.html
Pay the Snucka,E,1,18,,04/25/2024,Higher Ground,South Burlington,VT,USA,https://allthings.umphreys.com/setlists/umphreys-mcgee-april-25-2024-higher-ground-south-burlington-vt-usa.html
Staircase,1,1,1,,04/26/2024,House of Blues,Boston,MA,USA,https://allthings.umphreys.com/setlists/umphreys-mcgee-april-26-2024-house-of-blues-boston-ma-usa.html
40's Theme,1,2,2,,04/26/2024,House of Blues,Boston,MA,USA,https://allthings.umphreys.com/setlists/umphreys-mcgee-april-26-2024-house-of-blues-boston-ma-usa.html
Bridgeless,1,3,3,,04/26/2024,House of Blues,Boston,MA,USA,https://allthings.umphreys.com/setlists/umphreys-mcgee-april-26-2024-house-of-blues-boston-ma-usa.html
The Triple Wide,1,4,4,,04/26/2024,House of Blues,Boston,MA,USA,https://allthings.umphreys.com/setlists/umphreys-mcgee-april-26-2024-house-of-blues-boston-ma-usa.html
Bridgeless,1,5,5,,04/26/2024,House of Blues,Boston,MA,USA,https://allthings.umphreys.com/setlists/umphreys-mcgee-april-26-2024-house-of-blues-boston-ma-usa.html
Stew Art Event,2,1,6,,04/26/2024,House of Blues,Boston,MA,USA,https://allthings.umphreys.com/setlists/umphreys-mcgee-april-26-2024-house-of-blues-boston-ma-usa.html
Roundabout,3,1,7,,04/26/2024,House of Blues,Boston,MA,USA,https://allthings.umphreys.com/setlists/umphreys-mcgee-april-26-2024-house-of-blues-boston-ma-usa.html
Kid Charlemagne,3,2,8,,04/26/2024,House of Blues,Boston,MA,USA,https://allthings.umphreys.com/setlists/umphreys-mcgee-april-26-2024-house-of-blues-boston-ma-usa.html
Plush,3,3,9,,04/26/2024,House of Blues,Boston,MA,USA,https://allthings.umphreys.com/setlists/umphreys-mcgee-april-26-2024-house-of-blues-boston-ma-usa.html
Cult of Personality,3,4,10,,04/26/2024,House of Blues,Boston,MA,USA,https://allthings.umphreys.com/setlists/umphreys-mcgee-april-26-2024-house-of-blues-boston-ma-usa.html
Hunger Strike,3,5,11,,04/26/2024,House of Blues,Boston,MA,USA,https://allthings.umphreys.com/setlists/umphreys-mcgee-april-26-2024-house-of-blues-boston-ma-usa.html
No More Tears,3,6,12,,04/26/2024,House of Blues,Boston,MA,USA,https://allthings.umphreys.com/setlists/umphreys-mcgee-april-26-2024-house-of-blues-boston-ma-usa.html
Big Poppa,3,7,13,with Andy on vocals,04/26/2024,House of Blues,Boston,MA,USA,https://allthings.umphreys.com/setlists/umphreys-mcgee-april-26-2024-house-of-blues-boston-ma-usa.html
Tom Sawyer,E,1,14,,04/26/2024,House of Blues,Boston,MA,USA,https://allthings.umphreys.com/setlists/umphreys-mcgee-april-26-2024-house-of-blues-boston-ma-usa.html
History of movies,1,1,1,,04/27/2024,House of Blues,Boston,MA,USA,https://allthings.umphreys.com/setlists/umphreys-mcgee-april-27-2024-house-of-blues-boston-ma-usa.html
Nosferatu,1,2,2,,04/27/2024,House of Blues,Boston,MA,USA,https://allthings.umphreys.com/setlists/umphreys-mcgee-april-27-2024-house-of-blues-boston-ma-usa.html
Mad Max: Fury Road,1,3,3,,04/27/2024,House of Blues,Boston,MA,USA,https://allthings.umphreys.com/setlists/umphreys-mcgee-april-27-2024-house-of-blues-boston-ma-usa.html
Pulp Fiction,1,4,4,,04/27/2024,House of Blues,Boston,MA,USA,https://allthings.umphreys.com/setlists/umphreys-mcgee-april-27-2024-house-of-blues-boston-ma-usa.html
The Blues Brothers,1,5,5,,04/27/2024,House of Blues,Boston,MA,USA,https://allthings.umphreys.com/setlists/umphreys-mcgee-april-27-2024-house-of-blues-boston-ma-usa.html
Pan s Labyrinth,1,6,6,,04/27/2024,House of Blues,Boston,MA,USA,https://allthings.umphreys.com/setlists/umphreys-mcgee-april-27-2024-house-of-blues-boston-ma-usa.html
Interstellar,1,7,7,,04/27/2024,House of Blues,Boston,MA,USA,https://allthings.umphreys.com/setlists/umphreys-mcgee-april-27-2024-house-of-blues-boston-ma-usa.html
Caddyshack,1,8,8,,04/27/2024,House of Blues,Boston,MA,USA,https://allthings.umphreys.com/setlists/umphreys-mcgee-april-27-2024-house-of-blues-boston-ma-usa.html
Kill Bill: Volume 1,1,9,9,,04/27/2024,House of Blues,Boston,MA,USA,https://allthings.umphreys.com/setlists/umphreys-mcgee-april-27-2024-house-of-blues-boston-ma-usa.html
Sultans of Swing,2,1,10,"debut, Dire Straits",04/27/2024,House of Blues,Boston,MA,USA,https://allthings.umphreys.com/setlists/umphreys-mcgee-april-27-2024-house-of-blues-boston-ma-usa.html
Concessions,2,2,11,"debut, original",04/27/2024,House of Blues,Boston,MA,USA,https://allthings.umphreys.com/setlists/umphreys-mcgee-april-27-2024-house-of-blues-boston-ma-usa.html
Work Sauce,2,3,12,"debut, original",04/27/2024,House of Blues,Boston,MA,USA,https://allthings.umphreys.com/setlists/umphreys-mcgee-april-27-2024-house-of-blues-boston-ma-usa.html
House of Better Glass,2,4,13,"debut, Jump Around (House of Pain) + Heart of Glass (Blondie) + The Less I Know the Better (Tame Impala) mash-up",04/27/2024,House of Blues,Boston,MA,USA,https://allthings.umphreys.com/setlists/umphreys-mcgee-april-27-2024-house-of-blues-boston-ma-usa.html
1348,3,1,14,with Wanna Be Startin' Somethin' (Michael Jackson) and Simple Gifts (Brackett) teases,04/27/2024,House of Blues,Boston,MA,USA,https://allthings.umphreys.com/setlists/umphreys-mcgee-april-27-2024-house-of-blues-boston-ma-usa.html
Glory,3,2,15,,04/27/2024,House of Blues,Boston,MA,USA,https://allthings.umphreys.com/setlists/umphreys-mcgee-april-27-2024-house-of-blues-boston-ma-usa.html
Bad Friday,3,3,16,,04/27/2024,House of Blues,Boston,MA,USA,https://allthings.umphreys.com/setlists/umphreys-mcgee-april-27-2024-house-of-blues-boston-ma-usa.html
Night Nurse,3,4,17,,04/27/2024,House of Blues,Boston,MA,USA,https://allthings.umphreys.com/setlists/umphreys-mcgee-april-27-2024-house-of-blues-boston-ma-usa.html
Making Flippy Floppy,3,5,18,,04/27/2024,House of Blues,Boston,MA,USA,https://allthings.umphreys.com/setlists/umphreys-mcgee-april-27-2024-house-of-blues-boston-ma-usa.html
Plunger,3,6,19,,04/27/2024,House of Blues,Boston,MA,USA,https://allthings.umphreys.com/setlists/umphreys-mcgee-april-27-2024-house-of-blues-boston-ma-usa.html
Top Gun Anthem,E,1,20,"debut, Faltermeyer",04/27/2024,House of Blues,Boston,MA,USA,https://allthings.umphreys.com/setlists/umphreys-mcgee-april-27-2024-house-of-blues-boston-ma-usa.html
1348,E,2,21,,04/27/2024,House of Blues,Boston,MA,USA,https://allthings.umphreys.com/setlists/umphreys-mcgee-april-27-2024-house-of-blues-boston-ma-usa.html
Cut the Cable,1,1,1,,05/16/2024,JJ's Live,Fayetteville,AR,USA,https://allthings.umphreys.com/setlists/umphreys-mcgee-may-16-2024-jj039s-live-fayetteville-ar-usa.html
Nemo,1,2,2,,05/16/2024,JJ's Live,Fayetteville,AR,USA,https://allthings.umphreys.com/setlists/umphreys-mcgee-may-16-2024-jj039s-live-fayetteville-ar-usa.html
Great American,1,3,3,,05/16/2024,JJ's Live,Fayetteville,AR,USA,https://allthings.umphreys.com/setlists/umphreys-mcgee-may-16-2024-jj039s-live-fayetteville-ar-usa.html
Nemo,1,4,4,,05/16/2024,JJ's Live,Fayetteville,AR,USA,https://allthings.umphreys.com/setlists/umphreys-mcgee-may-16-2024-jj039s-live-fayetteville-ar-usa.html
Little Gift,1,5,5,,05/16/2024,JJ's Live,Fayetteville,AR,USA,https://allthings.umphreys.com/setlists/umphreys-mcgee-may-16-2024-jj039s-live-fayetteville-ar-usa.html
New Wings,1,6,6,,05/16/2024,JJ's Live,Fayetteville,AR,USA,https://allthings.umphreys.com/setlists/umphreys-mcgee-may-16-2024-jj039s-live-fayetteville-ar-usa.html
It Doesn't Matter,1,7,7,,05/16/2024,JJ's Live,Fayetteville,AR,USA,https://allthings.umphreys.com/setlists/umphreys-mcgee-may-16-2024-jj039s-live-fayetteville-ar-usa.html
Transdermal Celebration,1,8,8,,05/16/2024,JJ's Live,Fayetteville,AR,USA,https://allthings.umphreys.com/setlists/umphreys-mcgee-may-16-2024-jj039s-live-fayetteville-ar-usa.html
Roctopus,1,9,9,,05/16/2024,JJ's Live,Fayetteville,AR,USA,https://allthings.umphreys.com/setlists/umphreys-mcgee-may-16-2024-jj039s-live-fayetteville-ar-usa.html
1348,2,1,10,,05/16/2024,JJ's Live,Fayetteville,AR,USA,https://allthings.umphreys.com/setlists/umphreys-mcgee-may-16-2024-jj039s-live-fayetteville-ar-usa.html
Morning Song,2,2,11,,05/16/2024,JJ's Live,Fayetteville,AR,USA,https://allthings.umphreys.com/setlists/umphreys-mcgee-may-16-2024-jj039s-live-fayetteville-ar-usa.html
Seasons,2,3,12,,05/16/2024,JJ's Live,Fayetteville,AR,USA,https://allthings.umphreys.com/setlists/umphreys-mcgee-may-16-2024-jj039s-live-fayetteville-ar-usa.html
Wappy Sprayberry,2,4,13,,05/16/2024,JJ's Live,Fayetteville,AR,USA,https://allthings.umphreys.com/setlists/umphreys-mcgee-may-16-2024-jj039s-live-fayetteville-ar-usa.html
Mad Love,2,5,14,,05/16/2024,JJ's Live,Fayetteville,AR,USA,https://allthings.umphreys.com/setlists/umphreys-mcgee-may-16-2024-jj039s-live-fayetteville-ar-usa.html
Kielbasa,2,6,15,,05/16/2024,JJ's Live,Fayetteville,AR,USA,https://allthings.umphreys.com/setlists/umphreys-mcgee-may-16-2024-jj039s-live-fayetteville-ar-usa.html
Nopener,E,1,16,,05/16/2024,JJ's Live,Fayetteville,AR,USA,https://allthings.umphreys.com/setlists/umphreys-mcgee-may-16-2024-jj039s-live-fayetteville-ar-usa.html
Glory,E,2,17,,05/16/2024,JJ's Live,Fayetteville,AR,USA,https://allthings.umphreys.com/setlists/umphreys-mcgee-may-16-2024-jj039s-live-fayetteville-ar-usa.html
Pure Saturation,1,1,1,,05/17/2024,Grinders KC,Kansas City,MO,USA,https://allthings.umphreys.com/setlists/umphreys-mcgee-may-17-2024-grinders-kc-kansas-city-mo-usa.html
The Bottom Half,1,2,2,,05/17/2024,Grinders KC,Kansas City,MO,USA,https://allthings.umphreys.com/setlists/umphreys-mcgee-may-17-2024-grinders-kc-kansas-city-mo-usa.html
Made to Measure,1,3,3,,05/17/2024,Grinders KC,Kansas City,MO,USA,https://allthings.umphreys.com/setlists/umphreys-mcgee-may-17-2024-grinders-kc-kansas-city-mo-usa.html
2nd Self,1,4,4,,05/17/2024,Grinders KC,Kansas City,MO,USA,https://allthings.umphreys.com/setlists/umphreys-mcgee-may-17-2024-grinders-kc-kansas-city-mo-usa.html
Day Nurse,1,5,5,,05/17/2024,Grinders KC,Kansas City,MO,USA,https://allthings.umphreys.com/setlists/umphreys-mcgee-may-17-2024-grinders-kc-kansas-city-mo-usa.html
Raymond,1,6,6,,05/17/2024,Grinders KC,Kansas City,MO,USA,https://allthings.umphreys.com/setlists/umphreys-mcgee-may-17-2024-grinders-kc-kansas-city-mo-usa.html
Words,1,7,7,,05/17/2024,Grinders KC,Kansas City,MO,USA,https://allthings.umphreys.com/setlists/umphreys-mcgee-may-17-2024-grinders-kc-kansas-city-mo-usa.html
Synchronicity II,1,8,8,,05/17/2024,Grinders KC,Kansas City,MO,USA,https://allthings.umphreys.com/setlists/umphreys-mcgee-may-17-2024-grinders-kc-kansas-city-mo-usa.html
The Floor,2,1,9,,05/17/2024,Grinders KC,Kansas City,MO,USA,https://allthings.umphreys.com/setlists/umphreys-mcgee-may-17-2024-grinders-kc-kansas-city-mo-usa.html
Work Sauce,2,2,10,,05/17/2024,Grinders KC,Kansas City,MO,USA,https://allthings.umphreys.com/setlists/umphreys-mcgee-may-17-2024-grinders-kc-kansas-city-mo-usa.html
Bad Friday,2,3,11,,05/17/2024,Grinders KC,Kansas City,MO,USA,https://allthings.umphreys.com/setlists/umphreys-mcgee-may-17-2024-grinders-kc-kansas-city-mo-usa.html
Rocker Part 2,2,4,12,,05/17/2024,Grinders KC,Kansas City,MO,USA,https://allthings.umphreys.com/setlists/umphreys-mcgee-may-17-2024-grinders-kc-kansas-city-mo-usa.html
I Don't Know What I Want,2,5,13,,05/17/2024,Grinders KC,Kansas City,MO,USA,https://allthings.umphreys.com/setlists/umphreys-mcgee-may-17-2024-grinders-kc-kansas-city-mo-usa.html
Ringo,2,6,14,,05/17/2024,Grinders KC,Kansas City,MO,USA,https://allthings.umphreys.com/setlists/umphreys-mcgee-may-17-2024-grinders-kc-kansas-city-mo-usa.html
Pipeline,2,7,15,,05/17/2024,Grinders KC,Kansas City,MO,USA,https://allthings.umphreys.com/setlists/umphreys-mcgee-may-17-2024-grinders-kc-kansas-city-mo-usa.html
Ringo,2,8,16,with Jump Around (House of Pain) teases,05/17/2024,Grinders KC,Kansas City,MO,USA,https://allthings.umphreys.com/setlists/umphreys-mcgee-may-17-2024-grinders-kc-kansas-city-mo-usa.html
August,2,9,17,,05/17/2024,Grinders KC,Kansas City,MO,USA,https://allthings.umphreys.com/setlists/umphreys-mcgee-may-17-2024-grinders-kc-kansas-city-mo-usa.html
The Song Remains the Same,E,1,18,,05/17/2024,Grinders KC,Kansas City,MO,USA,https://allthings.umphreys.com/setlists/umphreys-mcgee-may-17-2024-grinders-kc-kansas-city-mo-usa.html
In The Kitchen,1,1,1,,05/18/2024,Horizon Event Center,Clive,IA,USA,https://allthings.umphreys.com/setlists/umphreys-mcgee-may-18-2024-horizon-event-center-clive-ia-usa.html
Hiccup,1,2,2,,05/18/2024,Horizon Event Center,Clive,IA,USA,https://allthings.umphreys.com/setlists/umphreys-mcgee-may-18-2024-horizon-event-center-clive-ia-usa.html
Phil's Farm,1,3,3,,05/18/2024,Horizon Event Center,Clive,IA,USA,https://allthings.umphreys.com/setlists/umphreys-mcgee-may-18-2024-horizon-event-center-clive-ia-usa.html
Booth Love,1,4,4,,05/18/2024,Horizon Event Center,Clive,IA,USA,https://allthings.umphreys.com/setlists/umphreys-mcgee-may-18-2024-horizon-event-center-clive-ia-usa.html
Remind Me,1,5,5,,05/18/2024,Horizon Event Center,Clive,IA,USA,https://allthings.umphreys.com/setlists/umphreys-mcgee-may-18-2024-horizon-event-center-clive-ia-usa.html
Small Strides,1,6,6,,05/18/2024,Horizon Event Center,Clive,IA,USA,https://allthings.umphreys.com/setlists/umphreys-mcgee-may-18-2024-horizon-event-center-clive-ia-usa.html
Remind Me,1,7,7,,05/18/2024,Horizon Event Center,Clive,IA,USA,https://allthings.umphreys.com/setlists/umphreys-mcgee-may-18-2024-horizon-event-center-clive-ia-usa.html
Black Water,1,8,8,with Sierra Hull on mandolin and Daniel Donato on guitar,05/18/2024,Horizon Event Center,Clive,IA,USA,https://allthings.umphreys.com/setlists/umphreys-mcgee-may-18-2024-horizon-event-center-clive-ia-usa.html
The Triple Wide,1,9,9,,05/18/2024,Horizon Event Center,Clive,IA,USA,https://allthings.umphreys.com/setlists/umphreys-mcgee-may-18-2024-horizon-event-center-clive-ia-usa.html
Believe the Lie,1,1,1,,05/24/2024,Three Sisters Park,Chillicothe,IL,USA,https://allthings.umphreys.com/setlists/umphreys-mcgee-may-24-2024-three-sisters-park-chillicothe-il-usa.html
Conduit,1,2,2,,05/24/2024,Three Sisters Park,Chillicothe,IL,USA,https://allthings.umphreys.com/setlists/umphreys-mcgee-may-24-2024-three-sisters-park-chillicothe-il-usa.html
Higgins,1,3,3,,05/24/2024,Three Sisters Park,Chillicothe,IL,USA,https://allthings.umphreys.com/setlists/umphreys-mcgee-may-24-2024-three-sisters-park-chillicothe-il-usa.html
Attachments,1,4,4,with Muff II: The Revenge and Sunglasses at Night (Corey Hart) teases,05/24/2024,Three Sisters Park,Chillicothe,IL,USA,https://allthings.umphreys.com/setlists/umphreys-mcgee-may-24-2024-three-sisters-park-chillicothe-il-usa.html
JaJunk,1,5,5,,05/24/2024,Three Sisters Park,Chillicothe,IL,USA,https://allthings.umphreys.com/setlists/umphreys-mcgee-may-24-2024-three-sisters-park-chillicothe-il-usa.html
Staircase,1,6,6,,05/24/2024,Three Sisters Park,Chillicothe,IL,USA,https://allthings.umphreys.com/setlists/umphreys-mcgee-may-24-2024-three-sisters-park-chillicothe-il-usa.html
The Floor,1,7,7,,05/24/2024,Three Sisters Park,Chillicothe,IL,USA,https://allthings.umphreys.com/setlists/umphreys-mcgee-may-24-2024-three-sisters-park-chillicothe-il-usa.html
Miss Tinkle's Overture,1,1,1,,05/25/2024,Three Sisters Park,Chillicothe,IL,USA,https://allthings.umphreys.com/setlists/umphreys-mcgee-may-25-2024-three-sisters-park-chillicothe-il-usa.html
Wife Soup,1,2,2,,05/25/2024,Three Sisters Park,Chillicothe,IL,USA,https://allthings.umphreys.com/setlists/umphreys-mcgee-may-25-2024-three-sisters-park-chillicothe-il-usa.html
Nothing Too Fancy,1,3,3,with Allie Kral on fiddle,05/25/2024,Three Sisters Park,Chillicothe,IL,USA,https://allthings.umphreys.com/setlists/umphreys-mcgee-may-25-2024-three-sisters-park-chillicothe-il-usa.html
Women Wine and Song,1,4,4,with Allie Kral on fiddle,05/25/2024,Three Sisters Park,Chillicothe,IL,USA,https://allthings.umphreys.com/setlists/umphreys-mcgee-may-25-2024-three-sisters-park-chillicothe-il-usa.html
Nothing Too Fancy,1,5,5,with Allie Kral on fiddle,05/25/2024,Three Sisters Park,Chillicothe,IL,USA,https://allthings.umphreys.com/setlists/umphreys-mcgee-may-25-2024-three-sisters-park-chillicothe-il-usa.html
Dump City,1,6,6,,05/25/2024,Three Sisters Park,Chillicothe,IL,USA,https://allthings.umphreys.com/setlists/umphreys-mcgee-may-25-2024-three-sisters-park-chillicothe-il-usa.html
Intentions Clear-,1,7,7,,05/25/2024,Three Sisters Park,Chillicothe,IL,USA,https://allthings.umphreys.com/setlists/umphreys-mcgee-may-25-2024-three-sisters-park-chillicothe-il-usa.html
Mulche's Odyssey,1,8,8,,05/25/2024,Three Sisters Park,Chillicothe,IL,USA,https://allthings.umphreys.com/setlists/umphreys-mcgee-may-25-2024-three-sisters-park-chillicothe-il-usa.html
Small Strides,2,1,9,,05/25/2024,Three Sisters Park,Chillicothe,IL,USA,https://allthings.umphreys.com/setlists/umphreys-mcgee-may-25-2024-three-sisters-park-chillicothe-il-usa.html
Crucial Taunt,2,2,10,,05/25/2024,Three Sisters Park,Chillicothe,IL,USA,https://allthings.umphreys.com/setlists/umphreys-mcgee-may-25-2024-three-sisters-park-chillicothe-il-usa.html
Der Bluten Kat,2,3,11,with Four (moe.) jam and quotes and Think (About It) (James Brown) quotes,05/25/2024,Three Sisters Park,Chillicothe,IL,USA,https://allthings.umphreys.com/setlists/umphreys-mcgee-may-25-2024-three-sisters-park-chillicothe-il-usa.html
Resolution,2,4,12,,05/25/2024,Three Sisters Park,Chillicothe,IL,USA,https://allthings.umphreys.com/setlists/umphreys-mcgee-may-25-2024-three-sisters-park-chillicothe-il-usa.html
Out of Focus,2,5,13,,05/25/2024,Three Sisters Park,Chillicothe,IL,USA,https://allthings.umphreys.com/setlists/umphreys-mcgee-may-25-2024-three-sisters-park-chillicothe-il-usa.html
Rebubula,3,1,14,,05/25/2024,Three Sisters Park,Chillicothe,IL,USA,https://allthings.umphreys.com/setlists/umphreys-mcgee-may-25-2024-three-sisters-park-chillicothe-il-usa.html
A Go Go,3,2,15,with Peter Anspach on keys and Rick Mitarotonda on guitar,05/25/2024,Three Sisters Park,Chillicothe,IL,USA,https://allthings.umphreys.com/setlists/umphreys-mcgee-may-25-2024-three-sisters-park-chillicothe-il-usa.html
Hollywood Nights,3,3,16,with Peter Anspach on keys and Rick Mitarotonda on guitar,05/25/2024,Three Sisters Park,Chillicothe,IL,USA,https://allthings.umphreys.com/setlists/umphreys-mcgee-may-25-2024-three-sisters-park-chillicothe-il-usa.html
Much Obliged,3,4,17,with Alex Bailey replacing Kris on drums,05/25/2024,Three Sisters Park,Chillicothe,IL,USA,https://allthings.umphreys.com/setlists/umphreys-mcgee-may-25-2024-three-sisters-park-chillicothe-il-usa.html
Bennie and the Jets,3,5,18,with Alex Bailey replacing Kris on drums and on vocals,05/25/2024,Three Sisters Park,Chillicothe,IL,USA,https://allthings.umphreys.com/setlists/umphreys-mcgee-may-25-2024-three-sisters-park-chillicothe-il-usa.html
Kid Charlemagne,3,6,19,with Scotty Zwang replacing Kris on drums and on vocals,05/25/2024,Three Sisters Park,Chillicothe,IL,USA,https://allthings.umphreys.com/setlists/umphreys-mcgee-may-25-2024-three-sisters-park-chillicothe-il-usa.html
Hurt Bird Bath,3,7,20,with Scotty Zwang replacing Kris on drums,05/25/2024,Three Sisters Park,Chillicothe,IL,USA,https://allthings.umphreys.com/setlists/umphreys-mcgee-may-25-2024-three-sisters-park-chillicothe-il-usa.html
Slacker,3,8,21,with Rory Dolan replacing Kris on drums,05/25/2024,Three Sisters Park,Chillicothe,IL,USA,https://allthings.umphreys.com/setlists/umphreys-mcgee-may-25-2024-three-sisters-park-chillicothe-il-usa.html
40's Theme,3,9,22,with Rory Dolan replacing Kris on drums,05/25/2024,Three Sisters Park,Chillicothe,IL,USA,https://allthings.umphreys.com/setlists/umphreys-mcgee-may-25-2024-three-sisters-park-chillicothe-il-usa.html
In The Kitchen,3,10,23,with Jeremy Salken replacing Kris on drums and Marc Brownstein replacing Ryan on bass,05/25/2024,Three Sisters Park,Chillicothe,IL,USA,https://allthings.umphreys.com/setlists/umphreys-mcgee-may-25-2024-three-sisters-park-chillicothe-il-usa.html
In The Kitchen,1,1,1,,06/13/2024,Red Butte Garden,Salt Lake City,UT,USA,https://allthings.umphreys.com/setlists/umphreys-mcgee-june-13-2024-red-butte-garden-salt-lake-city-ut-usa.html
Pure Saturation,1,2,2,,06/13/2024,Red Butte Garden,Salt Lake City,UT,USA,https://allthings.umphreys.com/setlists/umphreys-mcgee-june-13-2024-red-butte-garden-salt-lake-city-ut-usa.html
No Diablo,1,3,3,,06/13/2024,Red Butte Garden,Salt Lake City,UT,USA,https://allthings.umphreys.com/setlists/umphreys-mcgee-june-13-2024-red-butte-garden-salt-lake-city-ut-usa.html
The Silent Type,1,4,4,,06/13/2024,Red Butte Garden,Salt Lake City,UT,USA,https://allthings.umphreys.com/setlists/umphreys-mcgee-june-13-2024-red-butte-garden-salt-lake-city-ut-usa.html
Anchor Drops,1,5,5,,06/13/2024,Red Butte Garden,Salt Lake City,UT,USA,https://allthings.umphreys.com/setlists/umphreys-mcgee-june-13-2024-red-butte-garden-salt-lake-city-ut-usa.html
Life During Exodus,1,6,6,,06/13/2024,Red Butte Garden,Salt Lake City,UT,USA,https://allthings.umphreys.com/setlists/umphreys-mcgee-june-13-2024-red-butte-garden-salt-lake-city-ut-usa.html
All In Time,2,1,7,,06/13/2024,Red Butte Garden,Salt Lake City,UT,USA,https://allthings.umphreys.com/setlists/umphreys-mcgee-june-13-2024-red-butte-garden-salt-lake-city-ut-usa.html
Small Strides,2,2,8,,06/13/2024,Red Butte Garden,Salt Lake City,UT,USA,https://allthings.umphreys.com/setlists/umphreys-mcgee-june-13-2024-red-butte-garden-salt-lake-city-ut-usa.html
Booth Love,2,3,9,with Daniel Donato on guitar; with Sweet Child O' Mine (Guns N' Roses) tease in intro,06/13/2024,Red Butte Garden,Salt Lake City,UT,USA,https://allthings.umphreys.com/setlists/umphreys-mcgee-june-13-2024-red-butte-garden-salt-lake-city-ut-usa.html
Got Your Milk (Right Here),2,4,10,,06/13/2024,Red Butte Garden,Salt Lake City,UT,USA,https://allthings.umphreys.com/setlists/umphreys-mcgee-june-13-2024-red-butte-garden-salt-lake-city-ut-usa.html
Plunger,2,5,11,,06/13/2024,Red Butte Garden,Salt Lake City,UT,USA,https://allthings.umphreys.com/setlists/umphreys-mcgee-june-13-2024-red-butte-garden-salt-lake-city-ut-usa.html
The Floor,2,6,12,,06/13/2024,Red Butte Garden,Salt Lake City,UT,USA,https://allthings.umphreys.com/setlists/umphreys-mcgee-june-13-2024-red-butte-garden-salt-lake-city-ut-usa.html
Miss Tinkle's Overture,E,1,13,,06/13/2024,Red Butte Garden,Salt Lake City,UT,USA,https://allthings.umphreys.com/setlists/umphreys-mcgee-june-13-2024-red-butte-garden-salt-lake-city-ut-usa.html
Day Nurse,1,1,1,,06/14/2024,Gerald R. Ford Amphitheater,Vail,CO,USA,https://allthings.umphreys.com/setlists/umphreys-mcgee-june-14-2024-gerald-r-ford-amphitheater-vail-co-usa.html
August,1,2,2,,06/14/2024,Gerald R. Ford Amphitheater,Vail,CO,USA,https://allthings.umphreys.com/setlists/umphreys-mcgee-june-14-2024-gerald-r-ford-amphitheater-vail-co-usa.html
Work Sauce,1,3,3,,06/14/2024,Gerald R. Ford Amphitheater,Vail,CO,USA,https://allthings.umphreys.com/setlists/umphreys-mcgee-june-14-2024-gerald-r-ford-amphitheater-vail-co-usa.html
The Pequod,1,4,4,,06/14/2024,Gerald R. Ford Amphitheater,Vail,CO,USA,https://allthings.umphreys.com/setlists/umphreys-mcgee-june-14-2024-gerald-r-ford-amphitheater-vail-co-usa.html
Domino Theory,1,5,5,,06/14/2024,Gerald R. Ford Amphitheater,Vail,CO,USA,https://allthings.umphreys.com/setlists/umphreys-mcgee-june-14-2024-gerald-r-ford-amphitheater-vail-co-usa.html
Red Tape,1,6,6,,06/14/2024,Gerald R. Ford Amphitheater,Vail,CO,USA,https://allthings.umphreys.com/setlists/umphreys-mcgee-june-14-2024-gerald-r-ford-amphitheater-vail-co-usa.html
Cemetery Walk-,1,7,7,,06/14/2024,Gerald R. Ford Amphitheater,Vail,CO,USA,https://allthings.umphreys.com/setlists/umphreys-mcgee-june-14-2024-gerald-r-ford-amphitheater-vail-co-usa.html
Cemetery Walk II,1,8,8,with Will Clark on percussion and Daniel Donato on guitar,06/14/2024,Gerald R. Ford Amphitheater,Vail,CO,USA,https://allthings.umphreys.com/setlists/umphreys-mcgee-june-14-2024-gerald-r-ford-amphitheater-vail-co-usa.html
Wappy Sprayberry,2,1,9,,06/14/2024,Gerald R. Ford Amphitheater,Vail,CO,USA,https://allthings.umphreys.com/setlists/umphreys-mcgee-june-14-2024-gerald-r-ford-amphitheater-vail-co-usa.html
Phil's Farm,2,2,10,,06/14/2024,Gerald R. Ford Amphitheater,Vail,CO,USA,https://allthings.umphreys.com/setlists/umphreys-mcgee-june-14-2024-gerald-r-ford-amphitheater-vail-co-usa.html
Utopian Fir,2,3,11,,06/14/2024,Gerald R. Ford Amphitheater,Vail,CO,USA,https://allthings.umphreys.com/setlists/umphreys-mcgee-june-14-2024-gerald-r-ford-amphitheater-vail-co-usa.html
No Excuses,2,4,12,,06/14/2024,Gerald R. Ford Amphitheater,Vail,CO,USA,https://allthings.umphreys.com/setlists/umphreys-mcgee-june-14-2024-gerald-r-ford-amphitheater-vail-co-usa.html
Utopian Fir,2,5,13,,06/14/2024,Gerald R. Ford Amphitheater,Vail,CO,USA,https://allthings.umphreys.com/setlists/umphreys-mcgee-june-14-2024-gerald-r-ford-amphitheater-vail-co-usa.html
Bridgeless,2,6,14,,06/14/2024,Gerald R. Ford Amphitheater,Vail,CO,USA,https://allthings.umphreys.com/setlists/umphreys-mcgee-june-14-2024-gerald-r-ford-amphitheater-vail-co-usa.html
Pay the Snucka,E,1,15,with Jump Around (House of Pain) and Cowboys from Hell (Pantera) teases,06/14/2024,Gerald R. Ford Amphitheater,Vail,CO,USA,https://allthings.umphreys.com/setlists/umphreys-mcgee-june-14-2024-gerald-r-ford-amphitheater-vail-co-usa.html
You Got the Wrong Guy,1,1,1,,06/15/2024,Red Rocks Amphitheatre,Morrison,CO,USA,https://allthings.umphreys.com/setlists/umphreys-mcgee-june-15-2024-red-rocks-amphitheatre-morrison-co-usa.html
Hiccup,1,2,2,,06/15/2024,Red Rocks Amphitheatre,Morrison,CO,USA,https://allthings.umphreys.com/setlists/umphreys-mcgee-june-15-2024-red-rocks-amphitheatre-morrison-co-usa.html
Crucial Taunt,1,3,3,,06/15/2024,Red Rocks Amphitheatre,Morrison,CO,USA,https://allthings.umphreys.com/setlists/umphreys-mcgee-june-15-2024-red-rocks-amphitheatre-morrison-co-usa.html
Ringo,1,4,4,,06/15/2024,Red Rocks Amphitheatre,Morrison,CO,USA,https://allthings.umphreys.com/setlists/umphreys-mcgee-june-15-2024-red-rocks-amphitheatre-morrison-co-usa.html
The Triple Wide,1,5,5,,06/15/2024,Red Rocks Amphitheatre,Morrison,CO,USA,https://allthings.umphreys.com/setlists/umphreys-mcgee-june-15-2024-red-rocks-amphitheatre-morrison-co-usa.html
Cut the Cable,1,6,6,,06/15/2024,Red Rocks Amphitheatre,Morrison,CO,USA,https://allthings.umphreys.com/setlists/umphreys-mcgee-june-15-2024-red-rocks-amphitheatre-morrison-co-usa.html
Night Nurse,1,7,7,with Cory Wong on guitar along with Will Clark and Petar Janjic on percussion,06/15/2024,Red Rocks Amphitheatre,Morrison,CO,USA,https://allthings.umphreys.com/setlists/umphreys-mcgee-june-15-2024-red-rocks-amphitheatre-morrison-co-usa.html
Drums,1,8,8,with Will Clark and Petar Janjic on percussion,06/15/2024,Red Rocks Amphitheatre,Morrison,CO,USA,https://allthings.umphreys.com/setlists/umphreys-mcgee-june-15-2024-red-rocks-amphitheatre-morrison-co-usa.html
Golden Years,1,9,9,with Cory Wong and Daniel Donato on guitar,06/15/2024,Red Rocks Amphitheatre,Morrison,CO,USA,https://allthings.umphreys.com/setlists/umphreys-mcgee-june-15-2024-red-rocks-amphitheatre-morrison-co-usa.html
Hurt Bird Bath,2,1,10,,06/15/2024,Red Rocks Amphitheatre,Morrison,CO,USA,https://allthings.umphreys.com/setlists/umphreys-mcgee-june-15-2024-red-rocks-amphitheatre-morrison-co-usa.html
Hajimemashite,2,2,11,,06/15/2024,Red Rocks Amphitheatre,Morrison,CO,USA,https://allthings.umphreys.com/setlists/umphreys-mcgee-june-15-2024-red-rocks-amphitheatre-morrison-co-usa.html
Concessions,2,3,12,,06/15/2024,Red Rocks Amphitheatre,Morrison,CO,USA,https://allthings.umphreys.com/setlists/umphreys-mcgee-june-15-2024-red-rocks-amphitheatre-morrison-co-usa.html
Staircase,2,4,13,,06/15/2024,Red Rocks Amphitheatre,Morrison,CO,USA,https://allthings.umphreys.com/setlists/umphreys-mcgee-june-15-2024-red-rocks-amphitheatre-morrison-co-usa.html
Dump City,2,5,14,with It's About That Time (Miles Davis) jam,06/15/2024,Red Rocks Amphitheatre,Morrison,CO,USA,https://allthings.umphreys.com/setlists/umphreys-mcgee-june-15-2024-red-rocks-amphitheatre-morrison-co-usa.html
Slacker,2,6,15,,06/15/2024,Red Rocks Amphitheatre,Morrison,CO,USA,https://allthings.umphreys.com/setlists/umphreys-mcgee-june-15-2024-red-rocks-amphitheatre-morrison-co-usa.html
Den,E,1,16,,06/15/2024,Red Rocks Amphitheatre,Morrison,CO,USA,https://allthings.umphreys.com/setlists/umphreys-mcgee-june-15-2024-red-rocks-amphitheatre-morrison-co-usa.html
Puppet String,E,2,17,,06/15/2024,Red Rocks Amphitheatre,Morrison,CO,USA,https://allthings.umphreys.com/setlists/umphreys-mcgee-june-15-2024-red-rocks-amphitheatre-morrison-co-usa.html
Gurgle,1,1,1,,06/20/2024,The District,Sioux Falls,SD,USA,https://allthings.umphreys.com/setlists/umphreys-mcgee-june-20-2024-the-district-sioux-falls-sd-usa.html
Push the Pig,1,2,2,,06/20/2024,The District,Sioux Falls,SD,USA,https://allthings.umphreys.com/setlists/umphreys-mcgee-june-20-2024-the-district-sioux-falls-sd-usa.html
Nothing Too Fancy,1,3,3,unfinished,06/20/2024,The District,Sioux Falls,SD,USA,https://allthings.umphreys.com/setlists/umphreys-mcgee-june-20-2024-the-district-sioux-falls-sd-usa.html
Example 1,1,4,4,,06/20/2024,The District,Sioux Falls,SD,USA,https://allthings.umphreys.com/setlists/umphreys-mcgee-june-20-2024-the-district-sioux-falls-sd-usa.html
Looks,1,5,5,,06/20/2024,The District,Sioux Falls,SD,USA,https://allthings.umphreys.com/setlists/umphreys-mcgee-june-20-2024-the-district-sioux-falls-sd-usa.html
Out Of Order,1,6,6,,06/20/2024,The District,Sioux Falls,SD,USA,https://allthings.umphreys.com/setlists/umphreys-mcgee-june-20-2024-the-district-sioux-falls-sd-usa.html
Similar Skin,1,7,7,,06/20/2024,The District,Sioux Falls,SD,USA,https://allthings.umphreys.com/setlists/umphreys-mcgee-june-20-2024-the-district-sioux-falls-sd-usa.html
Preamble,2,1,8,,06/20/2024,The District,Sioux Falls,SD,USA,https://allthings.umphreys.com/setlists/umphreys-mcgee-june-20-2024-the-district-sioux-falls-sd-usa.html
Mantis,2,2,9,,06/20/2024,The District,Sioux Falls,SD,USA,https://allthings.umphreys.com/setlists/umphreys-mcgee-june-20-2024-the-district-sioux-falls-sd-usa.html
Draconian,2,3,10,,06/20/2024,The District,Sioux Falls,SD,USA,https://allthings.umphreys.com/setlists/umphreys-mcgee-june-20-2024-the-district-sioux-falls-sd-usa.html
Mantis,2,4,11,,06/20/2024,The District,Sioux Falls,SD,USA,https://allthings.umphreys.com/setlists/umphreys-mcgee-june-20-2024-the-district-sioux-falls-sd-usa.html
Kimble,2,5,12,,06/20/2024,The District,Sioux Falls,SD,USA,https://allthings.umphreys.com/setlists/umphreys-mcgee-june-20-2024-the-district-sioux-falls-sd-usa.html
Higgins,2,6,13,,06/20/2024,The District,Sioux Falls,SD,USA,https://allthings.umphreys.com/setlists/umphreys-mcgee-june-20-2024-the-district-sioux-falls-sd-usa.html
Walletsworth,2,7,14,,06/20/2024,The District,Sioux Falls,SD,USA,https://allthings.umphreys.com/setlists/umphreys-mcgee-june-20-2024-the-district-sioux-falls-sd-usa.html
Believe the Lie,2,8,15,,06/20/2024,The District,Sioux Falls,SD,USA,https://allthings.umphreys.com/setlists/umphreys-mcgee-june-20-2024-the-district-sioux-falls-sd-usa.html
I Want You (She's So Heavy),E,1,16,,06/20/2024,The District,Sioux Falls,SD,USA,https://allthings.umphreys.com/setlists/umphreys-mcgee-june-20-2024-the-district-sioux-falls-sd-usa.html
Speak Up,1,1,1,,06/21/2024,Lake Superior Big Top Chautauqua,Bayfield,WI,USA,https://allthings.umphreys.com/setlists/umphreys-mcgee-june-21-2024-lake-superior-big-top-chautauqua-bayfield-wi-usa.html
2nd Self,1,2,2,,06/21/2024,Lake Superior Big Top Chautauqua,Bayfield,WI,USA,https://allthings.umphreys.com/setlists/umphreys-mcgee-june-21-2024-lake-superior-big-top-chautauqua-bayfield-wi-usa.html
Miami Virtue,1,3,3,,06/21/2024,Lake Superior Big Top Chautauqua,Bayfield,WI,USA,https://allthings.umphreys.com/setlists/umphreys-mcgee-june-21-2024-lake-superior-big-top-chautauqua-bayfield-wi-usa.html
Mullet (Over),1,4,4,,06/21/2024,Lake Superior Big Top Chautauqua,Bayfield,WI,USA,https://allthings.umphreys.com/setlists/umphreys-mcgee-june-21-2024-lake-superior-big-top-chautauqua-bayfield-wi-usa.html
Thin Air,1,5,5,,06/21/2024,Lake Superior Big Top Chautauqua,Bayfield,WI,USA,https://allthings.umphreys.com/setlists/umphreys-mcgee-june-21-2024-lake-superior-big-top-chautauqua-bayfield-wi-usa.html
Conduit,1,6,6,,06/21/2024,Lake Superior Big Top Chautauqua,Bayfield,WI,USA,https://allthings.umphreys.com/setlists/umphreys-mcgee-june-21-2024-lake-superior-big-top-chautauqua-bayfield-wi-usa.html
Mad Love,1,7,7,,06/21/2024,Lake Superior Big Top Chautauqua,Bayfield,WI,USA,https://allthings.umphreys.com/setlists/umphreys-mcgee-june-21-2024-lake-superior-big-top-chautauqua-bayfield-wi-usa.html
Educated Guess,1,8,8,,06/21/2024,Lake Superior Big Top Chautauqua,Bayfield,WI,USA,https://allthings.umphreys.com/setlists/umphreys-mcgee-june-21-2024-lake-superior-big-top-chautauqua-bayfield-wi-usa.html
Mulche's Odyssey,2,1,9,,06/21/2024,Lake Superior Big Top Chautauqua,Bayfield,WI,USA,https://allthings.umphreys.com/setlists/umphreys-mcgee-june-21-2024-lake-superior-big-top-chautauqua-bayfield-wi-usa.html
Escape Goat,2,2,10,,06/21/2024,Lake Superior Big Top Chautauqua,Bayfield,WI,USA,https://allthings.umphreys.com/setlists/umphreys-mcgee-june-21-2024-lake-superior-big-top-chautauqua-bayfield-wi-usa.html
Baba O'Riley,2,3,11,,06/21/2024,Lake Superior Big Top Chautauqua,Bayfield,WI,USA,https://allthings.umphreys.com/setlists/umphreys-mcgee-june-21-2024-lake-superior-big-top-chautauqua-bayfield-wi-usa.html
All In Time,2,4,12,,06/21/2024,Lake Superior Big Top Chautauqua,Bayfield,WI,USA,https://allthings.umphreys.com/setlists/umphreys-mcgee-june-21-2024-lake-superior-big-top-chautauqua-bayfield-wi-usa.html
Ocean Billy,2,5,13,,06/21/2024,Lake Superior Big Top Chautauqua,Bayfield,WI,USA,https://allthings.umphreys.com/setlists/umphreys-mcgee-june-21-2024-lake-superior-big-top-chautauqua-bayfield-wi-usa.html
All In Time,2,6,14,,06/21/2024,Lake Superior Big Top Chautauqua,Bayfield,WI,USA,https://allthings.umphreys.com/setlists/umphreys-mcgee-june-21-2024-lake-superior-big-top-chautauqua-bayfield-wi-usa.html
I Ran,E,1,15,,06/21/2024,Lake Superior Big Top Chautauqua,Bayfield,WI,USA,https://allthings.umphreys.com/setlists/umphreys-mcgee-june-21-2024-lake-superior-big-top-chautauqua-bayfield-wi-usa.html
The Silent Type,1,1,1,,06/22/2024,Henry Maier Festival Park,Milwaukee,WI,USA,https://allthings.umphreys.com/setlists/umphreys-mcgee-june-22-2024-henry-maier-festival-park-milwaukee-wi-usa.html
Wife Soup,1,2,2,,06/22/2024,Henry Maier Festival Park,Milwaukee,WI,USA,https://allthings.umphreys.com/setlists/umphreys-mcgee-june-22-2024-henry-maier-festival-park-milwaukee-wi-usa.html
Fu-Gee-La,1,3,3,"debut, Fugees; with Kanika Moore, John Shields, and Kevin Shields on vocals",06/22/2024,Henry Maier Festival Park,Milwaukee,WI,USA,https://allthings.umphreys.com/setlists/umphreys-mcgee-june-22-2024-henry-maier-festival-park-milwaukee-wi-usa.html
Attachments,1,4,4,,06/22/2024,Henry Maier Festival Park,Milwaukee,WI,USA,https://allthings.umphreys.com/setlists/umphreys-mcgee-june-22-2024-henry-maier-festival-park-milwaukee-wi-usa.html
Bad Friday,1,5,5,unfinished,06/22/2024,Henry Maier Festival Park,Milwaukee,WI,USA,https://allthings.umphreys.com/setlists/umphreys-mcgee-june-22-2024-henry-maier-festival-park-milwaukee-wi-usa.html
Wizard Burial Ground,1,6,6,,06/22/2024,Henry Maier Festival Park,Milwaukee,WI,USA,https://allthings.umphreys.com/setlists/umphreys-mcgee-june-22-2024-henry-maier-festival-park-milwaukee-wi-usa.html
Hiccup,1,7,7,with Blackbird (The Beatles) teases,06/22/2024,Henry Maier Festival Park,Milwaukee,WI,USA,https://allthings.umphreys.com/setlists/umphreys-mcgee-june-22-2024-henry-maier-festival-park-milwaukee-wi-usa.html
The Triple Wide,1,8,8,with Stairway to Heaven (Led Zeppelin) tease,06/22/2024,Henry Maier Festival Park,Milwaukee,WI,USA,https://allthings.umphreys.com/setlists/umphreys-mcgee-june-22-2024-henry-maier-festival-park-milwaukee-wi-usa.html
Small Strides,1,1,1,,06/23/2024,Double JJ Resort,Rothbury,MI,USA,https://allthings.umphreys.com/setlists/umphreys-mcgee-june-23-2024-double-jj-resort-rothbury-mi-usa.html
Glory,1,2,2,,06/23/2024,Double JJ Resort,Rothbury,MI,USA,https://allthings.umphreys.com/setlists/umphreys-mcgee-june-23-2024-double-jj-resort-rothbury-mi-usa.html
Wappy Sprayberry,1,3,3,,06/23/2024,Double JJ Resort,Rothbury,MI,USA,https://allthings.umphreys.com/setlists/umphreys-mcgee-june-23-2024-double-jj-resort-rothbury-mi-usa.html
40's Theme,1,4,4,,06/23/2024,Double JJ Resort,Rothbury,MI,USA,https://allthings.umphreys.com/setlists/umphreys-mcgee-june-23-2024-double-jj-resort-rothbury-mi-usa.html
Staircase,1,5,5,,06/23/2024,Double JJ Resort,Rothbury,MI,USA,https://allthings.umphreys.com/setlists/umphreys-mcgee-june-23-2024-double-jj-resort-rothbury-mi-usa.html
Day Nurse,1,6,6,,06/23/2024,Double JJ Resort,Rothbury,MI,USA,https://allthings.umphreys.com/setlists/umphreys-mcgee-june-23-2024-double-jj-resort-rothbury-mi-usa.html
Concessions,1,7,7,,06/23/2024,Double JJ Resort,Rothbury,MI,USA,https://allthings.umphreys.com/setlists/umphreys-mcgee-june-23-2024-double-jj-resort-rothbury-mi-usa.html
Plunger-,1,8,8,,06/23/2024,Double JJ Resort,Rothbury,MI,USA,https://allthings.umphreys.com/setlists/umphreys-mcgee-june-23-2024-double-jj-resort-rothbury-mi-usa.html
In The Kitchen,1,9,9,with Kids (MGMT) tease; unfinished,06/23/2024,Double JJ Resort,Rothbury,MI,USA,https://allthings.umphreys.com/setlists/umphreys-mcgee-june-23-2024-double-jj-resort-rothbury-mi-usa.html
Come As Your Kids,1,10,10,,06/23/2024,Double JJ Resort,Rothbury,MI,USA,https://allthings.umphreys.com/setlists/umphreys-mcgee-june-23-2024-double-jj-resort-rothbury-mi-usa.html
Loose Ends,1,1,1,,07/04/2024,Levitt Pavilion for the Performing Arts,Westport,CT,USA,https://allthings.umphreys.com/setlists/umphreys-mcgee-july-4-2024-levitt-pavilion-for-the-performing-arts-westport-ct-usa.html
Great American,1,2,2,,07/04/2024,Levitt Pavilion for the Performing Arts,Westport,CT,USA,https://allthings.umphreys.com/setlists/umphreys-mcgee-july-4-2024-levitt-pavilion-for-the-performing-arts-westport-ct-usa.html
Pure Saturation,1,3,3,,07/04/2024,Levitt Pavilion for the Performing Arts,Westport,CT,USA,https://allthings.umphreys.com/setlists/umphreys-mcgee-july-4-2024-levitt-pavilion-for-the-performing-arts-westport-ct-usa.html
Heart and Soul,1,4,4,,07/04/2024,Levitt Pavilion for the Performing Arts,Westport,CT,USA,https://allthings.umphreys.com/setlists/umphreys-mcgee-july-4-2024-levitt-pavilion-for-the-performing-arts-westport-ct-usa.html
Seasons,1,5,5,,07/04/2024,Levitt Pavilion for the Performing Arts,Westport,CT,USA,https://allthings.umphreys.com/setlists/umphreys-mcgee-july-4-2024-levitt-pavilion-for-the-performing-arts-westport-ct-usa.html
Alex's House,1,6,6,,07/04/2024,Levitt Pavilion for the Performing Arts,Westport,CT,USA,https://allthings.umphreys.com/setlists/umphreys-mcgee-july-4-2024-levitt-pavilion-for-the-performing-arts-westport-ct-usa.html
2x2,1,7,7,,07/04/2024,Levitt Pavilion for the Performing Arts,Westport,CT,USA,https://allthings.umphreys.com/setlists/umphreys-mcgee-july-4-2024-levitt-pavilion-for-the-performing-arts-westport-ct-usa.html
Ringo,2,1,8,with Jump Around (House of Pain) teases and Fame (David Bowie) jam,07/04/2024,Levitt Pavilion for the Performing Arts,Westport,CT,USA,https://allthings.umphreys.com/setlists/umphreys-mcgee-july-4-2024-levitt-pavilion-for-the-performing-arts-westport-ct-usa.html
Andy's Last Beer,2,2,9,,07/04/2024,Levitt Pavilion for the Performing Arts,Westport,CT,USA,https://allthings.umphreys.com/setlists/umphreys-mcgee-july-4-2024-levitt-pavilion-for-the-performing-arts-westport-ct-usa.html
Staircase,2,3,10,with Jump Around (House of Pain) teases,07/04/2024,Levitt Pavilion for the Performing Arts,Westport,CT,USA,https://allthings.umphreys.com/setlists/umphreys-mcgee-july-4-2024-levitt-pavilion-for-the-performing-arts-westport-ct-usa.html
The Crooked One,2,4,11,unfinished,07/04/2024,Levitt Pavilion for the Performing Arts,Westport,CT,USA,https://allthings.umphreys.com/setlists/umphreys-mcgee-july-4-2024-levitt-pavilion-for-the-performing-arts-westport-ct-usa.html
Syncopated Strangers,2,5,12,,07/04/2024,Levitt Pavilion for the Performing Arts,Westport,CT,USA,https://allthings.umphreys.com/setlists/umphreys-mcgee-july-4-2024-levitt-pavilion-for-the-performing-arts-westport-ct-usa.html
Cemetery Walk,2,6,13,,07/04/2024,Levitt Pavilion for the Performing Arts,Westport,CT,USA,https://allthings.umphreys.com/setlists/umphreys-mcgee-july-4-2024-levitt-pavilion-for-the-performing-arts-westport-ct-usa.html
Cemetery Walk II,2,7,14,,07/04/2024,Levitt Pavilion for the Performing Arts,Westport,CT,USA,https://allthings.umphreys.com/setlists/umphreys-mcgee-july-4-2024-levitt-pavilion-for-the-performing-arts-westport-ct-usa.html
Glory,E,1,15,,07/04/2024,Levitt Pavilion for the Performing Arts,Westport,CT,USA,https://allthings.umphreys.com/setlists/umphreys-mcgee-july-4-2024-levitt-pavilion-for-the-performing-arts-westport-ct-usa.html
1348,E,2,16,,07/04/2024,Levitt Pavilion for the Performing Arts,Westport,CT,USA,https://allthings.umphreys.com/setlists/umphreys-mcgee-july-4-2024-levitt-pavilion-for-the-performing-arts-westport-ct-usa.html
It Doesn't Matter,1,1,1,,07/05/2024,Hampton Beach Casino Ballroom,Hampton Beach,NH,USA,https://allthings.umphreys.com/setlists/umphreys-mcgee-july-5-2024-hampton-beach-casino-ballroom-hampton-beach-nh-usa.html
The Floor,1,2,2,,07/05/2024,Hampton Beach Casino Ballroom,Hampton Beach,NH,USA,https://allthings.umphreys.com/setlists/umphreys-mcgee-july-5-2024-hampton-beach-casino-ballroom-hampton-beach-nh-usa.html
White Man's Moccasins,1,3,3,,07/05/2024,Hampton Beach Casino Ballroom,Hampton Beach,NH,USA,https://allthings.umphreys.com/setlists/umphreys-mcgee-july-5-2024-hampton-beach-casino-ballroom-hampton-beach-nh-usa.html
Fenced In,1,4,4,unfinished,07/05/2024,Hampton Beach Casino Ballroom,Hampton Beach,NH,USA,https://allthings.umphreys.com/setlists/umphreys-mcgee-july-5-2024-hampton-beach-casino-ballroom-hampton-beach-nh-usa.html
Remind Me,1,5,5,,07/05/2024,Hampton Beach Casino Ballroom,Hampton Beach,NH,USA,https://allthings.umphreys.com/setlists/umphreys-mcgee-july-5-2024-hampton-beach-casino-ballroom-hampton-beach-nh-usa.html
The Bottom Half,1,6,6,,07/05/2024,Hampton Beach Casino Ballroom,Hampton Beach,NH,USA,https://allthings.umphreys.com/setlists/umphreys-mcgee-july-5-2024-hampton-beach-casino-ballroom-hampton-beach-nh-usa.html
Wizard Burial Ground,2,1,7,,07/05/2024,Hampton Beach Casino Ballroom,Hampton Beach,NH,USA,https://allthings.umphreys.com/setlists/umphreys-mcgee-july-5-2024-hampton-beach-casino-ballroom-hampton-beach-nh-usa.html
Suxity,2,2,8,,07/05/2024,Hampton Beach Casino Ballroom,Hampton Beach,NH,USA,https://allthings.umphreys.com/setlists/umphreys-mcgee-july-5-2024-hampton-beach-casino-ballroom-hampton-beach-nh-usa.html
Resolution,2,3,9,,07/05/2024,Hampton Beach Casino Ballroom,Hampton Beach,NH,USA,https://allthings.umphreys.com/setlists/umphreys-mcgee-july-5-2024-hampton-beach-casino-ballroom-hampton-beach-nh-usa.html
Red Tape,2,4,10,with It's About That Time (Miles Davis) jam,07/05/2024,Hampton Beach Casino Ballroom,Hampton Beach,NH,USA,https://allthings.umphreys.com/setlists/umphreys-mcgee-july-5-2024-hampton-beach-casino-ballroom-hampton-beach-nh-usa.html
Nothing Too Fancy,2,5,11,with Walking on the Moon (The Police) jam,07/05/2024,Hampton Beach Casino Ballroom,Hampton Beach,NH,USA,https://allthings.umphreys.com/setlists/umphreys-mcgee-july-5-2024-hampton-beach-casino-ballroom-hampton-beach-nh-usa.html
Wizard Burial Ground,2,6,12,,07/05/2024,Hampton Beach Casino Ballroom,Hampton Beach,NH,USA,https://allthings.umphreys.com/setlists/umphreys-mcgee-july-5-2024-hampton-beach-casino-ballroom-hampton-beach-nh-usa.html
Young Lust-,E,1,13,,07/05/2024,Hampton Beach Casino Ballroom,Hampton Beach,NH,USA,https://allthings.umphreys.com/setlists/umphreys-mcgee-july-5-2024-hampton-beach-casino-ballroom-hampton-beach-nh-usa.html
Nothing Too Fancy,E,2,14,,07/05/2024,Hampton Beach Casino Ballroom,Hampton Beach,NH,USA,https://allthings.umphreys.com/setlists/umphreys-mcgee-july-5-2024-hampton-beach-casino-ballroom-hampton-beach-nh-usa.html
Maybe Someday,1,1,1,,07/06/2024,State Theatre,Portland,ME,USA,https://allthings.umphreys.com/setlists/umphreys-mcgee-july-6-2024-state-theatre-portland-me-usa.html
Hiccup-,1,2,2,,07/06/2024,State Theatre,Portland,ME,USA,https://allthings.umphreys.com/setlists/umphreys-mcgee-july-6-2024-state-theatre-portland-me-usa.html
The Fussy Dutchman,1,3,3,,07/06/2024,State Theatre,Portland,ME,USA,https://allthings.umphreys.com/setlists/umphreys-mcgee-july-6-2024-state-theatre-portland-me-usa.html
Hourglass,1,4,4,,07/06/2024,State Theatre,Portland,ME,USA,https://allthings.umphreys.com/setlists/umphreys-mcgee-july-6-2024-state-theatre-portland-me-usa.html
Power of Soul,1,5,5,,07/06/2024,State Theatre,Portland,ME,USA,https://allthings.umphreys.com/setlists/umphreys-mcgee-july-6-2024-state-theatre-portland-me-usa.html
Got Your Milk (Right Here),1,6,6,,07/06/2024,State Theatre,Portland,ME,USA,https://allthings.umphreys.com/setlists/umphreys-mcgee-july-6-2024-state-theatre-portland-me-usa.html
Dear Lord,1,7,7,,07/06/2024,State Theatre,Portland,ME,USA,https://allthings.umphreys.com/setlists/umphreys-mcgee-july-6-2024-state-theatre-portland-me-usa.html
Believe the Lie,1,8,8,,07/06/2024,State Theatre,Portland,ME,USA,https://allthings.umphreys.com/setlists/umphreys-mcgee-july-6-2024-state-theatre-portland-me-usa.html
Hurt Bird Bath,2,1,9,with Sweet Child o' Mine (Guns N' Roses) tease,07/06/2024,State Theatre,Portland,ME,USA,https://allthings.umphreys.com/setlists/umphreys-mcgee-july-6-2024-state-theatre-portland-me-usa.html
Escape Goat,2,2,10,,07/06/2024,State Theatre,Portland,ME,USA,https://allthings.umphreys.com/setlists/umphreys-mcgee-july-6-2024-state-theatre-portland-me-usa.html
Kula,2,3,11,,07/06/2024,State Theatre,Portland,ME,USA,https://allthings.umphreys.com/setlists/umphreys-mcgee-july-6-2024-state-theatre-portland-me-usa.html
Phil's Farm,2,4,12,,07/06/2024,State Theatre,Portland,ME,USA,https://allthings.umphreys.com/setlists/umphreys-mcgee-july-6-2024-state-theatre-portland-me-usa.html
Booth Love,2,5,13,,07/06/2024,State Theatre,Portland,ME,USA,https://allthings.umphreys.com/setlists/umphreys-mcgee-july-6-2024-state-theatre-portland-me-usa.html
Fame,2,6,14,,07/06/2024,State Theatre,Portland,ME,USA,https://allthings.umphreys.com/setlists/umphreys-mcgee-july-6-2024-state-theatre-portland-me-usa.html
Divisions,E,1,15,,07/06/2024,State Theatre,Portland,ME,USA,https://allthings.umphreys.com/setlists/umphreys-mcgee-july-6-2024-state-theatre-portland-me-usa.html
Make It Right,1,1,1,,07/07/2024,Lincoln Hill Farms,Canandaigua,NY,USA,https://allthings.umphreys.com/setlists/umphreys-mcgee-july-7-2024-lincoln-hill-farms-canandaigua-ny-usa.html
Day Nurse,1,2,2,,07/07/2024,Lincoln Hill Farms,Canandaigua,NY,USA,https://allthings.umphreys.com/setlists/umphreys-mcgee-july-7-2024-lincoln-hill-farms-canandaigua-ny-usa.html
Uncle Wally,1,3,3,,07/07/2024,Lincoln Hill Farms,Canandaigua,NY,USA,https://allthings.umphreys.com/setlists/umphreys-mcgee-july-7-2024-lincoln-hill-farms-canandaigua-ny-usa.html
The Haunt,1,4,4,,07/07/2024,Lincoln Hill Farms,Canandaigua,NY,USA,https://allthings.umphreys.com/setlists/umphreys-mcgee-july-7-2024-lincoln-hill-farms-canandaigua-ny-usa.html
Kabump,1,5,5,,07/07/2024,Lincoln Hill Farms,Canandaigua,NY,USA,https://allthings.umphreys.com/setlists/umphreys-mcgee-july-7-2024-lincoln-hill-farms-canandaigua-ny-usa.html
Miami Virtue,1,6,6,,07/07/2024,Lincoln Hill Farms,Canandaigua,NY,USA,https://allthings.umphreys.com/setlists/umphreys-mcgee-july-7-2024-lincoln-hill-farms-canandaigua-ny-usa.html
Higgins,1,7,7,,07/07/2024,Lincoln Hill Farms,Canandaigua,NY,USA,https://allthings.umphreys.com/setlists/umphreys-mcgee-july-7-2024-lincoln-hill-farms-canandaigua-ny-usa.html
Miss Tinkle's Overture,2,1,8,,07/07/2024,Lincoln Hill Farms,Canandaigua,NY,USA,https://allthings.umphreys.com/setlists/umphreys-mcgee-july-7-2024-lincoln-hill-farms-canandaigua-ny-usa.html
Small Strides,2,2,9,with Binary Sunset (Williams) tease,07/07/2024,Lincoln Hill Farms,Canandaigua,NY,USA,https://allthings.umphreys.com/setlists/umphreys-mcgee-july-7-2024-lincoln-hill-farms-canandaigua-ny-usa.html
Similar Skin,2,3,10,with Binary Sunset (Williams) tease,07/07/2024,Lincoln Hill Farms,Canandaigua,NY,USA,https://allthings.umphreys.com/setlists/umphreys-mcgee-july-7-2024-lincoln-hill-farms-canandaigua-ny-usa.html
Ocean Billy,2,4,11,,07/07/2024,Lincoln Hill Farms,Canandaigua,NY,USA,https://allthings.umphreys.com/setlists/umphreys-mcgee-july-7-2024-lincoln-hill-farms-canandaigua-ny-usa.html
Dance Hall Days,2,5,12,with They Love Each Other (Grateful Dead) tease,07/07/2024,Lincoln Hill Farms,Canandaigua,NY,USA,https://allthings.umphreys.com/setlists/umphreys-mcgee-july-7-2024-lincoln-hill-farms-canandaigua-ny-usa.html
Big Heart,2,6,13,,07/07/2024,Lincoln Hill Farms,Canandaigua,NY,USA,https://allthings.umphreys.com/setlists/umphreys-mcgee-july-7-2024-lincoln-hill-farms-canandaigua-ny-usa.html
Ocean Billy,2,7,14,,07/07/2024,Lincoln Hill Farms,Canandaigua,NY,USA,https://allthings.umphreys.com/setlists/umphreys-mcgee-july-7-2024-lincoln-hill-farms-canandaigua-ny-usa.html
Live and Let Die,E,1,15,,07/07/2024,Lincoln Hill Farms,Canandaigua,NY,USA,https://allthings.umphreys.com/setlists/umphreys-mcgee-july-7-2024-lincoln-hill-farms-canandaigua-ny-usa.html
Cut the Cable,1,1,1,,07/17/2024,Britt Pavilion,Jacksonville,OR,USA,https://allthings.umphreys.com/setlists/umphreys-mcgee-july-17-2024-britt-pavilion-jacksonville-or-usa.html
Passing,1,2,2,,07/17/2024,Britt Pavilion,Jacksonville,OR,USA,https://allthings.umphreys.com/setlists/umphreys-mcgee-july-17-2024-britt-pavilion-jacksonville-or-usa.html
I Don't Know What I Want,1,3,3,,07/17/2024,Britt Pavilion,Jacksonville,OR,USA,https://allthings.umphreys.com/setlists/umphreys-mcgee-july-17-2024-britt-pavilion-jacksonville-or-usa.html
Dim Sun,1,4,4,,07/17/2024,Britt Pavilion,Jacksonville,OR,USA,https://allthings.umphreys.com/setlists/umphreys-mcgee-july-17-2024-britt-pavilion-jacksonville-or-usa.html
Blue Echo-,1,5,5,,07/17/2024,Britt Pavilion,Jacksonville,OR,USA,https://allthings.umphreys.com/setlists/umphreys-mcgee-july-17-2024-britt-pavilion-jacksonville-or-usa.html
2nd Self,1,6,6,,07/17/2024,Britt Pavilion,Jacksonville,OR,USA,https://allthings.umphreys.com/setlists/umphreys-mcgee-july-17-2024-britt-pavilion-jacksonville-or-usa.html
The Linear-,1,7,7,,07/17/2024,Britt Pavilion,Jacksonville,OR,USA,https://allthings.umphreys.com/setlists/umphreys-mcgee-july-17-2024-britt-pavilion-jacksonville-or-usa.html
Believe the Lie,1,8,8,,07/17/2024,Britt Pavilion,Jacksonville,OR,USA,https://allthings.umphreys.com/setlists/umphreys-mcgee-july-17-2024-britt-pavilion-jacksonville-or-usa.html
The Silent Type,2,1,9,,07/17/2024,Britt Pavilion,Jacksonville,OR,USA,https://allthings.umphreys.com/setlists/umphreys-mcgee-july-17-2024-britt-pavilion-jacksonville-or-usa.html
Out Of Order,2,2,10,,07/17/2024,Britt Pavilion,Jacksonville,OR,USA,https://allthings.umphreys.com/setlists/umphreys-mcgee-july-17-2024-britt-pavilion-jacksonville-or-usa.html
Der Bluten Kat,2,3,11,,07/17/2024,Britt Pavilion,Jacksonville,OR,USA,https://allthings.umphreys.com/setlists/umphreys-mcgee-july-17-2024-britt-pavilion-jacksonville-or-usa.html
Looks,2,4,12,,07/17/2024,Britt Pavilion,Jacksonville,OR,USA,https://allthings.umphreys.com/setlists/umphreys-mcgee-july-17-2024-britt-pavilion-jacksonville-or-usa.html
Der Bluten Kat,2,5,13,,07/17/2024,Britt Pavilion,Jacksonville,OR,USA,https://allthings.umphreys.com/setlists/umphreys-mcgee-july-17-2024-britt-pavilion-jacksonville-or-usa.html
Dig A Pony,2,6,14,,07/17/2024,Britt Pavilion,Jacksonville,OR,USA,https://allthings.umphreys.com/setlists/umphreys-mcgee-july-17-2024-britt-pavilion-jacksonville-or-usa.html
Night Nurse,2,7,15,,07/17/2024,Britt Pavilion,Jacksonville,OR,USA,https://allthings.umphreys.com/setlists/umphreys-mcgee-july-17-2024-britt-pavilion-jacksonville-or-usa.html
Partyin' Peeps,2,8,16,,07/17/2024,Britt Pavilion,Jacksonville,OR,USA,https://allthings.umphreys.com/setlists/umphreys-mcgee-july-17-2024-britt-pavilion-jacksonville-or-usa.html
Much Obliged,E,1,17,,07/17/2024,Britt Pavilion,Jacksonville,OR,USA,https://allthings.umphreys.com/setlists/umphreys-mcgee-july-17-2024-britt-pavilion-jacksonville-or-usa.html
Bathing Digits,1,1,1,,07/18/2024,Redding Civic Auditorium,Redding,CA,USA,https://allthings.umphreys.com/setlists/umphreys-mcgee-july-18-2024-redding-civic-auditorium-redding-ca-usa.html
Plunger,1,2,2,,07/18/2024,Redding Civic Auditorium,Redding,CA,USA,https://allthings.umphreys.com/setlists/umphreys-mcgee-july-18-2024-redding-civic-auditorium-redding-ca-usa.html
Dump City,1,3,3,,07/18/2024,Redding Civic Auditorium,Redding,CA,USA,https://allthings.umphreys.com/setlists/umphreys-mcgee-july-18-2024-redding-civic-auditorium-redding-ca-usa.html
Turn & Dub,1,4,4,,07/18/2024,Redding Civic Auditorium,Redding,CA,USA,https://allthings.umphreys.com/setlists/umphreys-mcgee-july-18-2024-redding-civic-auditorium-redding-ca-usa.html
JaJunk,1,5,5,,07/18/2024,Redding Civic Auditorium,Redding,CA,USA,https://allthings.umphreys.com/setlists/umphreys-mcgee-july-18-2024-redding-civic-auditorium-redding-ca-usa.html
Ringo,1,6,6,,07/18/2024,Redding Civic Auditorium,Redding,CA,USA,https://allthings.umphreys.com/setlists/umphreys-mcgee-july-18-2024-redding-civic-auditorium-redding-ca-usa.html
Come Closer,1,7,7,,07/18/2024,Redding Civic Auditorium,Redding,CA,USA,https://allthings.umphreys.com/setlists/umphreys-mcgee-july-18-2024-redding-civic-auditorium-redding-ca-usa.html
Bad Friday,1,8,8,with Chan Kinchla on guitar,07/18/2024,Redding Civic Auditorium,Redding,CA,USA,https://allthings.umphreys.com/setlists/umphreys-mcgee-july-18-2024-redding-civic-auditorium-redding-ca-usa.html
Plunger,1,9,9,,07/18/2024,Redding Civic Auditorium,Redding,CA,USA,https://allthings.umphreys.com/setlists/umphreys-mcgee-july-18-2024-redding-civic-auditorium-redding-ca-usa.html
Preamble,1,1,1,,07/19/2024,The Meritage Resort and Spa,Napa,CA,USA,https://allthings.umphreys.com/setlists/umphreys-mcgee-july-19-2024-the-meritage-resort-and-spa-napa-ca-usa.html
Mantis,1,2,2,,07/19/2024,The Meritage Resort and Spa,Napa,CA,USA,https://allthings.umphreys.com/setlists/umphreys-mcgee-july-19-2024-the-meritage-resort-and-spa-napa-ca-usa.html
New Wings,1,3,3,,07/19/2024,The Meritage Resort and Spa,Napa,CA,USA,https://allthings.umphreys.com/setlists/umphreys-mcgee-july-19-2024-the-meritage-resort-and-spa-napa-ca-usa.html
Glory,1,4,4,with John Popper on harmonica,07/19/2024,The Meritage Resort and Spa,Napa,CA,USA,https://allthings.umphreys.com/setlists/umphreys-mcgee-july-19-2024-the-meritage-resort-and-spa-napa-ca-usa.html
Miss You,1,5,5,with John Popper on harmonica,07/19/2024,The Meritage Resort and Spa,Napa,CA,USA,https://allthings.umphreys.com/setlists/umphreys-mcgee-july-19-2024-the-meritage-resort-and-spa-napa-ca-usa.html
Small Strides,1,6,6,,07/19/2024,The Meritage Resort and Spa,Napa,CA,USA,https://allthings.umphreys.com/setlists/umphreys-mcgee-july-19-2024-the-meritage-resort-and-spa-napa-ca-usa.html
Bridgeless,1,7,7,,07/19/2024,The Meritage Resort and Spa,Napa,CA,USA,https://allthings.umphreys.com/setlists/umphreys-mcgee-july-19-2024-the-meritage-resort-and-spa-napa-ca-usa.html
The Triple Wide,1,8,8,,07/19/2024,The Meritage Resort and Spa,Napa,CA,USA,https://allthings.umphreys.com/setlists/umphreys-mcgee-july-19-2024-the-meritage-resort-and-spa-napa-ca-usa.html
Women Wine and Song,1,9,9,,07/19/2024,The Meritage Resort and Spa,Napa,CA,USA,https://allthings.umphreys.com/setlists/umphreys-mcgee-july-19-2024-the-meritage-resort-and-spa-napa-ca-usa.html
Fenced In,1,10,10,,07/19/2024,The Meritage Resort and Spa,Napa,CA,USA,https://allthings.umphreys.com/setlists/umphreys-mcgee-july-19-2024-the-meritage-resort-and-spa-napa-ca-usa.html
Bridgeless,1,11,11,,07/19/2024,The Meritage Resort and Spa,Napa,CA,USA,https://allthings.umphreys.com/setlists/umphreys-mcgee-july-19-2024-the-meritage-resort-and-spa-napa-ca-usa.html
Hourglass,1,1,1,,07/20/2024,California Mid-State Fair,Paso Robles,CA,USA,https://allthings.umphreys.com/setlists/umphreys-mcgee-july-20-2024-california-mid-state-fair-paso-robles-ca-usa.html
Attachments,1,2,2,,07/20/2024,California Mid-State Fair,Paso Robles,CA,USA,https://allthings.umphreys.com/setlists/umphreys-mcgee-july-20-2024-california-mid-state-fair-paso-robles-ca-usa.html
Roctopus,1,3,3,,07/20/2024,California Mid-State Fair,Paso Robles,CA,USA,https://allthings.umphreys.com/setlists/umphreys-mcgee-july-20-2024-california-mid-state-fair-paso-robles-ca-usa.html
Phil's Farm,1,4,4,,07/20/2024,California Mid-State Fair,Paso Robles,CA,USA,https://allthings.umphreys.com/setlists/umphreys-mcgee-july-20-2024-california-mid-state-fair-paso-robles-ca-usa.html
Hajimemashite,1,5,5,,07/20/2024,California Mid-State Fair,Paso Robles,CA,USA,https://allthings.umphreys.com/setlists/umphreys-mcgee-july-20-2024-california-mid-state-fair-paso-robles-ca-usa.html
Wappy Sprayberry,1,6,6,,07/20/2024,California Mid-State Fair,Paso Robles,CA,USA,https://allthings.umphreys.com/setlists/umphreys-mcgee-july-20-2024-california-mid-state-fair-paso-robles-ca-usa.html
Cheap Sunglasses,1,7,7,,07/20/2024,California Mid-State Fair,Paso Robles,CA,USA,https://allthings.umphreys.com/setlists/umphreys-mcgee-july-20-2024-california-mid-state-fair-paso-robles-ca-usa.html
Speak Up,1,8,8,,07/20/2024,California Mid-State Fair,Paso Robles,CA,USA,https://allthings.umphreys.com/setlists/umphreys-mcgee-july-20-2024-california-mid-state-fair-paso-robles-ca-usa.html
Miss Tinkle's Overture,1,9,9,,07/20/2024,California Mid-State Fair,Paso Robles,CA,USA,https://allthings.umphreys.com/setlists/umphreys-mcgee-july-20-2024-california-mid-state-fair-paso-robles-ca-usa.html
Slacker,1,10,10,,07/20/2024,California Mid-State Fair,Paso Robles,CA,USA,https://allthings.umphreys.com/setlists/umphreys-mcgee-july-20-2024-california-mid-state-fair-paso-robles-ca-usa.html
Comfortably Numb,1,11,11,,07/20/2024,California Mid-State Fair,Paso Robles,CA,USA,https://allthings.umphreys.com/setlists/umphreys-mcgee-july-20-2024-california-mid-state-fair-paso-robles-ca-usa.html
The Floor,1,12,12,,07/20/2024,California Mid-State Fair,Paso Robles,CA,USA,https://allthings.umphreys.com/setlists/umphreys-mcgee-july-20-2024-california-mid-state-fair-paso-robles-ca-usa.html
Get In The Van,1,1,1,,08/22/2024,The Pageant,St. Louis,MO,USA,https://allthings.umphreys.com/setlists/umphreys-mcgee-august-22-2024-the-pageant-st-louis-mo-usa.html
Walletsworth,1,2,2,,08/22/2024,The Pageant,St. Louis,MO,USA,https://allthings.umphreys.com/setlists/umphreys-mcgee-august-22-2024-the-pageant-st-louis-mo-usa.html
Always October,1,3,3,,08/22/2024,The Pageant,St. Louis,MO,USA,https://allthings.umphreys.com/setlists/umphreys-mcgee-august-22-2024-the-pageant-st-louis-mo-usa.html
Ringo,1,4,4,,08/22/2024,The Pageant,St. Louis,MO,USA,https://allthings.umphreys.com/setlists/umphreys-mcgee-august-22-2024-the-pageant-st-louis-mo-usa.html
Stanton,1,5,5,,08/22/2024,The Pageant,St. Louis,MO,USA,https://allthings.umphreys.com/setlists/umphreys-mcgee-august-22-2024-the-pageant-st-louis-mo-usa.html
Ringo,1,6,6,,08/22/2024,The Pageant,St. Louis,MO,USA,https://allthings.umphreys.com/setlists/umphreys-mcgee-august-22-2024-the-pageant-st-louis-mo-usa.html
Night Nurse,1,7,7,,08/22/2024,The Pageant,St. Louis,MO,USA,https://allthings.umphreys.com/setlists/umphreys-mcgee-august-22-2024-the-pageant-st-louis-mo-usa.html
Attachments,2,1,8,,08/22/2024,The Pageant,St. Louis,MO,USA,https://allthings.umphreys.com/setlists/umphreys-mcgee-august-22-2024-the-pageant-st-louis-mo-usa.html
Fenced In,2,2,9,,08/22/2024,The Pageant,St. Louis,MO,USA,https://allthings.umphreys.com/setlists/umphreys-mcgee-august-22-2024-the-pageant-st-louis-mo-usa.html
Girlfriend is Better,2,3,10,"with Alex Bailey on percussion, Dani Battat on keys, and Jake Brownstein on guitar",08/22/2024,The Pageant,St. Louis,MO,USA,https://allthings.umphreys.com/setlists/umphreys-mcgee-august-22-2024-the-pageant-st-louis-mo-usa.html
Higgins,2,4,11,,08/22/2024,The Pageant,St. Louis,MO,USA,https://allthings.umphreys.com/setlists/umphreys-mcgee-august-22-2024-the-pageant-st-louis-mo-usa.html
Slacker,2,5,12,,08/22/2024,The Pageant,St. Louis,MO,USA,https://allthings.umphreys.com/setlists/umphreys-mcgee-august-22-2024-the-pageant-st-louis-mo-usa.html
The Floor,E,1,13,with Roundabout (Yes) tease in intro,08/22/2024,The Pageant,St. Louis,MO,USA,https://allthings.umphreys.com/setlists/umphreys-mcgee-august-22-2024-the-pageant-st-louis-mo-usa.html
There's No Crying In Mexico,1,1,1,,08/23/2024,The Salt Shed,Chicago,IL,USA,https://allthings.umphreys.com/setlists/umphreys-mcgee-august-23-2024-the-salt-shed-chicago-il-usa.html
Wife Soup,1,2,2,,08/23/2024,The Salt Shed,Chicago,IL,USA,https://allthings.umphreys.com/setlists/umphreys-mcgee-august-23-2024-the-salt-shed-chicago-il-usa.html
All In Time,1,3,3,,08/23/2024,The Salt Shed,Chicago,IL,USA,https://allthings.umphreys.com/setlists/umphreys-mcgee-august-23-2024-the-salt-shed-chicago-il-usa.html
Hajimemashite,1,4,4,,08/23/2024,The Salt Shed,Chicago,IL,USA,https://allthings.umphreys.com/setlists/umphreys-mcgee-august-23-2024-the-salt-shed-chicago-il-usa.html
The Silent Type,1,5,5,,08/23/2024,The Salt Shed,Chicago,IL,USA,https://allthings.umphreys.com/setlists/umphreys-mcgee-august-23-2024-the-salt-shed-chicago-il-usa.html
Message in a Bottle,1,6,6,,08/23/2024,The Salt Shed,Chicago,IL,USA,https://allthings.umphreys.com/setlists/umphreys-mcgee-august-23-2024-the-salt-shed-chicago-il-usa.html
Staircase-,1,7,7,,08/23/2024,The Salt Shed,Chicago,IL,USA,https://allthings.umphreys.com/setlists/umphreys-mcgee-august-23-2024-the-salt-shed-chicago-il-usa.html
2nd Self,1,8,8,,08/23/2024,The Salt Shed,Chicago,IL,USA,https://allthings.umphreys.com/setlists/umphreys-mcgee-august-23-2024-the-salt-shed-chicago-il-usa.html
Small Strides,1,9,9,,08/23/2024,The Salt Shed,Chicago,IL,USA,https://allthings.umphreys.com/setlists/umphreys-mcgee-august-23-2024-the-salt-shed-chicago-il-usa.html
Speak Up,1,10,10,,08/23/2024,The Salt Shed,Chicago,IL,USA,https://allthings.umphreys.com/setlists/umphreys-mcgee-august-23-2024-the-salt-shed-chicago-il-usa.html
The Triple Wide-,1,11,11,,08/23/2024,The Salt Shed,Chicago,IL,USA,https://allthings.umphreys.com/setlists/umphreys-mcgee-august-23-2024-the-salt-shed-chicago-il-usa.html
All In Time,1,12,12,,08/23/2024,The Salt Shed,Chicago,IL,USA,https://allthings.umphreys.com/setlists/umphreys-mcgee-august-23-2024-the-salt-shed-chicago-il-usa.html
In The Kitchen,E,1,13,,08/23/2024,The Salt Shed,Chicago,IL,USA,https://allthings.umphreys.com/setlists/umphreys-mcgee-august-23-2024-the-salt-shed-chicago-il-usa.html
Soul Food I,E,2,14,,08/23/2024,The Salt Shed,Chicago,IL,USA,https://allthings.umphreys.com/setlists/umphreys-mcgee-august-23-2024-the-salt-shed-chicago-il-usa.html
Soul Food II,E,3,15,,08/23/2024,The Salt Shed,Chicago,IL,USA,https://allthings.umphreys.com/setlists/umphreys-mcgee-august-23-2024-the-salt-shed-chicago-il-usa.html
Come As Your Kids,E,4,16,,08/23/2024,The Salt Shed,Chicago,IL,USA,https://allthings.umphreys.com/setlists/umphreys-mcgee-august-23-2024-the-salt-shed-chicago-il-usa.html
Catshot,1,1,1,,08/24/2024,Everwise Amphitheater at White River State Park,Indianapolis,IN,USA,https://allthings.umphreys.com/setlists/umphreys-mcgee-august-24-2024-everwise-amphitheater-at-white-river-state-park-indianapolis-in-usa.html
I Don't Know What I Want,1,2,2,,08/24/2024,Everwise Amphitheater at White River State Park,Indianapolis,IN,USA,https://allthings.umphreys.com/setlists/umphreys-mcgee-august-24-2024-everwise-amphitheater-at-white-river-state-park-indianapolis-in-usa.html
Nothing Too Fancy,1,3,3,,08/24/2024,Everwise Amphitheater at White River State Park,Indianapolis,IN,USA,https://allthings.umphreys.com/setlists/umphreys-mcgee-august-24-2024-everwise-amphitheater-at-white-river-state-park-indianapolis-in-usa.html
Got Your Milk (Right Here),1,4,4,,08/24/2024,Everwise Amphitheater at White River State Park,Indianapolis,IN,USA,https://allthings.umphreys.com/setlists/umphreys-mcgee-august-24-2024-everwise-amphitheater-at-white-river-state-park-indianapolis-in-usa.html
Resolution,1,5,5,,08/24/2024,Everwise Amphitheater at White River State Park,Indianapolis,IN,USA,https://allthings.umphreys.com/setlists/umphreys-mcgee-august-24-2024-everwise-amphitheater-at-white-river-state-park-indianapolis-in-usa.html
Puppet String,1,6,6,,08/24/2024,Everwise Amphitheater at White River State Park,Indianapolis,IN,USA,https://allthings.umphreys.com/setlists/umphreys-mcgee-august-24-2024-everwise-amphitheater-at-white-river-state-park-indianapolis-in-usa.html
Pure Saturation,1,7,7,with Alex Bailey on percussion,08/24/2024,Everwise Amphitheater at White River State Park,Indianapolis,IN,USA,https://allthings.umphreys.com/setlists/umphreys-mcgee-august-24-2024-everwise-amphitheater-at-white-river-state-park-indianapolis-in-usa.html
Corduroy,1,8,8,"debut, Pearl Jam",08/24/2024,Everwise Amphitheater at White River State Park,Indianapolis,IN,USA,https://allthings.umphreys.com/setlists/umphreys-mcgee-august-24-2024-everwise-amphitheater-at-white-river-state-park-indianapolis-in-usa.html
Hurt Bird Bath,1,9,9,,08/24/2024,Everwise Amphitheater at White River State Park,Indianapolis,IN,USA,https://allthings.umphreys.com/setlists/umphreys-mcgee-august-24-2024-everwise-amphitheater-at-white-river-state-park-indianapolis-in-usa.html
Concessions,1,10,10,,08/24/2024,Everwise Amphitheater at White River State Park,Indianapolis,IN,USA,https://allthings.umphreys.com/setlists/umphreys-mcgee-august-24-2024-everwise-amphitheater-at-white-river-state-park-indianapolis-in-usa.html
Glory,E,1,11,,08/24/2024,Everwise Amphitheater at White River State Park,Indianapolis,IN,USA,https://allthings.umphreys.com/setlists/umphreys-mcgee-august-24-2024-everwise-amphitheater-at-white-river-state-park-indianapolis-in-usa.html
Escape Goat,E,2,12,,08/24/2024,Everwise Amphitheater at White River State Park,Indianapolis,IN,USA,https://allthings.umphreys.com/setlists/umphreys-mcgee-august-24-2024-everwise-amphitheater-at-white-river-state-park-indianapolis-in-usa.html
Nothing Too Fancy,E,3,13,,08/24/2024,Everwise Amphitheater at White River State Park,Indianapolis,IN,USA,https://allthings.umphreys.com/setlists/umphreys-mcgee-august-24-2024-everwise-amphitheater-at-white-river-state-park-indianapolis-in-usa.html
You Got the Wrong Guy,1,1,1,,08/25/2024,The Caverns,Pelham,TN,USA,https://allthings.umphreys.com/setlists/umphreys-mcgee-august-25-2024-the-caverns-pelham-tn-usa.html
JaJunk,1,2,2,,08/25/2024,The Caverns,Pelham,TN,USA,https://allthings.umphreys.com/setlists/umphreys-mcgee-august-25-2024-the-caverns-pelham-tn-usa.html
Turn & Run,1,3,3,,08/25/2024,The Caverns,Pelham,TN,USA,https://allthings.umphreys.com/setlists/umphreys-mcgee-august-25-2024-the-caverns-pelham-tn-usa.html
Day Nurse-,1,4,4,,08/25/2024,The Caverns,Pelham,TN,USA,https://allthings.umphreys.com/setlists/umphreys-mcgee-august-25-2024-the-caverns-pelham-tn-usa.html
White Man's Moccasins,1,5,5,,08/25/2024,The Caverns,Pelham,TN,USA,https://allthings.umphreys.com/setlists/umphreys-mcgee-august-25-2024-the-caverns-pelham-tn-usa.html
Work Sauce,1,6,6,,08/25/2024,The Caverns,Pelham,TN,USA,https://allthings.umphreys.com/setlists/umphreys-mcgee-august-25-2024-the-caverns-pelham-tn-usa.html
End of the Road,1,7,7,,08/25/2024,The Caverns,Pelham,TN,USA,https://allthings.umphreys.com/setlists/umphreys-mcgee-august-25-2024-the-caverns-pelham-tn-usa.html
August,1,8,8,,08/25/2024,The Caverns,Pelham,TN,USA,https://allthings.umphreys.com/setlists/umphreys-mcgee-august-25-2024-the-caverns-pelham-tn-usa.html
JaJunk,1,9,9,,08/25/2024,The Caverns,Pelham,TN,USA,https://allthings.umphreys.com/setlists/umphreys-mcgee-august-25-2024-the-caverns-pelham-tn-usa.html
Bad Friday,2,1,10,,08/25/2024,The Caverns,Pelham,TN,USA,https://allthings.umphreys.com/setlists/umphreys-mcgee-august-25-2024-the-caverns-pelham-tn-usa.html
Kabump,2,2,11,,08/25/2024,The Caverns,Pelham,TN,USA,https://allthings.umphreys.com/setlists/umphreys-mcgee-august-25-2024-the-caverns-pelham-tn-usa.html
The Crooked One,2,3,12,,08/25/2024,The Caverns,Pelham,TN,USA,https://allthings.umphreys.com/setlists/umphreys-mcgee-august-25-2024-the-caverns-pelham-tn-usa.html
Meeting in the Aisle,2,4,13,,08/25/2024,The Caverns,Pelham,TN,USA,https://allthings.umphreys.com/setlists/umphreys-mcgee-august-25-2024-the-caverns-pelham-tn-usa.html
Piranhas,2,5,14,,08/25/2024,The Caverns,Pelham,TN,USA,https://allthings.umphreys.com/setlists/umphreys-mcgee-august-25-2024-the-caverns-pelham-tn-usa.html
1348,2,6,15,,08/25/2024,The Caverns,Pelham,TN,USA,https://allthings.umphreys.com/setlists/umphreys-mcgee-august-25-2024-the-caverns-pelham-tn-usa.html
Sultans of Swing,2,7,16,,08/25/2024,The Caverns,Pelham,TN,USA,https://allthings.umphreys.com/setlists/umphreys-mcgee-august-25-2024-the-caverns-pelham-tn-usa.html
Mulche's Odyssey,2,8,17,,08/25/2024,The Caverns,Pelham,TN,USA,https://allthings.umphreys.com/setlists/umphreys-mcgee-august-25-2024-the-caverns-pelham-tn-usa.html
Wappy Sprayberry,E,1,18,,08/25/2024,The Caverns,Pelham,TN,USA,https://allthings.umphreys.com/setlists/umphreys-mcgee-august-25-2024-the-caverns-pelham-tn-usa.html
Made to Measure,1,1,1,,08/28/2024,Stone Pony Summerstage,Asbury Park,NJ,USA,https://allthings.umphreys.com/setlists/umphreys-mcgee-august-28-2024-stone-pony-summerstage-asbury-park-nj-usa.html
Mantis,1,2,2,unfinished,08/28/2024,Stone Pony Summerstage,Asbury Park,NJ,USA,https://allthings.umphreys.com/setlists/umphreys-mcgee-august-28-2024-stone-pony-summerstage-asbury-park-nj-usa.html
It's Not Your Fault,1,3,3,,08/28/2024,Stone Pony Summerstage,Asbury Park,NJ,USA,https://allthings.umphreys.com/setlists/umphreys-mcgee-august-28-2024-stone-pony-summerstage-asbury-park-nj-usa.html
Plunger,1,4,4,,08/28/2024,Stone Pony Summerstage,Asbury Park,NJ,USA,https://allthings.umphreys.com/setlists/umphreys-mcgee-august-28-2024-stone-pony-summerstage-asbury-park-nj-usa.html
Always October,1,5,5,,08/28/2024,Stone Pony Summerstage,Asbury Park,NJ,USA,https://allthings.umphreys.com/setlists/umphreys-mcgee-august-28-2024-stone-pony-summerstage-asbury-park-nj-usa.html
Der Bluten Kat,1,6,6,with Jump Around (House of Pain) teases,08/28/2024,Stone Pony Summerstage,Asbury Park,NJ,USA,https://allthings.umphreys.com/setlists/umphreys-mcgee-august-28-2024-stone-pony-summerstage-asbury-park-nj-usa.html
Cemetery Walk,1,7,7,,08/28/2024,Stone Pony Summerstage,Asbury Park,NJ,USA,https://allthings.umphreys.com/setlists/umphreys-mcgee-august-28-2024-stone-pony-summerstage-asbury-park-nj-usa.html
Cemetery Walk II,1,8,8,,08/28/2024,Stone Pony Summerstage,Asbury Park,NJ,USA,https://allthings.umphreys.com/setlists/umphreys-mcgee-august-28-2024-stone-pony-summerstage-asbury-park-nj-usa.html
Australian Lullaby,1,9,9,,08/28/2024,Stone Pony Summerstage,Asbury Park,NJ,USA,https://allthings.umphreys.com/setlists/umphreys-mcgee-august-28-2024-stone-pony-summerstage-asbury-park-nj-usa.html
Remind Me,1,10,10,,08/28/2024,Stone Pony Summerstage,Asbury Park,NJ,USA,https://allthings.umphreys.com/setlists/umphreys-mcgee-august-28-2024-stone-pony-summerstage-asbury-park-nj-usa.html
Bennie and the Jets,E,1,11,"with Alex Bailey on vocals and replacing Kris on drums, Dani Battat on keys, and Jake Brownstein on guitar",08/28/2024,Stone Pony Summerstage,Asbury Park,NJ,USA,https://allthings.umphreys.com/setlists/umphreys-mcgee-august-28-2024-stone-pony-summerstage-asbury-park-nj-usa.html
Goonville,1,1,1,,08/29/2024,Pier Six Pavilion,Baltimore,MD,USA,https://allthings.umphreys.com/setlists/umphreys-mcgee-august-29-2024-pier-six-pavilion-baltimore-md-usa.html
Maybe Someday,1,2,2,,08/29/2024,Pier Six Pavilion,Baltimore,MD,USA,https://allthings.umphreys.com/setlists/umphreys-mcgee-august-29-2024-pier-six-pavilion-baltimore-md-usa.html
Dump City,1,3,3,,08/29/2024,Pier Six Pavilion,Baltimore,MD,USA,https://allthings.umphreys.com/setlists/umphreys-mcgee-august-29-2024-pier-six-pavilion-baltimore-md-usa.html
Intentions Clear,1,4,4,,08/29/2024,Pier Six Pavilion,Baltimore,MD,USA,https://allthings.umphreys.com/setlists/umphreys-mcgee-august-29-2024-pier-six-pavilion-baltimore-md-usa.html
13 Days,1,5,5,,08/29/2024,Pier Six Pavilion,Baltimore,MD,USA,https://allthings.umphreys.com/setlists/umphreys-mcgee-august-29-2024-pier-six-pavilion-baltimore-md-usa.html
Small Strides,1,6,6,,08/29/2024,Pier Six Pavilion,Baltimore,MD,USA,https://allthings.umphreys.com/setlists/umphreys-mcgee-august-29-2024-pier-six-pavilion-baltimore-md-usa.html
Looks,1,7,7,,08/29/2024,Pier Six Pavilion,Baltimore,MD,USA,https://allthings.umphreys.com/setlists/umphreys-mcgee-august-29-2024-pier-six-pavilion-baltimore-md-usa.html
Mad Love,1,8,8,,08/29/2024,Pier Six Pavilion,Baltimore,MD,USA,https://allthings.umphreys.com/setlists/umphreys-mcgee-august-29-2024-pier-six-pavilion-baltimore-md-usa.html
Hiccup,1,9,9,,08/29/2024,Pier Six Pavilion,Baltimore,MD,USA,https://allthings.umphreys.com/setlists/umphreys-mcgee-august-29-2024-pier-six-pavilion-baltimore-md-usa.html
Push the Pig,1,10,10,unfinished,08/29/2024,Pier Six Pavilion,Baltimore,MD,USA,https://allthings.umphreys.com/setlists/umphreys-mcgee-august-29-2024-pier-six-pavilion-baltimore-md-usa.html
The Fussy Dutchman,1,11,11,,08/29/2024,Pier Six Pavilion,Baltimore,MD,USA,https://allthings.umphreys.com/setlists/umphreys-mcgee-august-29-2024-pier-six-pavilion-baltimore-md-usa.html
Pay the Snucka,1,12,12,with Ain't Talkin' 'bout Love (Van Halen) and Eruption (Van Halen) teases,08/29/2024,Pier Six Pavilion,Baltimore,MD,USA,https://allthings.umphreys.com/setlists/umphreys-mcgee-august-29-2024-pier-six-pavilion-baltimore-md-usa.html
Much Obliged,E,1,13,,08/29/2024,Pier Six Pavilion,Baltimore,MD,USA,https://allthings.umphreys.com/setlists/umphreys-mcgee-august-29-2024-pier-six-pavilion-baltimore-md-usa.html
Den,E,2,14,,08/29/2024,Pier Six Pavilion,Baltimore,MD,USA,https://allthings.umphreys.com/setlists/umphreys-mcgee-august-29-2024-pier-six-pavilion-baltimore-md-usa.html
Kashmir,E,3,15,,08/29/2024,Pier Six Pavilion,Baltimore,MD,USA,https://allthings.umphreys.com/setlists/umphreys-mcgee-august-29-2024-pier-six-pavilion-baltimore-md-usa.html
Miss Tinkle's Overture,1,1,1,,08/30/2024,Salvage Station,Asheville,NC,USA,https://allthings.umphreys.com/setlists/umphreys-mcgee-august-30-2024-salvage-station-asheville-nc-usa.html
New Wings,1,2,2,,08/30/2024,Salvage Station,Asheville,NC,USA,https://allthings.umphreys.com/setlists/umphreys-mcgee-august-30-2024-salvage-station-asheville-nc-usa.html
2x2,1,3,3,,08/30/2024,Salvage Station,Asheville,NC,USA,https://allthings.umphreys.com/setlists/umphreys-mcgee-august-30-2024-salvage-station-asheville-nc-usa.html
Roulette,1,4,4,,08/30/2024,Salvage Station,Asheville,NC,USA,https://allthings.umphreys.com/setlists/umphreys-mcgee-august-30-2024-salvage-station-asheville-nc-usa.html
Utopian Fir,1,5,5,,08/30/2024,Salvage Station,Asheville,NC,USA,https://allthings.umphreys.com/setlists/umphreys-mcgee-august-30-2024-salvage-station-asheville-nc-usa.html
Althea,1,6,6,,08/30/2024,Salvage Station,Asheville,NC,USA,https://allthings.umphreys.com/setlists/umphreys-mcgee-august-30-2024-salvage-station-asheville-nc-usa.html
Utopian Fir,1,7,7,,08/30/2024,Salvage Station,Asheville,NC,USA,https://allthings.umphreys.com/setlists/umphreys-mcgee-august-30-2024-salvage-station-asheville-nc-usa.html
Fenced In,1,8,8,,08/30/2024,Salvage Station,Asheville,NC,USA,https://allthings.umphreys.com/setlists/umphreys-mcgee-august-30-2024-salvage-station-asheville-nc-usa.html
Out of Focus,1,9,9,,08/30/2024,Salvage Station,Asheville,NC,USA,https://allthings.umphreys.com/setlists/umphreys-mcgee-august-30-2024-salvage-station-asheville-nc-usa.html
Phil's Farm,1,10,10,,08/30/2024,Salvage Station,Asheville,NC,USA,https://allthings.umphreys.com/setlists/umphreys-mcgee-august-30-2024-salvage-station-asheville-nc-usa.html
Out of Focus,1,11,11,,08/30/2024,Salvage Station,Asheville,NC,USA,https://allthings.umphreys.com/setlists/umphreys-mcgee-august-30-2024-salvage-station-asheville-nc-usa.html
Conduit,E,1,12,with Alex Bailey,08/30/2024,Salvage Station,Asheville,NC,USA,https://allthings.umphreys.com/setlists/umphreys-mcgee-august-30-2024-salvage-station-asheville-nc-usa.html
Waiting Room,E,2,13,,08/30/2024,Salvage Station,Asheville,NC,USA,https://allthings.umphreys.com/setlists/umphreys-mcgee-august-30-2024-salvage-station-asheville-nc-usa.html
40's Theme,1,1,1,,08/31/2024,Salvage Station,Asheville,NC,USA,https://allthings.umphreys.com/setlists/umphreys-mcgee-august-31-2024-salvage-station-asheville-nc-usa.html
Out Of Order,1,2,2,,08/31/2024,Salvage Station,Asheville,NC,USA,https://allthings.umphreys.com/setlists/umphreys-mcgee-august-31-2024-salvage-station-asheville-nc-usa.html
The Bottom Half,1,3,3,,08/31/2024,Salvage Station,Asheville,NC,USA,https://allthings.umphreys.com/setlists/umphreys-mcgee-august-31-2024-salvage-station-asheville-nc-usa.html
It Doesn't Matter,1,4,4,with Jonathan Scales on steel pans,08/31/2024,Salvage Station,Asheville,NC,USA,https://allthings.umphreys.com/setlists/umphreys-mcgee-august-31-2024-salvage-station-asheville-nc-usa.html
Professor Wormbog,1,5,5,with Jonathan Scales on steel pans,08/31/2024,Salvage Station,Asheville,NC,USA,https://allthings.umphreys.com/setlists/umphreys-mcgee-august-31-2024-salvage-station-asheville-nc-usa.html
Bridgeless,1,6,6,,08/31/2024,Salvage Station,Asheville,NC,USA,https://allthings.umphreys.com/setlists/umphreys-mcgee-august-31-2024-salvage-station-asheville-nc-usa.html
Staircase,1,7,7,,08/31/2024,Salvage Station,Asheville,NC,USA,https://allthings.umphreys.com/setlists/umphreys-mcgee-august-31-2024-salvage-station-asheville-nc-usa.html
Women Wine and Song,1,8,8,,08/31/2024,Salvage Station,Asheville,NC,USA,https://allthings.umphreys.com/setlists/umphreys-mcgee-august-31-2024-salvage-station-asheville-nc-usa.html
Ocean Billy,1,9,9,,08/31/2024,Salvage Station,Asheville,NC,USA,https://allthings.umphreys.com/setlists/umphreys-mcgee-august-31-2024-salvage-station-asheville-nc-usa.html
Believe the Lie,1,10,10,,08/31/2024,Salvage Station,Asheville,NC,USA,https://allthings.umphreys.com/setlists/umphreys-mcgee-august-31-2024-salvage-station-asheville-nc-usa.html
Escape Goat,E,1,11,,08/31/2024,Salvage Station,Asheville,NC,USA,https://allthings.umphreys.com/setlists/umphreys-mcgee-august-31-2024-salvage-station-asheville-nc-usa.html
Bridgeless,E,2,12,,08/31/2024,Salvage Station,Asheville,NC,USA,https://allthings.umphreys.com/setlists/umphreys-mcgee-august-31-2024-salvage-station-asheville-nc-usa.html
Cult of Personality,E,3,13,,08/31/2024,Salvage Station,Asheville,NC,USA,https://allthings.umphreys.com/setlists/umphreys-mcgee-august-31-2024-salvage-station-asheville-nc-usa.html
Similar Skin,1,1,1,,09/01/2024,24th Street Park,Virginia Beach,VA,USA,https://allthings.umphreys.com/setlists/umphreys-mcgee-september-1-2024-17th-street-park-virginia-beach-va-usa.html
Uncle Wally,1,2,2,,09/01/2024,24th Street Park,Virginia Beach,VA,USA,https://allthings.umphreys.com/setlists/umphreys-mcgee-september-1-2024-17th-street-park-virginia-beach-va-usa.html
Sociable Jimmy,1,3,3,,09/01/2024,24th Street Park,Virginia Beach,VA,USA,https://allthings.umphreys.com/setlists/umphreys-mcgee-september-1-2024-17th-street-park-virginia-beach-va-usa.html
Wappy Sprayberry,1,4,4,,09/01/2024,24th Street Park,Virginia Beach,VA,USA,https://allthings.umphreys.com/setlists/umphreys-mcgee-september-1-2024-17th-street-park-virginia-beach-va-usa.html
Water,1,5,5,,09/01/2024,24th Street Park,Virginia Beach,VA,USA,https://allthings.umphreys.com/setlists/umphreys-mcgee-september-1-2024-17th-street-park-virginia-beach-va-usa.html
Puppet String,1,6,6,,09/01/2024,24th Street Park,Virginia Beach,VA,USA,https://allthings.umphreys.com/setlists/umphreys-mcgee-september-1-2024-17th-street-park-virginia-beach-va-usa.html
The Floor,1,7,7,,09/01/2024,24th Street Park,Virginia Beach,VA,USA,https://allthings.umphreys.com/setlists/umphreys-mcgee-september-1-2024-17th-street-park-virginia-beach-va-usa.html
Divisions,2,1,8,,09/01/2024,24th Street Park,Virginia Beach,VA,USA,https://allthings.umphreys.com/setlists/umphreys-mcgee-september-1-2024-17th-street-park-virginia-beach-va-usa.html
Hangover,2,2,9,,09/01/2024,24th Street Park,Virginia Beach,VA,USA,https://allthings.umphreys.com/setlists/umphreys-mcgee-september-1-2024-17th-street-park-virginia-beach-va-usa.html
Hurt Bird Bath,2,3,10,,09/01/2024,24th Street Park,Virginia Beach,VA,USA,https://allthings.umphreys.com/setlists/umphreys-mcgee-september-1-2024-17th-street-park-virginia-beach-va-usa.html
Crucial Taunt,2,4,11,,09/01/2024,24th Street Park,Virginia Beach,VA,USA,https://allthings.umphreys.com/setlists/umphreys-mcgee-september-1-2024-17th-street-park-virginia-beach-va-usa.html
Seasons,2,5,12,,09/01/2024,24th Street Park,Virginia Beach,VA,USA,https://allthings.umphreys.com/setlists/umphreys-mcgee-september-1-2024-17th-street-park-virginia-beach-va-usa.html
Divisions,2,6,13,,09/01/2024,24th Street Park,Virginia Beach,VA,USA,https://allthings.umphreys.com/setlists/umphreys-mcgee-september-1-2024-17th-street-park-virginia-beach-va-usa.html
Front Porch,E,1,14,,09/01/2024,24th Street Park,Virginia Beach,VA,USA,https://allthings.umphreys.com/setlists/umphreys-mcgee-september-1-2024-17th-street-park-virginia-beach-va-usa.html
Whitehouse Road,E,2,15,with Sam Sutton on vocals,09/01/2024,24th Street Park,Virginia Beach,VA,USA,https://allthings.umphreys.com/setlists/umphreys-mcgee-september-1-2024-17th-street-park-virginia-beach-va-usa.html
Puppet String,E,3,16,,09/01/2024,24th Street Park,Virginia Beach,VA,USA,https://allthings.umphreys.com/setlists/umphreys-mcgee-september-1-2024-17th-street-park-virginia-beach-va-usa.html
Conduit,1,1,1,,09/13/2024,Westgate Las Vegas Resort & Casino,Las Vegas,NV,USA,https://allthings.umphreys.com/setlists/umphreys-mcgee-september-13-2024-westgate-las-vegas-resort-amp-casino-las-vegas-nv-usa.html
Day Nurse,1,2,2,,09/13/2024,Westgate Las Vegas Resort & Casino,Las Vegas,NV,USA,https://allthings.umphreys.com/setlists/umphreys-mcgee-september-13-2024-westgate-las-vegas-resort-amp-casino-las-vegas-nv-usa.html
Half Delayed,1,3,3,,09/13/2024,Westgate Las Vegas Resort & Casino,Las Vegas,NV,USA,https://allthings.umphreys.com/setlists/umphreys-mcgee-september-13-2024-westgate-las-vegas-resort-amp-casino-las-vegas-nv-usa.html
Small Strides,1,4,4,,09/13/2024,Westgate Las Vegas Resort & Casino,Las Vegas,NV,USA,https://allthings.umphreys.com/setlists/umphreys-mcgee-september-13-2024-westgate-las-vegas-resort-amp-casino-las-vegas-nv-usa.html
New Wings,1,5,5,,09/13/2024,Westgate Las Vegas Resort & Casino,Las Vegas,NV,USA,https://allthings.umphreys.com/setlists/umphreys-mcgee-september-13-2024-westgate-las-vegas-resort-amp-casino-las-vegas-nv-usa.html
The Fussy Dutchman,1,6,6,,09/13/2024,Westgate Las Vegas Resort & Casino,Las Vegas,NV,USA,https://allthings.umphreys.com/setlists/umphreys-mcgee-september-13-2024-westgate-las-vegas-resort-amp-casino-las-vegas-nv-usa.html
Attachments,1,7,7,,09/13/2024,Westgate Las Vegas Resort & Casino,Las Vegas,NV,USA,https://allthings.umphreys.com/setlists/umphreys-mcgee-september-13-2024-westgate-las-vegas-resort-amp-casino-las-vegas-nv-usa.html
Life During Exodus,1,8,8,,09/13/2024,Westgate Las Vegas Resort & Casino,Las Vegas,NV,USA,https://allthings.umphreys.com/setlists/umphreys-mcgee-september-13-2024-westgate-las-vegas-resort-amp-casino-las-vegas-nv-usa.html
1348,2,1,9,,09/13/2024,Westgate Las Vegas Resort & Casino,Las Vegas,NV,USA,https://allthings.umphreys.com/setlists/umphreys-mcgee-september-13-2024-westgate-las-vegas-resort-amp-casino-las-vegas-nv-usa.html
Slacker,2,2,10,,09/13/2024,Westgate Las Vegas Resort & Casino,Las Vegas,NV,USA,https://allthings.umphreys.com/setlists/umphreys-mcgee-september-13-2024-westgate-las-vegas-resort-amp-casino-las-vegas-nv-usa.html
The Triple Wide,2,3,11,,09/13/2024,Westgate Las Vegas Resort & Casino,Las Vegas,NV,USA,https://allthings.umphreys.com/setlists/umphreys-mcgee-september-13-2024-westgate-las-vegas-resort-amp-casino-las-vegas-nv-usa.html
Hangover,2,4,12,,09/13/2024,Westgate Las Vegas Resort & Casino,Las Vegas,NV,USA,https://allthings.umphreys.com/setlists/umphreys-mcgee-september-13-2024-westgate-las-vegas-resort-amp-casino-las-vegas-nv-usa.html
Nothing Too Fancy,2,5,13,,09/13/2024,Westgate Las Vegas Resort & Casino,Las Vegas,NV,USA,https://allthings.umphreys.com/setlists/umphreys-mcgee-september-13-2024-westgate-las-vegas-resort-amp-casino-las-vegas-nv-usa.html
Staircase,2,6,14,,09/13/2024,Westgate Las Vegas Resort & Casino,Las Vegas,NV,USA,https://allthings.umphreys.com/setlists/umphreys-mcgee-september-13-2024-westgate-las-vegas-resort-amp-casino-las-vegas-nv-usa.html
Nothing Too Fancy,2,7,15,,09/13/2024,Westgate Las Vegas Resort & Casino,Las Vegas,NV,USA,https://allthings.umphreys.com/setlists/umphreys-mcgee-september-13-2024-westgate-las-vegas-resort-amp-casino-las-vegas-nv-usa.html
Africa,E,1,16,,09/13/2024,Westgate Las Vegas Resort & Casino,Las Vegas,NV,USA,https://allthings.umphreys.com/setlists/umphreys-mcgee-september-13-2024-westgate-las-vegas-resort-amp-casino-las-vegas-nv-usa.html
40's Theme,E,2,17,,09/13/2024,Westgate Las Vegas Resort & Casino,Las Vegas,NV,USA,https://allthings.umphreys.com/setlists/umphreys-mcgee-september-13-2024-westgate-las-vegas-resort-amp-casino-las-vegas-nv-usa.html
The Floor,1,1,1,,09/15/2024,The Big E Arena,West Springfield,MA,USA,https://allthings.umphreys.com/setlists/umphreys-mcgee-september-15-2024-the-big-e-arena-west-springfield-ma-usa.html
Bridgeless,1,2,2,,09/15/2024,The Big E Arena,West Springfield,MA,USA,https://allthings.umphreys.com/setlists/umphreys-mcgee-september-15-2024-the-big-e-arena-west-springfield-ma-usa.html
Pure Saturation,1,3,3,,09/15/2024,The Big E Arena,West Springfield,MA,USA,https://allthings.umphreys.com/setlists/umphreys-mcgee-september-15-2024-the-big-e-arena-west-springfield-ma-usa.html
Andy's Last Beer,1,4,4,,09/15/2024,The Big E Arena,West Springfield,MA,USA,https://allthings.umphreys.com/setlists/umphreys-mcgee-september-15-2024-the-big-e-arena-west-springfield-ma-usa.html
Wappy Sprayberry,1,5,5,,09/15/2024,The Big E Arena,West Springfield,MA,USA,https://allthings.umphreys.com/setlists/umphreys-mcgee-september-15-2024-the-big-e-arena-west-springfield-ma-usa.html
Puppet String,1,6,6,,09/15/2024,The Big E Arena,West Springfield,MA,USA,https://allthings.umphreys.com/setlists/umphreys-mcgee-september-15-2024-the-big-e-arena-west-springfield-ma-usa.html
In The Kitchen,1,7,7,with Mike Greenfield on drums and Tim Palmieri on guitar; with Jane Says (Jane's Addiction) quotes,09/15/2024,The Big E Arena,West Springfield,MA,USA,https://allthings.umphreys.com/setlists/umphreys-mcgee-september-15-2024-the-big-e-arena-west-springfield-ma-usa.html
Hey Nineteen,1,8,8,,09/15/2024,The Big E Arena,West Springfield,MA,USA,https://allthings.umphreys.com/setlists/umphreys-mcgee-september-15-2024-the-big-e-arena-west-springfield-ma-usa.html
Bridgeless,1,9,9,,09/15/2024,The Big E Arena,West Springfield,MA,USA,https://allthings.umphreys.com/setlists/umphreys-mcgee-september-15-2024-the-big-e-arena-west-springfield-ma-usa.html
Leave Me Las Vegas,1,1,1,,10/26/2024,Spirit of the Suwannee Music Park,Live Oak,FL,USA,https://allthings.umphreys.com/setlists/umphreys-mcgee-october-26-2024-spirit-of-the-suwannee-music-park-live-oak-fl-usa.html
Staircase,1,2,2,,10/26/2024,Spirit of the Suwannee Music Park,Live Oak,FL,USA,https://allthings.umphreys.com/setlists/umphreys-mcgee-october-26-2024-spirit-of-the-suwannee-music-park-live-oak-fl-usa.html
The Floor,1,3,3,,10/26/2024,Spirit of the Suwannee Music Park,Live Oak,FL,USA,https://allthings.umphreys.com/setlists/umphreys-mcgee-october-26-2024-spirit-of-the-suwannee-music-park-live-oak-fl-usa.html
Miss Tinkle's Overture,1,4,4,,10/26/2024,Spirit of the Suwannee Music Park,Live Oak,FL,USA,https://allthings.umphreys.com/setlists/umphreys-mcgee-october-26-2024-spirit-of-the-suwannee-music-park-live-oak-fl-usa.html
Controversy-,1,5,5,,10/26/2024,Spirit of the Suwannee Music Park,Live Oak,FL,USA,https://allthings.umphreys.com/setlists/umphreys-mcgee-october-26-2024-spirit-of-the-suwannee-music-park-live-oak-fl-usa.html
Pure Saturation,1,6,6,,10/26/2024,Spirit of the Suwannee Music Park,Live Oak,FL,USA,https://allthings.umphreys.com/setlists/umphreys-mcgee-october-26-2024-spirit-of-the-suwannee-music-park-live-oak-fl-usa.html
1348,1,7,7,,10/26/2024,Spirit of the Suwannee Music Park,Live Oak,FL,USA,https://allthings.umphreys.com/setlists/umphreys-mcgee-october-26-2024-spirit-of-the-suwannee-music-park-live-oak-fl-usa.html
Wappy Sprayberry,2,1,8,,10/26/2024,Spirit of the Suwannee Music Park,Live Oak,FL,USA,https://allthings.umphreys.com/setlists/umphreys-mcgee-october-26-2024-spirit-of-the-suwannee-music-park-live-oak-fl-usa.html
Push the Pig,2,2,9,,10/26/2024,Spirit of the Suwannee Music Park,Live Oak,FL,USA,https://allthings.umphreys.com/setlists/umphreys-mcgee-october-26-2024-spirit-of-the-suwannee-music-park-live-oak-fl-usa.html
40's Theme,2,3,10,,10/26/2024,Spirit of the Suwannee Music Park,Live Oak,FL,USA,https://allthings.umphreys.com/setlists/umphreys-mcgee-october-26-2024-spirit-of-the-suwannee-music-park-live-oak-fl-usa.html
Red,2,4,11,,10/26/2024,Spirit of the Suwannee Music Park,Live Oak,FL,USA,https://allthings.umphreys.com/setlists/umphreys-mcgee-october-26-2024-spirit-of-the-suwannee-music-park-live-oak-fl-usa.html
Small Strides,2,5,12,,10/26/2024,Spirit of the Suwannee Music Park,Live Oak,FL,USA,https://allthings.umphreys.com/setlists/umphreys-mcgee-october-26-2024-spirit-of-the-suwannee-music-park-live-oak-fl-usa.html
House of Better Glass,2,6,13,,10/26/2024,Spirit of the Suwannee Music Park,Live Oak,FL,USA,https://allthings.umphreys.com/setlists/umphreys-mcgee-october-26-2024-spirit-of-the-suwannee-music-park-live-oak-fl-usa.html
JaJunk,2,7,14,,10/26/2024,Spirit of the Suwannee Music Park,Live Oak,FL,USA,https://allthings.umphreys.com/setlists/umphreys-mcgee-october-26-2024-spirit-of-the-suwannee-music-park-live-oak-fl-usa.html
Dump City,1,1,1,,12/10/2024,Metro,Chicago,IL,USA,https://allthings.umphreys.com/setlists/umphreys-mcgee-december-10-2024-metro-chicago-il-usa.html
Half Delayed,1,2,2,,12/10/2024,Metro,Chicago,IL,USA,https://allthings.umphreys.com/setlists/umphreys-mcgee-december-10-2024-metro-chicago-il-usa.html
Wide Open,1,3,3,,12/10/2024,Metro,Chicago,IL,USA,https://allthings.umphreys.com/setlists/umphreys-mcgee-december-10-2024-metro-chicago-il-usa.html
Bad Friday,1,4,4,,12/10/2024,Metro,Chicago,IL,USA,https://allthings.umphreys.com/setlists/umphreys-mcgee-december-10-2024-metro-chicago-il-usa.html
Got Your Milk (Right Here),1,5,5,,12/10/2024,Metro,Chicago,IL,USA,https://allthings.umphreys.com/setlists/umphreys-mcgee-december-10-2024-metro-chicago-il-usa.html
Ringo,1,6,6,,12/10/2024,Metro,Chicago,IL,USA,https://allthings.umphreys.com/setlists/umphreys-mcgee-december-10-2024-metro-chicago-il-usa.html
The Pequod,1,7,7,,12/10/2024,Metro,Chicago,IL,USA,https://allthings.umphreys.com/setlists/umphreys-mcgee-december-10-2024-metro-chicago-il-usa.html
Booth Love,1,8,8,,12/10/2024,Metro,Chicago,IL,USA,https://allthings.umphreys.com/setlists/umphreys-mcgee-december-10-2024-metro-chicago-il-usa.html
Unevolved,1,9,9,,12/10/2024,Metro,Chicago,IL,USA,https://allthings.umphreys.com/setlists/umphreys-mcgee-december-10-2024-metro-chicago-il-usa.html
Slacker,1,10,10,,12/10/2024,Metro,Chicago,IL,USA,https://allthings.umphreys.com/setlists/umphreys-mcgee-december-10-2024-metro-chicago-il-usa.html
Out of Focus,1,1,1,,12/11/2024,Metro,Chicago,IL,USA,https://allthings.umphreys.com/setlists/umphreys-mcgee-december-11-2024-metro-chicago-il-usa.html
Staircase,1,2,2,,12/11/2024,Metro,Chicago,IL,USA,https://allthings.umphreys.com/setlists/umphreys-mcgee-december-11-2024-metro-chicago-il-usa.html
Walletsworth,1,3,3,,12/11/2024,Metro,Chicago,IL,USA,https://allthings.umphreys.com/setlists/umphreys-mcgee-december-11-2024-metro-chicago-il-usa.html
Sweetness,1,4,4,,12/11/2024,Metro,Chicago,IL,USA,https://allthings.umphreys.com/setlists/umphreys-mcgee-december-11-2024-metro-chicago-il-usa.html
Preamble,1,5,5,,12/11/2024,Metro,Chicago,IL,USA,https://allthings.umphreys.com/setlists/umphreys-mcgee-december-11-2024-metro-chicago-il-usa.html
Mantis,1,6,6,,12/11/2024,Metro,Chicago,IL,USA,https://allthings.umphreys.com/setlists/umphreys-mcgee-december-11-2024-metro-chicago-il-usa.html
Pure Saturation,1,7,7,,12/11/2024,Metro,Chicago,IL,USA,https://allthings.umphreys.com/setlists/umphreys-mcgee-december-11-2024-metro-chicago-il-usa.html
Night Nurse,1,8,8,,12/11/2024,Metro,Chicago,IL,USA,https://allthings.umphreys.com/setlists/umphreys-mcgee-december-11-2024-metro-chicago-il-usa.html
Concessions,1,9,9,,12/11/2024,Metro,Chicago,IL,USA,https://allthings.umphreys.com/setlists/umphreys-mcgee-december-11-2024-metro-chicago-il-usa.html
Attachments,1,10,10,,12/11/2024,Metro,Chicago,IL,USA,https://allthings.umphreys.com/setlists/umphreys-mcgee-december-11-2024-metro-chicago-il-usa.html
Den,1,11,11,,12/11/2024,Metro,Chicago,IL,USA,https://allthings.umphreys.com/setlists/umphreys-mcgee-december-11-2024-metro-chicago-il-usa.html
Hurt Bird Bath,1,1,1,,12/12/2024,Metro,Chicago,IL,USA,https://allthings.umphreys.com/setlists/umphreys-mcgee-december-12-2024-metro-chicago-il-usa.html
Exit Signs,1,2,2,,12/12/2024,Metro,Chicago,IL,USA,https://allthings.umphreys.com/setlists/umphreys-mcgee-december-12-2024-metro-chicago-il-usa.html
Hiccup,1,3,3,,12/12/2024,Metro,Chicago,IL,USA,https://allthings.umphreys.com/setlists/umphreys-mcgee-december-12-2024-metro-chicago-il-usa.html
Draconian,1,4,4,,12/12/2024,Metro,Chicago,IL,USA,https://allthings.umphreys.com/setlists/umphreys-mcgee-december-12-2024-metro-chicago-il-usa.html
August,1,5,5,,12/12/2024,Metro,Chicago,IL,USA,https://allthings.umphreys.com/setlists/umphreys-mcgee-december-12-2024-metro-chicago-il-usa.html
#5,1,6,6,,12/12/2024,Metro,Chicago,IL,USA,https://allthings.umphreys.com/setlists/umphreys-mcgee-december-12-2024-metro-chicago-il-usa.html
Women Wine and Song,1,7,7,,12/12/2024,Metro,Chicago,IL,USA,https://allthings.umphreys.com/setlists/umphreys-mcgee-december-12-2024-metro-chicago-il-usa.html
The Triple Wide,1,8,8,,12/12/2024,Metro,Chicago,IL,USA,https://allthings.umphreys.com/setlists/umphreys-mcgee-december-12-2024-metro-chicago-il-usa.html
Example 1,1,9,9,,12/12/2024,Metro,Chicago,IL,USA,https://allthings.umphreys.com/setlists/umphreys-mcgee-december-12-2024-metro-chicago-il-usa.html
Alex's House,1,10,10,,12/12/2024,Metro,Chicago,IL,USA,https://allthings.umphreys.com/setlists/umphreys-mcgee-december-12-2024-metro-chicago-il-usa.html
In The Kitchen,1,11,11,,12/12/2024,Metro,Chicago,IL,USA,https://allthings.umphreys.com/setlists/umphreys-mcgee-december-12-2024-metro-chicago-il-usa.html
Glory,1,12,12,,12/12/2024,Metro,Chicago,IL,USA,https://allthings.umphreys.com/setlists/umphreys-mcgee-december-12-2024-metro-chicago-il-usa.html
Wide Open,1,1,1,,12/28/2024,Ogden Theatre,Denver,CO,USA,https://allthings.umphreys.com/setlists/umphreys-mcgee-december-28-2024-ogden-theatre-denver-co-usa.html
Intentions Clear,1,2,2,,12/28/2024,Ogden Theatre,Denver,CO,USA,https://allthings.umphreys.com/setlists/umphreys-mcgee-december-28-2024-ogden-theatre-denver-co-usa.html
Turn & Run,1,3,3,,12/28/2024,Ogden Theatre,Denver,CO,USA,https://allthings.umphreys.com/setlists/umphreys-mcgee-december-28-2024-ogden-theatre-denver-co-usa.html
Phil's Farm,1,4,4,,12/28/2024,Ogden Theatre,Denver,CO,USA,https://allthings.umphreys.com/setlists/umphreys-mcgee-december-28-2024-ogden-theatre-denver-co-usa.html
Looks,1,5,5,,12/28/2024,Ogden Theatre,Denver,CO,USA,https://allthings.umphreys.com/setlists/umphreys-mcgee-december-28-2024-ogden-theatre-denver-co-usa.html
It Doesn't Matter,1,6,6,,12/28/2024,Ogden Theatre,Denver,CO,USA,https://allthings.umphreys.com/setlists/umphreys-mcgee-december-28-2024-ogden-theatre-denver-co-usa.html
Push the Pig,1,7,7,,12/28/2024,Ogden Theatre,Denver,CO,USA,https://allthings.umphreys.com/setlists/umphreys-mcgee-december-28-2024-ogden-theatre-denver-co-usa.html
The Silent Type,2,1,8,,12/28/2024,Ogden Theatre,Denver,CO,USA,https://allthings.umphreys.com/setlists/umphreys-mcgee-december-28-2024-ogden-theatre-denver-co-usa.html
Resolution,2,2,9,with Free Fallin' (Tom Petty) jam,12/28/2024,Ogden Theatre,Denver,CO,USA,https://allthings.umphreys.com/setlists/umphreys-mcgee-december-28-2024-ogden-theatre-denver-co-usa.html
Maybe Someday,2,3,10,,12/28/2024,Ogden Theatre,Denver,CO,USA,https://allthings.umphreys.com/setlists/umphreys-mcgee-december-28-2024-ogden-theatre-denver-co-usa.html
The Linear,2,4,11,,12/28/2024,Ogden Theatre,Denver,CO,USA,https://allthings.umphreys.com/setlists/umphreys-mcgee-december-28-2024-ogden-theatre-denver-co-usa.html
I Don't Know What I Want,2,5,12,,12/28/2024,Ogden Theatre,Denver,CO,USA,https://allthings.umphreys.com/setlists/umphreys-mcgee-december-28-2024-ogden-theatre-denver-co-usa.html
1348,2,6,13,,12/28/2024,Ogden Theatre,Denver,CO,USA,https://allthings.umphreys.com/setlists/umphreys-mcgee-december-28-2024-ogden-theatre-denver-co-usa.html
Synchronicity II,E,1,14,,12/28/2024,Ogden Theatre,Denver,CO,USA,https://allthings.umphreys.com/setlists/umphreys-mcgee-december-28-2024-ogden-theatre-denver-co-usa.html
Uncommon,1,1,1,,12/29/2024,Ogden Theatre,Denver,CO,USA,https://allthings.umphreys.com/setlists/umphreys-mcgee-december-29-2024-ogden-theatre-denver-co-usa.html
The Crooked One,1,2,2,,12/29/2024,Ogden Theatre,Denver,CO,USA,https://allthings.umphreys.com/setlists/umphreys-mcgee-december-29-2024-ogden-theatre-denver-co-usa.html
Passing,1,3,3,,12/29/2024,Ogden Theatre,Denver,CO,USA,https://allthings.umphreys.com/setlists/umphreys-mcgee-december-29-2024-ogden-theatre-denver-co-usa.html
Visions,1,4,4,with Much Obliged ending,12/29/2024,Ogden Theatre,Denver,CO,USA,https://allthings.umphreys.com/setlists/umphreys-mcgee-december-29-2024-ogden-theatre-denver-co-usa.html
Similar Skin,1,1,1,,12/29/2024,Ogden Theatre,Denver,CO,USA,https://allthings.umphreys.com/setlists/umphreys-mcgee-december-29-2024-ogden-theatre-denver-co-usa-2.html
Susanah,1,2,2,,12/29/2024,Ogden Theatre,Denver,CO,USA,https://allthings.umphreys.com/setlists/umphreys-mcgee-december-29-2024-ogden-theatre-denver-co-usa-2.html
All In Time,1,3,3,,12/29/2024,Ogden Theatre,Denver,CO,USA,https://allthings.umphreys.com/setlists/umphreys-mcgee-december-29-2024-ogden-theatre-denver-co-usa-2.html
Make It Right,1,4,4,,12/29/2024,Ogden Theatre,Denver,CO,USA,https://allthings.umphreys.com/setlists/umphreys-mcgee-december-29-2024-ogden-theatre-denver-co-usa-2.html
Staircase,1,5,5,with In a Silent Way (Miles Davis) tease before Glory,12/29/2024,Ogden Theatre,Denver,CO,USA,https://allthings.umphreys.com/setlists/umphreys-mcgee-december-29-2024-ogden-theatre-denver-co-usa-2.html
Glory,1,6,6,,12/29/2024,Ogden Theatre,Denver,CO,USA,https://allthings.umphreys.com/setlists/umphreys-mcgee-december-29-2024-ogden-theatre-denver-co-usa-2.html
Small Strides,1,7,7,,12/29/2024,Ogden Theatre,Denver,CO,USA,https://allthings.umphreys.com/setlists/umphreys-mcgee-december-29-2024-ogden-theatre-denver-co-usa-2.html
Concessions,2,1,8,,12/29/2024,Ogden Theatre,Denver,CO,USA,https://allthings.umphreys.com/setlists/umphreys-mcgee-december-29-2024-ogden-theatre-denver-co-usa-2.html
Plunger,2,2,9,with This Must Be the Place (Naive Melody) (Talking Heads) tease,12/29/2024,Ogden Theatre,Denver,CO,USA,https://allthings.umphreys.com/setlists/umphreys-mcgee-december-29-2024-ogden-theatre-denver-co-usa-2.html
Mulche's Odyssey,2,3,10,,12/29/2024,Ogden Theatre,Denver,CO,USA,https://allthings.umphreys.com/setlists/umphreys-mcgee-december-29-2024-ogden-theatre-denver-co-usa-2.html
Nothing Too Fancy,2,4,11,unfinished,12/29/2024,Ogden Theatre,Denver,CO,USA,https://allthings.umphreys.com/setlists/umphreys-mcgee-december-29-2024-ogden-theatre-denver-co-usa-2.html
In The Kitchen,2,5,12,,12/29/2024,Ogden Theatre,Denver,CO,USA,https://allthings.umphreys.com/setlists/umphreys-mcgee-december-29-2024-ogden-theatre-denver-co-usa-2.html
All In Time,2,6,13,,12/29/2024,Ogden Theatre,Denver,CO,USA,https://allthings.umphreys.com/setlists/umphreys-mcgee-december-29-2024-ogden-theatre-denver-co-usa-2.html
To Lay Me Down,E,1,14,"debut, Jerry Garcia/Robert Hunter; solo Brendan on acoustic guitar",12/29/2024,Ogden Theatre,Denver,CO,USA,https://allthings.umphreys.com/setlists/umphreys-mcgee-december-29-2024-ogden-theatre-denver-co-usa-2.html
Miss Tinkle's Overture,E,2,15,,12/29/2024,Ogden Theatre,Denver,CO,USA,https://allthings.umphreys.com/setlists/umphreys-mcgee-december-29-2024-ogden-theatre-denver-co-usa-2.html
You Got the Wrong Guy,1,1,1,,12/30/2024,Boulder Theater,Boulder,CO,USA,https://allthings.umphreys.com/setlists/umphreys-mcgee-december-30-2024-boulder-theater-boulder-co-usa.html
JaJunk,1,2,2,,12/30/2024,Boulder Theater,Boulder,CO,USA,https://allthings.umphreys.com/setlists/umphreys-mcgee-december-30-2024-boulder-theater-boulder-co-usa.html
New Wings,1,3,3,,12/30/2024,Boulder Theater,Boulder,CO,USA,https://allthings.umphreys.com/setlists/umphreys-mcgee-december-30-2024-boulder-theater-boulder-co-usa.html
Remind Me,1,4,4,,12/30/2024,Boulder Theater,Boulder,CO,USA,https://allthings.umphreys.com/setlists/umphreys-mcgee-december-30-2024-boulder-theater-boulder-co-usa.html
Fenced In,1,5,5,,12/30/2024,Boulder Theater,Boulder,CO,USA,https://allthings.umphreys.com/setlists/umphreys-mcgee-december-30-2024-boulder-theater-boulder-co-usa.html
Cut the Cable,1,6,6,,12/30/2024,Boulder Theater,Boulder,CO,USA,https://allthings.umphreys.com/setlists/umphreys-mcgee-december-30-2024-boulder-theater-boulder-co-usa.html
Believe the Lie,1,7,7,,12/30/2024,Boulder Theater,Boulder,CO,USA,https://allthings.umphreys.com/setlists/umphreys-mcgee-december-30-2024-boulder-theater-boulder-co-usa.html
Escape Goat,2,1,8,,12/30/2024,Boulder Theater,Boulder,CO,USA,https://allthings.umphreys.com/setlists/umphreys-mcgee-december-30-2024-boulder-theater-boulder-co-usa.html
The Floor,2,2,9,,12/30/2024,Boulder Theater,Boulder,CO,USA,https://allthings.umphreys.com/setlists/umphreys-mcgee-december-30-2024-boulder-theater-boulder-co-usa.html
Hiccup,2,3,10,,12/30/2024,Boulder Theater,Boulder,CO,USA,https://allthings.umphreys.com/setlists/umphreys-mcgee-december-30-2024-boulder-theater-boulder-co-usa.html
40's Theme,2,4,11,,12/30/2024,Boulder Theater,Boulder,CO,USA,https://allthings.umphreys.com/setlists/umphreys-mcgee-december-30-2024-boulder-theater-boulder-co-usa.html
The Triple Wide,2,5,12,,12/30/2024,Boulder Theater,Boulder,CO,USA,https://allthings.umphreys.com/setlists/umphreys-mcgee-december-30-2024-boulder-theater-boulder-co-usa.html
Cemetery Walk,2,6,13,,12/30/2024,Boulder Theater,Boulder,CO,USA,https://allthings.umphreys.com/setlists/umphreys-mcgee-december-30-2024-boulder-theater-boulder-co-usa.html
Cemetery Walk II,2,7,14,,12/30/2024,Boulder Theater,Boulder,CO,USA,https://allthings.umphreys.com/setlists/umphreys-mcgee-december-30-2024-boulder-theater-boulder-co-usa.html
Pay the Snucka,E,1,15,with Jump Around (House of Pain) tease,12/30/2024,Boulder Theater,Boulder,CO,USA,https://allthings.umphreys.com/setlists/umphreys-mcgee-december-30-2024-boulder-theater-boulder-co-usa.html
Last Man Swerving-,E,2,16,,12/30/2024,Boulder Theater,Boulder,CO,USA,https://allthings.umphreys.com/setlists/umphreys-mcgee-december-30-2024-boulder-theater-boulder-co-usa.html
Pay the Snucka,E,3,17,,12/30/2024,Boulder Theater,Boulder,CO,USA,https://allthings.umphreys.com/setlists/umphreys-mcgee-december-30-2024-boulder-theater-boulder-co-usa.html
Blue Echo,1,1,1,,12/31/2024,Boulder Theater,Boulder,CO,USA,https://allthings.umphreys.com/setlists/umphreys-mcgee-december-31-2024-boulder-theater-boulder-co-usa.html
Hurt Bird Bath,1,2,2,,12/31/2024,Boulder Theater,Boulder,CO,USA,https://allthings.umphreys.com/setlists/umphreys-mcgee-december-31-2024-boulder-theater-boulder-co-usa.html
Miami Virtue,1,3,3,with Mad Dog's Filthy Little Secret,12/31/2024,Boulder Theater,Boulder,CO,USA,https://allthings.umphreys.com/setlists/umphreys-mcgee-december-31-2024-boulder-theater-boulder-co-usa.html
Ocean Billy,1,4,4,,12/31/2024,Boulder Theater,Boulder,CO,USA,https://allthings.umphreys.com/setlists/umphreys-mcgee-december-31-2024-boulder-theater-boulder-co-usa.html
Water,1,5,5,,12/31/2024,Boulder Theater,Boulder,CO,USA,https://allthings.umphreys.com/setlists/umphreys-mcgee-december-31-2024-boulder-theater-boulder-co-usa.html
Suxity,1,6,6,with Mad Dog's Filthy Little Secret,12/31/2024,Boulder Theater,Boulder,CO,USA,https://allthings.umphreys.com/setlists/umphreys-mcgee-december-31-2024-boulder-theater-boulder-co-usa.html
Blue Echo,1,7,7,,12/31/2024,Boulder Theater,Boulder,CO,USA,https://allthings.umphreys.com/setlists/umphreys-mcgee-december-31-2024-boulder-theater-boulder-co-usa.html
Red,2,1,8,,12/31/2024,Boulder Theater,Boulder,CO,USA,https://allthings.umphreys.com/setlists/umphreys-mcgee-december-31-2024-boulder-theater-boulder-co-usa.html
Red Tape,2,2,9,,12/31/2024,Boulder Theater,Boulder,CO,USA,https://allthings.umphreys.com/setlists/umphreys-mcgee-december-31-2024-boulder-theater-boulder-co-usa.html
Booth Love,2,3,10,with Mad Dog's Filthy Little Secret,12/31/2024,Boulder Theater,Boulder,CO,USA,https://allthings.umphreys.com/setlists/umphreys-mcgee-december-31-2024-boulder-theater-boulder-co-usa.html
The Heat Is On,2,4,11,"debut, Glenn Frey; with Mad Dog's Filthy Little Secret",12/31/2024,Boulder Theater,Boulder,CO,USA,https://allthings.umphreys.com/setlists/umphreys-mcgee-december-31-2024-boulder-theater-boulder-co-usa.html
Wizard Burial Ground,2,5,12,,12/31/2024,Boulder Theater,Boulder,CO,USA,https://allthings.umphreys.com/setlists/umphreys-mcgee-december-31-2024-boulder-theater-boulder-co-usa.html
Wife Soup,2,6,13,with Mad Dog's Filthy Little Secret,12/31/2024,Boulder Theater,Boulder,CO,USA,https://allthings.umphreys.com/setlists/umphreys-mcgee-december-31-2024-boulder-theater-boulder-co-usa.html
Honky Cat,2,7,14,"debut, Elton John; with Mad Dog's Filthy Little Secret",12/31/2024,Boulder Theater,Boulder,CO,USA,https://allthings.umphreys.com/setlists/umphreys-mcgee-december-31-2024-boulder-theater-boulder-co-usa.html
Red,2,8,15,,12/31/2024,Boulder Theater,Boulder,CO,USA,https://allthings.umphreys.com/setlists/umphreys-mcgee-december-31-2024-boulder-theater-boulder-co-usa.html
"Bright Lights, Big City",3,1,16,,12/31/2024,Boulder Theater,Boulder,CO,USA,https://allthings.umphreys.com/setlists/umphreys-mcgee-december-31-2024-boulder-theater-boulder-co-usa.html
Voyager,3,2,17,,12/31/2024,Boulder Theater,Boulder,CO,USA,https://allthings.umphreys.com/setlists/umphreys-mcgee-december-31-2024-boulder-theater-boulder-co-usa.html
Domino Theory,3,3,18,,12/31/2024,Boulder Theater,Boulder,CO,USA,https://allthings.umphreys.com/setlists/umphreys-mcgee-december-31-2024-boulder-theater-boulder-co-usa.html
Andy's Last Beer,3,4,19,with Mad Dog's Filthy Little Secret,12/31/2024,Boulder Theater,Boulder,CO,USA,https://allthings.umphreys.com/setlists/umphreys-mcgee-december-31-2024-boulder-theater-boulder-co-usa.html
Attachments,3,5,20,with Mad Dog's Filthy Little Secret,12/31/2024,Boulder Theater,Boulder,CO,USA,https://allthings.umphreys.com/setlists/umphreys-mcgee-december-31-2024-boulder-theater-boulder-co-usa.html
Auld Lang Syne,3,6,21,with Mad Dog's Filthy Little Secret,12/31/2024,Boulder Theater,Boulder,CO,USA,https://allthings.umphreys.com/setlists/umphreys-mcgee-december-31-2024-boulder-theater-boulder-co-usa.html
Speak Up,3,7,22,with Mad Dog's Filthy Little Secret,12/31/2024,Boulder Theater,Boulder,CO,USA,https://allthings.umphreys.com/setlists/umphreys-mcgee-december-31-2024-boulder-theater-boulder-co-usa.html
Canned Heat,3,8,23,"debut, Jamiroquai; with Mad Dog's Filthy Little Secret",12/31/2024,Boulder Theater,Boulder,CO,USA,https://allthings.umphreys.com/setlists/umphreys-mcgee-december-31-2024-boulder-theater-boulder-co-usa.html
Wappy Sprayberry,E,1,24,,12/31/2024,Boulder Theater,Boulder,CO,USA,https://allthings.umphreys.com/setlists/umphreys-mcgee-december-31-2024-boulder-theater-boulder-co-usa.html
Them Changes,E,2,25,"debut, Buddy Miles; with Mad Dog's Filthy Little Secret",12/31/2024,Boulder Theater,Boulder,CO,USA,https://allthings.umphreys.com/setlists/umphreys-mcgee-december-31-2024-boulder-theater-boulder-co-usa.html
Conduit,1,1,1,,01/16/2025,Georgia Theatre,Athens,GA,USA,https://allthings.umphreys.com/setlists/umphreys-mcgee-january-16-2025-georgia-theatre-athens-ga-usa.html
Out of Focus,1,2,2,,01/16/2025,Georgia Theatre,Athens,GA,USA,https://allthings.umphreys.com/setlists/umphreys-mcgee-january-16-2025-georgia-theatre-athens-ga-usa.html
Seasons,1,3,3,,01/16/2025,Georgia Theatre,Athens,GA,USA,https://allthings.umphreys.com/setlists/umphreys-mcgee-january-16-2025-georgia-theatre-athens-ga-usa.html
Upward,1,4,4,,01/16/2025,Georgia Theatre,Athens,GA,USA,https://allthings.umphreys.com/setlists/umphreys-mcgee-january-16-2025-georgia-theatre-athens-ga-usa.html
Ringo,1,5,5,,01/16/2025,Georgia Theatre,Athens,GA,USA,https://allthings.umphreys.com/setlists/umphreys-mcgee-january-16-2025-georgia-theatre-athens-ga-usa.html
Driven to Tears,1,6,6,,01/16/2025,Georgia Theatre,Athens,GA,USA,https://allthings.umphreys.com/setlists/umphreys-mcgee-january-16-2025-georgia-theatre-athens-ga-usa.html
Preamble,2,1,7,,01/16/2025,Georgia Theatre,Athens,GA,USA,https://allthings.umphreys.com/setlists/umphreys-mcgee-january-16-2025-georgia-theatre-athens-ga-usa.html
Mantis,2,2,8,unfinished,01/16/2025,Georgia Theatre,Athens,GA,USA,https://allthings.umphreys.com/setlists/umphreys-mcgee-january-16-2025-georgia-theatre-athens-ga-usa.html
2x2,2,3,9,,01/16/2025,Georgia Theatre,Athens,GA,USA,https://allthings.umphreys.com/setlists/umphreys-mcgee-january-16-2025-georgia-theatre-athens-ga-usa.html
Hiccup-,2,4,10,,01/16/2025,Georgia Theatre,Athens,GA,USA,https://allthings.umphreys.com/setlists/umphreys-mcgee-january-16-2025-georgia-theatre-athens-ga-usa.html
Made to Measure,2,5,11,with Lose Yourself (Eminem) jam and Kashmir (Led Zeppelin) teases,01/16/2025,Georgia Theatre,Athens,GA,USA,https://allthings.umphreys.com/setlists/umphreys-mcgee-january-16-2025-georgia-theatre-athens-ga-usa.html
JaJunk,2,6,12,,01/16/2025,Georgia Theatre,Athens,GA,USA,https://allthings.umphreys.com/setlists/umphreys-mcgee-january-16-2025-georgia-theatre-athens-ga-usa.html
Much Obliged,2,7,13,,01/16/2025,Georgia Theatre,Athens,GA,USA,https://allthings.umphreys.com/setlists/umphreys-mcgee-january-16-2025-georgia-theatre-athens-ga-usa.html
Day Nurse,2,8,14,,01/16/2025,Georgia Theatre,Athens,GA,USA,https://allthings.umphreys.com/setlists/umphreys-mcgee-january-16-2025-georgia-theatre-athens-ga-usa.html
Baba O'Riley,E,1,15,,01/16/2025,Georgia Theatre,Athens,GA,USA,https://allthings.umphreys.com/setlists/umphreys-mcgee-january-16-2025-georgia-theatre-athens-ga-usa.html
In The Kitchen,1,1,1,,01/17/2025,Haw River Ballroom,Saxapahaw,NC,USA,https://allthings.umphreys.com/setlists/umphreys-mcgee-january-17-2025-haw-river-ballroom-saxapahaw-nc-usa.html
Crucial Taunt,1,2,2,,01/17/2025,Haw River Ballroom,Saxapahaw,NC,USA,https://allthings.umphreys.com/setlists/umphreys-mcgee-january-17-2025-haw-river-ballroom-saxapahaw-nc-usa.html
Fenced In,1,3,3,,01/17/2025,Haw River Ballroom,Saxapahaw,NC,USA,https://allthings.umphreys.com/setlists/umphreys-mcgee-january-17-2025-haw-river-ballroom-saxapahaw-nc-usa.html
Always October,1,4,4,,01/17/2025,Haw River Ballroom,Saxapahaw,NC,USA,https://allthings.umphreys.com/setlists/umphreys-mcgee-january-17-2025-haw-river-ballroom-saxapahaw-nc-usa.html
White Man's Moccasins,1,5,5,,01/17/2025,Haw River Ballroom,Saxapahaw,NC,USA,https://allthings.umphreys.com/setlists/umphreys-mcgee-january-17-2025-haw-river-ballroom-saxapahaw-nc-usa.html
Cut Off,1,6,6,,01/17/2025,Haw River Ballroom,Saxapahaw,NC,USA,https://allthings.umphreys.com/setlists/umphreys-mcgee-january-17-2025-haw-river-ballroom-saxapahaw-nc-usa.html
The Floor,1,7,7,,01/17/2025,Haw River Ballroom,Saxapahaw,NC,USA,https://allthings.umphreys.com/setlists/umphreys-mcgee-january-17-2025-haw-river-ballroom-saxapahaw-nc-usa.html
Puppet String,2,1,8,,01/17/2025,Haw River Ballroom,Saxapahaw,NC,USA,https://allthings.umphreys.com/setlists/umphreys-mcgee-january-17-2025-haw-river-ballroom-saxapahaw-nc-usa.html
Bad Friday,2,2,9,,01/17/2025,Haw River Ballroom,Saxapahaw,NC,USA,https://allthings.umphreys.com/setlists/umphreys-mcgee-january-17-2025-haw-river-ballroom-saxapahaw-nc-usa.html
Higgins,2,3,10,,01/17/2025,Haw River Ballroom,Saxapahaw,NC,USA,https://allthings.umphreys.com/setlists/umphreys-mcgee-january-17-2025-haw-river-ballroom-saxapahaw-nc-usa.html
The Fussy Dutchman,2,4,11,,01/17/2025,Haw River Ballroom,Saxapahaw,NC,USA,https://allthings.umphreys.com/setlists/umphreys-mcgee-january-17-2025-haw-river-ballroom-saxapahaw-nc-usa.html
Deeper,2,5,12,with Jump Around (House of Pain) tease,01/17/2025,Haw River Ballroom,Saxapahaw,NC,USA,https://allthings.umphreys.com/setlists/umphreys-mcgee-january-17-2025-haw-river-ballroom-saxapahaw-nc-usa.html
The National Anthem,2,6,13,,01/17/2025,Haw River Ballroom,Saxapahaw,NC,USA,https://allthings.umphreys.com/setlists/umphreys-mcgee-january-17-2025-haw-river-ballroom-saxapahaw-nc-usa.html
Puppet String,2,7,14,,01/17/2025,Haw River Ballroom,Saxapahaw,NC,USA,https://allthings.umphreys.com/setlists/umphreys-mcgee-january-17-2025-haw-river-ballroom-saxapahaw-nc-usa.html
Pure Saturation,E,1,15,,01/17/2025,Haw River Ballroom,Saxapahaw,NC,USA,https://allthings.umphreys.com/setlists/umphreys-mcgee-january-17-2025-haw-river-ballroom-saxapahaw-nc-usa.html
Glory,E,2,16,,01/17/2025,Haw River Ballroom,Saxapahaw,NC,USA,https://allthings.umphreys.com/setlists/umphreys-mcgee-january-17-2025-haw-river-ballroom-saxapahaw-nc-usa.html
Spires-,1,1,1,,01/18/2025,Hollywood Casino at Charles Town Races,Charles Town,WV,USA,https://allthings.umphreys.com/setlists/umphreys-mcgee-january-18-2025-hollywood-casino-at-charles-town-races-charles-town-wv-usa.html
Walletsworth,1,2,2,,01/18/2025,Hollywood Casino at Charles Town Races,Charles Town,WV,USA,https://allthings.umphreys.com/setlists/umphreys-mcgee-january-18-2025-hollywood-casino-at-charles-town-races-charles-town-wv-usa.html
1348,1,3,3,,01/18/2025,Hollywood Casino at Charles Town Races,Charles Town,WV,USA,https://allthings.umphreys.com/setlists/umphreys-mcgee-january-18-2025-hollywood-casino-at-charles-town-races-charles-town-wv-usa.html
Loose Ends,1,4,4,,01/18/2025,Hollywood Casino at Charles Town Races,Charles Town,WV,USA,https://allthings.umphreys.com/setlists/umphreys-mcgee-january-18-2025-hollywood-casino-at-charles-town-races-charles-town-wv-usa.html
Miss Tinkle's Overture,1,5,5,,01/18/2025,Hollywood Casino at Charles Town Races,Charles Town,WV,USA,https://allthings.umphreys.com/setlists/umphreys-mcgee-january-18-2025-hollywood-casino-at-charles-town-races-charles-town-wv-usa.html
Sociable Jimmy,1,6,6,,01/18/2025,Hollywood Casino at Charles Town Races,Charles Town,WV,USA,https://allthings.umphreys.com/setlists/umphreys-mcgee-january-18-2025-hollywood-casino-at-charles-town-races-charles-town-wv-usa.html
Little Gift,1,7,7,,01/18/2025,Hollywood Casino at Charles Town Races,Charles Town,WV,USA,https://allthings.umphreys.com/setlists/umphreys-mcgee-january-18-2025-hollywood-casino-at-charles-town-races-charles-town-wv-usa.html
1348,1,8,8,,01/18/2025,Hollywood Casino at Charles Town Races,Charles Town,WV,USA,https://allthings.umphreys.com/setlists/umphreys-mcgee-january-18-2025-hollywood-casino-at-charles-town-races-charles-town-wv-usa.html
Escape Goat,2,1,9,,01/18/2025,Hollywood Casino at Charles Town Races,Charles Town,WV,USA,https://allthings.umphreys.com/setlists/umphreys-mcgee-january-18-2025-hollywood-casino-at-charles-town-races-charles-town-wv-usa.html
Eat,2,2,10,,01/18/2025,Hollywood Casino at Charles Town Races,Charles Town,WV,USA,https://allthings.umphreys.com/setlists/umphreys-mcgee-january-18-2025-hollywood-casino-at-charles-town-races-charles-town-wv-usa.html
Comma Later,2,3,11,with Everybody Wants You (Billy Squier) tease,01/18/2025,Hollywood Casino at Charles Town Races,Charles Town,WV,USA,https://allthings.umphreys.com/setlists/umphreys-mcgee-january-18-2025-hollywood-casino-at-charles-town-races-charles-town-wv-usa.html
Piranhas,2,4,12,with Mainstreet (Bob Seger) jam,01/18/2025,Hollywood Casino at Charles Town Races,Charles Town,WV,USA,https://allthings.umphreys.com/setlists/umphreys-mcgee-january-18-2025-hollywood-casino-at-charles-town-races-charles-town-wv-usa.html
Slacker,2,5,13,,01/18/2025,Hollywood Casino at Charles Town Races,Charles Town,WV,USA,https://allthings.umphreys.com/setlists/umphreys-mcgee-january-18-2025-hollywood-casino-at-charles-town-races-charles-town-wv-usa.html
Rock the Casbah,2,6,14,with Call to the Post (trad.) tease,01/18/2025,Hollywood Casino at Charles Town Races,Charles Town,WV,USA,https://allthings.umphreys.com/setlists/umphreys-mcgee-january-18-2025-hollywood-casino-at-charles-town-races-charles-town-wv-usa.html
Drums,2,7,15,,01/18/2025,Hollywood Casino at Charles Town Races,Charles Town,WV,USA,https://allthings.umphreys.com/setlists/umphreys-mcgee-january-18-2025-hollywood-casino-at-charles-town-races-charles-town-wv-usa.html
The Weight Around,E,1,16,,01/18/2025,Hollywood Casino at Charles Town Races,Charles Town,WV,USA,https://allthings.umphreys.com/setlists/umphreys-mcgee-january-18-2025-hollywood-casino-at-charles-town-races-charles-town-wv-usa.html
The Triple Wide,E,2,17,with Robot Rock (Daft Punk) and Stairway to Heaven (Led Zeppelin) teases,01/18/2025,Hollywood Casino at Charles Town Races,Charles Town,WV,USA,https://allthings.umphreys.com/setlists/umphreys-mcgee-january-18-2025-hollywood-casino-at-charles-town-races-charles-town-wv-usa.html
Rocker Part 2,1,1,1,,01/19/2025,Jefferson Center,Roanoke,VA,USA,https://allthings.umphreys.com/setlists/umphreys-mcgee-january-19-2025-jefferson-center-roanoke-va-usa.html
Nemo-,1,2,2,,01/19/2025,Jefferson Center,Roanoke,VA,USA,https://allthings.umphreys.com/setlists/umphreys-mcgee-january-19-2025-jefferson-center-roanoke-va-usa.html
Great American,1,3,3,,01/19/2025,Jefferson Center,Roanoke,VA,USA,https://allthings.umphreys.com/setlists/umphreys-mcgee-january-19-2025-jefferson-center-roanoke-va-usa.html
Nemo,1,4,4,,01/19/2025,Jefferson Center,Roanoke,VA,USA,https://allthings.umphreys.com/setlists/umphreys-mcgee-january-19-2025-jefferson-center-roanoke-va-usa.html
Prowler-,1,5,5,,01/19/2025,Jefferson Center,Roanoke,VA,USA,https://allthings.umphreys.com/setlists/umphreys-mcgee-january-19-2025-jefferson-center-roanoke-va-usa.html
2nd Self,1,6,6,,01/19/2025,Jefferson Center,Roanoke,VA,USA,https://allthings.umphreys.com/setlists/umphreys-mcgee-january-19-2025-jefferson-center-roanoke-va-usa.html
The Linear,1,7,7,with Breathe (Pink Floyd) jam,01/19/2025,Jefferson Center,Roanoke,VA,USA,https://allthings.umphreys.com/setlists/umphreys-mcgee-january-19-2025-jefferson-center-roanoke-va-usa.html
That's the Way,1,8,8,,01/19/2025,Jefferson Center,Roanoke,VA,USA,https://allthings.umphreys.com/setlists/umphreys-mcgee-january-19-2025-jefferson-center-roanoke-va-usa.html
Cemetery Walk,1,9,9,,01/19/2025,Jefferson Center,Roanoke,VA,USA,https://allthings.umphreys.com/setlists/umphreys-mcgee-january-19-2025-jefferson-center-roanoke-va-usa.html
Cemetery Walk II,1,10,10,,01/19/2025,Jefferson Center,Roanoke,VA,USA,https://allthings.umphreys.com/setlists/umphreys-mcgee-january-19-2025-jefferson-center-roanoke-va-usa.html
Bridgeless,2,1,11,,01/19/2025,Jefferson Center,Roanoke,VA,USA,https://allthings.umphreys.com/setlists/umphreys-mcgee-january-19-2025-jefferson-center-roanoke-va-usa.html
Partyin' Peeps,2,2,12,,01/19/2025,Jefferson Center,Roanoke,VA,USA,https://allthings.umphreys.com/setlists/umphreys-mcgee-january-19-2025-jefferson-center-roanoke-va-usa.html
Small Strides,2,3,13,,01/19/2025,Jefferson Center,Roanoke,VA,USA,https://allthings.umphreys.com/setlists/umphreys-mcgee-january-19-2025-jefferson-center-roanoke-va-usa.html
Believe the Lie,2,4,14,,01/19/2025,Jefferson Center,Roanoke,VA,USA,https://allthings.umphreys.com/setlists/umphreys-mcgee-january-19-2025-jefferson-center-roanoke-va-usa.html
Women Wine and Song,2,5,15,,01/19/2025,Jefferson Center,Roanoke,VA,USA,https://allthings.umphreys.com/setlists/umphreys-mcgee-january-19-2025-jefferson-center-roanoke-va-usa.html
The Bottom Half,2,6,16,,01/19/2025,Jefferson Center,Roanoke,VA,USA,https://allthings.umphreys.com/setlists/umphreys-mcgee-january-19-2025-jefferson-center-roanoke-va-usa.html
Where Is My Mind?,E,1,17,,01/19/2025,Jefferson Center,Roanoke,VA,USA,https://allthings.umphreys.com/setlists/umphreys-mcgee-january-19-2025-jefferson-center-roanoke-va-usa.html
Bridgeless,E,2,18,,01/19/2025,Jefferson Center,Roanoke,VA,USA,https://allthings.umphreys.com/setlists/umphreys-mcgee-january-19-2025-jefferson-center-roanoke-va-usa.html
Restrung,1,1,1,,01/22/2025,Jefferson Theater,Charlottesville,VA,USA,https://allthings.umphreys.com/setlists/umphreys-mcgee-january-22-2025-jefferson-theater-charlottesville-va-usa.html
Remind Me,1,2,2,,01/22/2025,Jefferson Theater,Charlottesville,VA,USA,https://allthings.umphreys.com/setlists/umphreys-mcgee-january-22-2025-jefferson-theater-charlottesville-va-usa.html
Wife Soup,1,3,3,,01/22/2025,Jefferson Theater,Charlottesville,VA,USA,https://allthings.umphreys.com/setlists/umphreys-mcgee-january-22-2025-jefferson-theater-charlottesville-va-usa.html
Syncopated Strangers,1,4,4,,01/22/2025,Jefferson Theater,Charlottesville,VA,USA,https://allthings.umphreys.com/setlists/umphreys-mcgee-january-22-2025-jefferson-theater-charlottesville-va-usa.html
Roctopus,1,5,5,,01/22/2025,Jefferson Theater,Charlottesville,VA,USA,https://allthings.umphreys.com/setlists/umphreys-mcgee-january-22-2025-jefferson-theater-charlottesville-va-usa.html
All Things Ninja,1,6,6,,01/22/2025,Jefferson Theater,Charlottesville,VA,USA,https://allthings.umphreys.com/setlists/umphreys-mcgee-january-22-2025-jefferson-theater-charlottesville-va-usa.html
Up on Cripple Creek,1,7,7,,01/22/2025,Jefferson Theater,Charlottesville,VA,USA,https://allthings.umphreys.com/setlists/umphreys-mcgee-january-22-2025-jefferson-theater-charlottesville-va-usa.html
All In Time-,2,1,8,,01/22/2025,Jefferson Theater,Charlottesville,VA,USA,https://allthings.umphreys.com/setlists/umphreys-mcgee-january-22-2025-jefferson-theater-charlottesville-va-usa.html
Out Of Order,2,2,9,,01/22/2025,Jefferson Theater,Charlottesville,VA,USA,https://allthings.umphreys.com/setlists/umphreys-mcgee-january-22-2025-jefferson-theater-charlottesville-va-usa.html
The Silent Type,2,3,10,,01/22/2025,Jefferson Theater,Charlottesville,VA,USA,https://allthings.umphreys.com/setlists/umphreys-mcgee-january-22-2025-jefferson-theater-charlottesville-va-usa.html
Fame,2,4,11,,01/22/2025,Jefferson Theater,Charlottesville,VA,USA,https://allthings.umphreys.com/setlists/umphreys-mcgee-january-22-2025-jefferson-theater-charlottesville-va-usa.html
August,2,5,12,with Forty Six & 2 (Tool) tease,01/22/2025,Jefferson Theater,Charlottesville,VA,USA,https://allthings.umphreys.com/setlists/umphreys-mcgee-january-22-2025-jefferson-theater-charlottesville-va-usa.html
All In Time,2,6,13,,01/22/2025,Jefferson Theater,Charlottesville,VA,USA,https://allthings.umphreys.com/setlists/umphreys-mcgee-january-22-2025-jefferson-theater-charlottesville-va-usa.html
Mail Package,E,1,14,with Rockit (Herbie Hancock) teases,01/22/2025,Jefferson Theater,Charlottesville,VA,USA,https://allthings.umphreys.com/setlists/umphreys-mcgee-january-22-2025-jefferson-theater-charlottesville-va-usa.html
Kimble,E,2,15,,01/22/2025,Jefferson Theater,Charlottesville,VA,USA,https://allthings.umphreys.com/setlists/umphreys-mcgee-january-22-2025-jefferson-theater-charlottesville-va-usa.html
Escape Goat-,1,1,1,,01/23/2025,The Queen,Wilmington,DE,USA,https://allthings.umphreys.com/setlists/umphreys-mcgee-january-23-2025-the-queen-wilmington-de-usa.html
Half Delayed,1,2,2,,01/23/2025,The Queen,Wilmington,DE,USA,https://allthings.umphreys.com/setlists/umphreys-mcgee-january-23-2025-the-queen-wilmington-de-usa.html
Phil's Farm,1,3,3,,01/23/2025,The Queen,Wilmington,DE,USA,https://allthings.umphreys.com/setlists/umphreys-mcgee-january-23-2025-the-queen-wilmington-de-usa.html
I Don't Know What I Want,1,4,4,,01/23/2025,The Queen,Wilmington,DE,USA,https://allthings.umphreys.com/setlists/umphreys-mcgee-january-23-2025-the-queen-wilmington-de-usa.html
Tribute to the Spinal Shaft,1,5,5,,01/23/2025,The Queen,Wilmington,DE,USA,https://allthings.umphreys.com/setlists/umphreys-mcgee-january-23-2025-the-queen-wilmington-de-usa.html
FF,1,6,6,,01/23/2025,The Queen,Wilmington,DE,USA,https://allthings.umphreys.com/setlists/umphreys-mcgee-january-23-2025-the-queen-wilmington-de-usa.html
It's Not Your Fault,1,7,7,,01/23/2025,The Queen,Wilmington,DE,USA,https://allthings.umphreys.com/setlists/umphreys-mcgee-january-23-2025-the-queen-wilmington-de-usa.html
Hurt Bird Bath,2,1,8,,01/23/2025,The Queen,Wilmington,DE,USA,https://allthings.umphreys.com/setlists/umphreys-mcgee-january-23-2025-the-queen-wilmington-de-usa.html
13 Days,2,2,9,,01/23/2025,The Queen,Wilmington,DE,USA,https://allthings.umphreys.com/setlists/umphreys-mcgee-january-23-2025-the-queen-wilmington-de-usa.html
Plunger,2,3,10,,01/23/2025,The Queen,Wilmington,DE,USA,https://allthings.umphreys.com/setlists/umphreys-mcgee-january-23-2025-the-queen-wilmington-de-usa.html
Hindsight,2,4,11,with Dance with Me (Orleans) tease,01/23/2025,The Queen,Wilmington,DE,USA,https://allthings.umphreys.com/setlists/umphreys-mcgee-january-23-2025-the-queen-wilmington-de-usa.html
Utopian Fir,2,5,12,,01/23/2025,The Queen,Wilmington,DE,USA,https://allthings.umphreys.com/setlists/umphreys-mcgee-january-23-2025-the-queen-wilmington-de-usa.html
No Comment-,2,6,13,,01/23/2025,The Queen,Wilmington,DE,USA,https://allthings.umphreys.com/setlists/umphreys-mcgee-january-23-2025-the-queen-wilmington-de-usa.html
The Good Times Are Killing Me,2,7,14,,01/23/2025,The Queen,Wilmington,DE,USA,https://allthings.umphreys.com/setlists/umphreys-mcgee-january-23-2025-the-queen-wilmington-de-usa.html
Utopian Fir,2,8,15,with Dance with Me (Orleans) tease,01/23/2025,The Queen,Wilmington,DE,USA,https://allthings.umphreys.com/setlists/umphreys-mcgee-january-23-2025-the-queen-wilmington-de-usa.html
Hajimemashite,2,9,16,,01/23/2025,The Queen,Wilmington,DE,USA,https://allthings.umphreys.com/setlists/umphreys-mcgee-january-23-2025-the-queen-wilmington-de-usa.html
Den,E,1,17,,01/23/2025,The Queen,Wilmington,DE,USA,https://allthings.umphreys.com/setlists/umphreys-mcgee-january-23-2025-the-queen-wilmington-de-usa.html
Robot World,1,1,1,,01/24/2025,Penn's Peak,Jim Thorpe,PA,USA,https://allthings.umphreys.com/setlists/umphreys-mcgee-january-24-2025-penn039s-peak-jim-thorpe-pa-usa.html
Small Strides,1,2,2,,01/24/2025,Penn's Peak,Jim Thorpe,PA,USA,https://allthings.umphreys.com/setlists/umphreys-mcgee-january-24-2025-penn039s-peak-jim-thorpe-pa-usa.html
Uncle Wally,1,3,3,,01/24/2025,Penn's Peak,Jim Thorpe,PA,USA,https://allthings.umphreys.com/setlists/umphreys-mcgee-january-24-2025-penn039s-peak-jim-thorpe-pa-usa.html
40's Theme,1,4,4,,01/24/2025,Penn's Peak,Jim Thorpe,PA,USA,https://allthings.umphreys.com/setlists/umphreys-mcgee-january-24-2025-penn039s-peak-jim-thorpe-pa-usa.html
It Doesn't Matter,1,5,5,,01/24/2025,Penn's Peak,Jim Thorpe,PA,USA,https://allthings.umphreys.com/setlists/umphreys-mcgee-january-24-2025-penn039s-peak-jim-thorpe-pa-usa.html
The Fuzz,1,6,6,,01/24/2025,Penn's Peak,Jim Thorpe,PA,USA,https://allthings.umphreys.com/setlists/umphreys-mcgee-january-24-2025-penn039s-peak-jim-thorpe-pa-usa.html
Bitter Sweet Symphony,1,7,7,incomplete,01/24/2025,Penn's Peak,Jim Thorpe,PA,USA,https://allthings.umphreys.com/setlists/umphreys-mcgee-january-24-2025-penn039s-peak-jim-thorpe-pa-usa.html
Domino Theory,1,8,8,,01/24/2025,Penn's Peak,Jim Thorpe,PA,USA,https://allthings.umphreys.com/setlists/umphreys-mcgee-january-24-2025-penn039s-peak-jim-thorpe-pa-usa.html
Der Bluten Kat,2,1,9,,01/24/2025,Penn's Peak,Jim Thorpe,PA,USA,https://allthings.umphreys.com/setlists/umphreys-mcgee-january-24-2025-penn039s-peak-jim-thorpe-pa-usa.html
Pure Saturation,2,2,10,,01/24/2025,Penn's Peak,Jim Thorpe,PA,USA,https://allthings.umphreys.com/setlists/umphreys-mcgee-january-24-2025-penn039s-peak-jim-thorpe-pa-usa.html
Draconian,2,3,11,,01/24/2025,Penn's Peak,Jim Thorpe,PA,USA,https://allthings.umphreys.com/setlists/umphreys-mcgee-january-24-2025-penn039s-peak-jim-thorpe-pa-usa.html
Exit Signs,2,4,12,,01/24/2025,Penn's Peak,Jim Thorpe,PA,USA,https://allthings.umphreys.com/setlists/umphreys-mcgee-january-24-2025-penn039s-peak-jim-thorpe-pa-usa.html
Life During Exodus,2,5,13,with 25 or 6 to 4 (Chicago) tease,01/24/2025,Penn's Peak,Jim Thorpe,PA,USA,https://allthings.umphreys.com/setlists/umphreys-mcgee-january-24-2025-penn039s-peak-jim-thorpe-pa-usa.html
Smell the Mitten,E,1,14,,01/24/2025,Penn's Peak,Jim Thorpe,PA,USA,https://allthings.umphreys.com/setlists/umphreys-mcgee-january-24-2025-penn039s-peak-jim-thorpe-pa-usa.html
You Got the Wrong Guy,1,1,1,,01/25/2025,Hard Rock Atlantic City,Atlantic City,NJ,USA,https://allthings.umphreys.com/setlists/umphreys-mcgee-january-25-2025-hard-rock-atlantic-city-atlantic-city-nj-usa.html
Push the Pig,1,2,2,,01/25/2025,Hard Rock Atlantic City,Atlantic City,NJ,USA,https://allthings.umphreys.com/setlists/umphreys-mcgee-january-25-2025-hard-rock-atlantic-city-atlantic-city-nj-usa.html
In The Black,1,3,3,,01/25/2025,Hard Rock Atlantic City,Atlantic City,NJ,USA,https://allthings.umphreys.com/setlists/umphreys-mcgee-january-25-2025-hard-rock-atlantic-city-atlantic-city-nj-usa.html
Nothing Too Fancy,1,4,4,,01/25/2025,Hard Rock Atlantic City,Atlantic City,NJ,USA,https://allthings.umphreys.com/setlists/umphreys-mcgee-january-25-2025-hard-rock-atlantic-city-atlantic-city-nj-usa.html
Night Nurse,1,5,5,,01/25/2025,Hard Rock Atlantic City,Atlantic City,NJ,USA,https://allthings.umphreys.com/setlists/umphreys-mcgee-january-25-2025-hard-rock-atlantic-city-atlantic-city-nj-usa.html
Concessions,1,6,6,,01/25/2025,Hard Rock Atlantic City,Atlantic City,NJ,USA,https://allthings.umphreys.com/setlists/umphreys-mcgee-january-25-2025-hard-rock-atlantic-city-atlantic-city-nj-usa.html
Daffodils,2,1,7,,01/25/2025,Hard Rock Atlantic City,Atlantic City,NJ,USA,https://allthings.umphreys.com/setlists/umphreys-mcgee-january-25-2025-hard-rock-atlantic-city-atlantic-city-nj-usa.html
Got Your Milk (Right Here),2,2,8,with Hells Bells (AC/DC) tease in intro and Jessica (The Allman Brothers Band) jam,01/25/2025,Hard Rock Atlantic City,Atlantic City,NJ,USA,https://allthings.umphreys.com/setlists/umphreys-mcgee-january-25-2025-hard-rock-atlantic-city-atlantic-city-nj-usa.html
Hangover-,2,3,9,,01/25/2025,Hard Rock Atlantic City,Atlantic City,NJ,USA,https://allthings.umphreys.com/setlists/umphreys-mcgee-january-25-2025-hard-rock-atlantic-city-atlantic-city-nj-usa.html
Soul Food II,2,4,10,,01/25/2025,Hard Rock Atlantic City,Atlantic City,NJ,USA,https://allthings.umphreys.com/setlists/umphreys-mcgee-january-25-2025-hard-rock-atlantic-city-atlantic-city-nj-usa.html
Hangover,2,5,11,,01/25/2025,Hard Rock Atlantic City,Atlantic City,NJ,USA,https://allthings.umphreys.com/setlists/umphreys-mcgee-january-25-2025-hard-rock-atlantic-city-atlantic-city-nj-usa.html
Dump City,2,6,12,,01/25/2025,Hard Rock Atlantic City,Atlantic City,NJ,USA,https://allthings.umphreys.com/setlists/umphreys-mcgee-january-25-2025-hard-rock-atlantic-city-atlantic-city-nj-usa.html
Bad Poker,2,7,13,,01/25/2025,Hard Rock Atlantic City,Atlantic City,NJ,USA,https://allthings.umphreys.com/setlists/umphreys-mcgee-january-25-2025-hard-rock-atlantic-city-atlantic-city-nj-usa.html
Staircase,2,8,14,,01/25/2025,Hard Rock Atlantic City,Atlantic City,NJ,USA,https://allthings.umphreys.com/setlists/umphreys-mcgee-january-25-2025-hard-rock-atlantic-city-atlantic-city-nj-usa.html
The Crooked One,2,9,15,,01/25/2025,Hard Rock Atlantic City,Atlantic City,NJ,USA,https://allthings.umphreys.com/setlists/umphreys-mcgee-january-25-2025-hard-rock-atlantic-city-atlantic-city-nj-usa.html
Nothing Too Fancy,2,10,16,,01/25/2025,Hard Rock Atlantic City,Atlantic City,NJ,USA,https://allthings.umphreys.com/setlists/umphreys-mcgee-january-25-2025-hard-rock-atlantic-city-atlantic-city-nj-usa.html
Black Water,E,1,17,,01/25/2025,Hard Rock Atlantic City,Atlantic City,NJ,USA,https://allthings.umphreys.com/setlists/umphreys-mcgee-january-25-2025-hard-rock-atlantic-city-atlantic-city-nj-usa.html
Educated Guess,1,1,1,,01/30/2025,Starland Ballroom,Sayreville,NJ,USA,https://allthings.umphreys.com/setlists/umphreys-mcgee-january-30-2025-starland-ballroom-sayreville-nj-usa.html
Kabump,1,2,2,,01/30/2025,Starland Ballroom,Sayreville,NJ,USA,https://allthings.umphreys.com/setlists/umphreys-mcgee-january-30-2025-starland-ballroom-sayreville-nj-usa.html
Thin Air,1,3,3,,01/30/2025,Starland Ballroom,Sayreville,NJ,USA,https://allthings.umphreys.com/setlists/umphreys-mcgee-january-30-2025-starland-ballroom-sayreville-nj-usa.html
Morning Song,1,4,4,,01/30/2025,Starland Ballroom,Sayreville,NJ,USA,https://allthings.umphreys.com/setlists/umphreys-mcgee-january-30-2025-starland-ballroom-sayreville-nj-usa.html
Uncommon-,1,5,5,,01/30/2025,Starland Ballroom,Sayreville,NJ,USA,https://allthings.umphreys.com/setlists/umphreys-mcgee-january-30-2025-starland-ballroom-sayreville-nj-usa.html
Go to Hell,1,6,6,,01/30/2025,Starland Ballroom,Sayreville,NJ,USA,https://allthings.umphreys.com/setlists/umphreys-mcgee-january-30-2025-starland-ballroom-sayreville-nj-usa.html
End of the Road,1,7,7,,01/30/2025,Starland Ballroom,Sayreville,NJ,USA,https://allthings.umphreys.com/setlists/umphreys-mcgee-january-30-2025-starland-ballroom-sayreville-nj-usa.html
Cut the Cable,1,8,8,,01/30/2025,Starland Ballroom,Sayreville,NJ,USA,https://allthings.umphreys.com/setlists/umphreys-mcgee-january-30-2025-starland-ballroom-sayreville-nj-usa.html
Andy's Last Beer,2,1,9,,01/30/2025,Starland Ballroom,Sayreville,NJ,USA,https://allthings.umphreys.com/setlists/umphreys-mcgee-january-30-2025-starland-ballroom-sayreville-nj-usa.html
Resolution,2,2,10,,01/30/2025,Starland Ballroom,Sayreville,NJ,USA,https://allthings.umphreys.com/setlists/umphreys-mcgee-january-30-2025-starland-ballroom-sayreville-nj-usa.html
No Diablo,2,3,11,,01/30/2025,Starland Ballroom,Sayreville,NJ,USA,https://allthings.umphreys.com/setlists/umphreys-mcgee-january-30-2025-starland-ballroom-sayreville-nj-usa.html
Mulche's Odyssey,2,4,12,,01/30/2025,Starland Ballroom,Sayreville,NJ,USA,https://allthings.umphreys.com/setlists/umphreys-mcgee-january-30-2025-starland-ballroom-sayreville-nj-usa.html
Kula,2,5,13,,01/30/2025,Starland Ballroom,Sayreville,NJ,USA,https://allthings.umphreys.com/setlists/umphreys-mcgee-january-30-2025-starland-ballroom-sayreville-nj-usa.html
1999,2,6,14,with Ilya Stemkovsky on percussion,01/30/2025,Starland Ballroom,Sayreville,NJ,USA,https://allthings.umphreys.com/setlists/umphreys-mcgee-january-30-2025-starland-ballroom-sayreville-nj-usa.html
Ringo,2,7,15,,01/30/2025,Starland Ballroom,Sayreville,NJ,USA,https://allthings.umphreys.com/setlists/umphreys-mcgee-january-30-2025-starland-ballroom-sayreville-nj-usa.html
The Floor,E,1,16,,01/30/2025,Starland Ballroom,Sayreville,NJ,USA,https://allthings.umphreys.com/setlists/umphreys-mcgee-january-30-2025-starland-ballroom-sayreville-nj-usa.html
Triangle Tear,1,1,1,,01/31/2025,The Capitol Theatre,Port Chester,NY,USA,https://allthings.umphreys.com/setlists/umphreys-mcgee-january-31-2025-the-capitol-theatre-port-chester-ny-usa.html
Fenced In,1,2,2,,01/31/2025,The Capitol Theatre,Port Chester,NY,USA,https://allthings.umphreys.com/setlists/umphreys-mcgee-january-31-2025-the-capitol-theatre-port-chester-ny-usa.html
Words,1,3,3,,01/31/2025,The Capitol Theatre,Port Chester,NY,USA,https://allthings.umphreys.com/setlists/umphreys-mcgee-january-31-2025-the-capitol-theatre-port-chester-ny-usa.html
All In Time,1,4,4,,01/31/2025,The Capitol Theatre,Port Chester,NY,USA,https://allthings.umphreys.com/setlists/umphreys-mcgee-january-31-2025-the-capitol-theatre-port-chester-ny-usa.html
2nd Self,1,5,5,,01/31/2025,The Capitol Theatre,Port Chester,NY,USA,https://allthings.umphreys.com/setlists/umphreys-mcgee-january-31-2025-the-capitol-theatre-port-chester-ny-usa.html
Wappy Sprayberry,1,6,6,,01/31/2025,The Capitol Theatre,Port Chester,NY,USA,https://allthings.umphreys.com/setlists/umphreys-mcgee-january-31-2025-the-capitol-theatre-port-chester-ny-usa.html
Divisions,2,1,7,,01/31/2025,The Capitol Theatre,Port Chester,NY,USA,https://allthings.umphreys.com/setlists/umphreys-mcgee-january-31-2025-the-capitol-theatre-port-chester-ny-usa.html
Wizard Burial Ground,2,2,8,,01/31/2025,The Capitol Theatre,Port Chester,NY,USA,https://allthings.umphreys.com/setlists/umphreys-mcgee-january-31-2025-the-capitol-theatre-port-chester-ny-usa.html
Conduit,2,3,9,,01/31/2025,The Capitol Theatre,Port Chester,NY,USA,https://allthings.umphreys.com/setlists/umphreys-mcgee-january-31-2025-the-capitol-theatre-port-chester-ny-usa.html
All In Time,2,4,10,,01/31/2025,The Capitol Theatre,Port Chester,NY,USA,https://allthings.umphreys.com/setlists/umphreys-mcgee-january-31-2025-the-capitol-theatre-port-chester-ny-usa.html
Frankie Zombie,2,5,11,,01/31/2025,The Capitol Theatre,Port Chester,NY,USA,https://allthings.umphreys.com/setlists/umphreys-mcgee-january-31-2025-the-capitol-theatre-port-chester-ny-usa.html
Puppet String,2,6,12,,01/31/2025,The Capitol Theatre,Port Chester,NY,USA,https://allthings.umphreys.com/setlists/umphreys-mcgee-january-31-2025-the-capitol-theatre-port-chester-ny-usa.html
Jessica,E,1,13,,01/31/2025,The Capitol Theatre,Port Chester,NY,USA,https://allthings.umphreys.com/setlists/umphreys-mcgee-january-31-2025-the-capitol-theatre-port-chester-ny-usa.html
Drink My Drank,1,1,1,,02/01/2025,The Capitol Theatre,Port Chester,NY,USA,https://allthings.umphreys.com/setlists/umphreys-mcgee-february-1-2025-the-capitol-theatre-port-chester-ny-usa.html
Bridgeless,1,2,2,,02/01/2025,The Capitol Theatre,Port Chester,NY,USA,https://allthings.umphreys.com/setlists/umphreys-mcgee-february-1-2025-the-capitol-theatre-port-chester-ny-usa.html
Mad Love,1,3,3,,02/01/2025,The Capitol Theatre,Port Chester,NY,USA,https://allthings.umphreys.com/setlists/umphreys-mcgee-february-1-2025-the-capitol-theatre-port-chester-ny-usa.html
Miss Tinkle's Overture,1,4,4,,02/01/2025,The Capitol Theatre,Port Chester,NY,USA,https://allthings.umphreys.com/setlists/umphreys-mcgee-february-1-2025-the-capitol-theatre-port-chester-ny-usa.html
Never Cease,1,5,5,,02/01/2025,The Capitol Theatre,Port Chester,NY,USA,https://allthings.umphreys.com/setlists/umphreys-mcgee-february-1-2025-the-capitol-theatre-port-chester-ny-usa.html
I Don't Know What I Want,1,6,6,,02/01/2025,The Capitol Theatre,Port Chester,NY,USA,https://allthings.umphreys.com/setlists/umphreys-mcgee-february-1-2025-the-capitol-theatre-port-chester-ny-usa.html
Booth Love,1,7,7,,02/01/2025,The Capitol Theatre,Port Chester,NY,USA,https://allthings.umphreys.com/setlists/umphreys-mcgee-february-1-2025-the-capitol-theatre-port-chester-ny-usa.html
Walletsworth,1,8,8,with Scotty Zwang replacing Kris on drums,02/01/2025,The Capitol Theatre,Port Chester,NY,USA,https://allthings.umphreys.com/setlists/umphreys-mcgee-february-1-2025-the-capitol-theatre-port-chester-ny-usa.html
Forks,2,1,9,,02/01/2025,The Capitol Theatre,Port Chester,NY,USA,https://allthings.umphreys.com/setlists/umphreys-mcgee-february-1-2025-the-capitol-theatre-port-chester-ny-usa.html
In The Kitchen,2,2,10,"with Kat’s Tune, So What (Miles Davis), and Thunderstruck (AC/DC) teases",02/01/2025,The Capitol Theatre,Port Chester,NY,USA,https://allthings.umphreys.com/setlists/umphreys-mcgee-february-1-2025-the-capitol-theatre-port-chester-ny-usa.html
Attachments,2,3,11,,02/01/2025,The Capitol Theatre,Port Chester,NY,USA,https://allthings.umphreys.com/setlists/umphreys-mcgee-february-1-2025-the-capitol-theatre-port-chester-ny-usa.html
The Linear-,2,4,12,,02/01/2025,The Capitol Theatre,Port Chester,NY,USA,https://allthings.umphreys.com/setlists/umphreys-mcgee-february-1-2025-the-capitol-theatre-port-chester-ny-usa.html
Weird Fishes/Arpeggi,2,5,13,,02/01/2025,The Capitol Theatre,Port Chester,NY,USA,https://allthings.umphreys.com/setlists/umphreys-mcgee-february-1-2025-the-capitol-theatre-port-chester-ny-usa.html
Bridgeless,2,6,14,,02/01/2025,The Capitol Theatre,Port Chester,NY,USA,https://allthings.umphreys.com/setlists/umphreys-mcgee-february-1-2025-the-capitol-theatre-port-chester-ny-usa.html
Slacker,2,7,15,,02/01/2025,The Capitol Theatre,Port Chester,NY,USA,https://allthings.umphreys.com/setlists/umphreys-mcgee-february-1-2025-the-capitol-theatre-port-chester-ny-usa.html
Pay the Snucka,E,1,16,with Cowboys from Hell (Pantera) tease,02/01/2025,The Capitol Theatre,Port Chester,NY,USA,https://allthings.umphreys.com/setlists/umphreys-mcgee-february-1-2025-the-capitol-theatre-port-chester-ny-usa.html
Out of Focus,1,1,1,,02/02/2025,The Paramount,Huntington,NY,USA,https://allthings.umphreys.com/setlists/umphreys-mcgee-february-2-2025-the-paramount-huntington-ny-usa.html
Hiccup,1,2,2,,02/02/2025,The Paramount,Huntington,NY,USA,https://allthings.umphreys.com/setlists/umphreys-mcgee-february-2-2025-the-paramount-huntington-ny-usa.html
Hourglass,1,3,3,,02/02/2025,The Paramount,Huntington,NY,USA,https://allthings.umphreys.com/setlists/umphreys-mcgee-february-2-2025-the-paramount-huntington-ny-usa.html
Wide Open,1,4,4,,02/02/2025,The Paramount,Huntington,NY,USA,https://allthings.umphreys.com/setlists/umphreys-mcgee-february-2-2025-the-paramount-huntington-ny-usa.html
The Triple Wide,1,5,5,with Scotty Zwang on percussion,02/02/2025,The Paramount,Huntington,NY,USA,https://allthings.umphreys.com/setlists/umphreys-mcgee-february-2-2025-the-paramount-huntington-ny-usa.html
Señor Mouse,1,6,6,,02/02/2025,The Paramount,Huntington,NY,USA,https://allthings.umphreys.com/setlists/umphreys-mcgee-february-2-2025-the-paramount-huntington-ny-usa.html
Preamble,2,1,7,,02/02/2025,The Paramount,Huntington,NY,USA,https://allthings.umphreys.com/setlists/umphreys-mcgee-february-2-2025-the-paramount-huntington-ny-usa.html
Mantis,2,2,8,,02/02/2025,The Paramount,Huntington,NY,USA,https://allthings.umphreys.com/setlists/umphreys-mcgee-february-2-2025-the-paramount-huntington-ny-usa.html
Higgins,2,3,9,,02/02/2025,The Paramount,Huntington,NY,USA,https://allthings.umphreys.com/setlists/umphreys-mcgee-february-2-2025-the-paramount-huntington-ny-usa.html
Make It Right,2,4,10,,02/02/2025,The Paramount,Huntington,NY,USA,https://allthings.umphreys.com/setlists/umphreys-mcgee-february-2-2025-the-paramount-huntington-ny-usa.html
Plunger,2,5,11,,02/02/2025,The Paramount,Huntington,NY,USA,https://allthings.umphreys.com/setlists/umphreys-mcgee-february-2-2025-the-paramount-huntington-ny-usa.html
Much Obliged,2,6,12,with YYZ (Rush) tease,02/02/2025,The Paramount,Huntington,NY,USA,https://allthings.umphreys.com/setlists/umphreys-mcgee-february-2-2025-the-paramount-huntington-ny-usa.html
Mantis,2,7,13,with YYZ (Rush) tease,02/02/2025,The Paramount,Huntington,NY,USA,https://allthings.umphreys.com/setlists/umphreys-mcgee-february-2-2025-the-paramount-huntington-ny-usa.html
40's Theme,2,8,14,,02/02/2025,The Paramount,Huntington,NY,USA,https://allthings.umphreys.com/setlists/umphreys-mcgee-february-2-2025-the-paramount-huntington-ny-usa.html
Orfeo,E,1,15,just Joel on piano,02/02/2025,The Paramount,Huntington,NY,USA,https://allthings.umphreys.com/setlists/umphreys-mcgee-february-2-2025-the-paramount-huntington-ny-usa.html
Panama,E,2,16,,02/02/2025,The Paramount,Huntington,NY,USA,https://allthings.umphreys.com/setlists/umphreys-mcgee-february-2-2025-the-paramount-huntington-ny-usa.html
Crucial Taunt,1,1,1,,02/26/2025,The Senate,Columbia,SC,USA,https://allthings.umphreys.com/setlists/umphreys-mcgee-february-26-2025-the-senate-columbia-sc-usa.html
Bad Friday,1,2,2,,02/26/2025,The Senate,Columbia,SC,USA,https://allthings.umphreys.com/setlists/umphreys-mcgee-february-26-2025-the-senate-columbia-sc-usa.html
Turn & Dub,1,3,3,with Jump Around (House of Pain) teases,02/26/2025,The Senate,Columbia,SC,USA,https://allthings.umphreys.com/setlists/umphreys-mcgee-february-26-2025-the-senate-columbia-sc-usa.html
Day Nurse,1,4,4,,02/26/2025,The Senate,Columbia,SC,USA,https://allthings.umphreys.com/setlists/umphreys-mcgee-february-26-2025-the-senate-columbia-sc-usa.html
Nemo,1,5,5,with Partyin' Peeps tease,02/26/2025,The Senate,Columbia,SC,USA,https://allthings.umphreys.com/setlists/umphreys-mcgee-february-26-2025-the-senate-columbia-sc-usa.html
Partyin' Peeps,1,6,6,,02/26/2025,The Senate,Columbia,SC,USA,https://allthings.umphreys.com/setlists/umphreys-mcgee-february-26-2025-the-senate-columbia-sc-usa.html
Nemo,1,7,7,,02/26/2025,The Senate,Columbia,SC,USA,https://allthings.umphreys.com/setlists/umphreys-mcgee-february-26-2025-the-senate-columbia-sc-usa.html
Mulche's Odyssey,1,8,8,,02/26/2025,The Senate,Columbia,SC,USA,https://allthings.umphreys.com/setlists/umphreys-mcgee-february-26-2025-the-senate-columbia-sc-usa.html
Believe the Lie,2,1,9,with Black Water (Doobie Brothers) tease,02/26/2025,The Senate,Columbia,SC,USA,https://allthings.umphreys.com/setlists/umphreys-mcgee-february-26-2025-the-senate-columbia-sc-usa.html
Phil's Farm,2,2,10,,02/26/2025,The Senate,Columbia,SC,USA,https://allthings.umphreys.com/setlists/umphreys-mcgee-february-26-2025-the-senate-columbia-sc-usa.html
Utopian Fir,2,3,11,,02/26/2025,The Senate,Columbia,SC,USA,https://allthings.umphreys.com/setlists/umphreys-mcgee-february-26-2025-the-senate-columbia-sc-usa.html
I Ran,2,4,12,,02/26/2025,The Senate,Columbia,SC,USA,https://allthings.umphreys.com/setlists/umphreys-mcgee-february-26-2025-the-senate-columbia-sc-usa.html
Utopian Fir,2,5,13,,02/26/2025,The Senate,Columbia,SC,USA,https://allthings.umphreys.com/setlists/umphreys-mcgee-february-26-2025-the-senate-columbia-sc-usa.html
Miami Virtue,2,6,14,,02/26/2025,The Senate,Columbia,SC,USA,https://allthings.umphreys.com/setlists/umphreys-mcgee-february-26-2025-the-senate-columbia-sc-usa.html
Pure Saturation,2,7,15,,02/26/2025,The Senate,Columbia,SC,USA,https://allthings.umphreys.com/setlists/umphreys-mcgee-february-26-2025-the-senate-columbia-sc-usa.html
Remind Me,2,8,16,,02/26/2025,The Senate,Columbia,SC,USA,https://allthings.umphreys.com/setlists/umphreys-mcgee-february-26-2025-the-senate-columbia-sc-usa.html
Cut the Cable,E,1,17,,02/26/2025,The Senate,Columbia,SC,USA,https://allthings.umphreys.com/setlists/umphreys-mcgee-february-26-2025-the-senate-columbia-sc-usa.html
Catshot,1,1,1,,02/27/2025,Iron City Music Hall,Birmingham,AL,USA,https://allthings.umphreys.com/setlists/umphreys-mcgee-february-27-2025-iron-city-music-hall-birmingham-al-usa.html
Make It Right,1,2,2,,02/27/2025,Iron City Music Hall,Birmingham,AL,USA,https://allthings.umphreys.com/setlists/umphreys-mcgee-february-27-2025-iron-city-music-hall-birmingham-al-usa.html
Triangle Tear,1,3,3,,02/27/2025,Iron City Music Hall,Birmingham,AL,USA,https://allthings.umphreys.com/setlists/umphreys-mcgee-february-27-2025-iron-city-music-hall-birmingham-al-usa.html
Always October,1,4,4,,02/27/2025,Iron City Music Hall,Birmingham,AL,USA,https://allthings.umphreys.com/setlists/umphreys-mcgee-february-27-2025-iron-city-music-hall-birmingham-al-usa.html
The Triple Wide,1,5,5,,02/27/2025,Iron City Music Hall,Birmingham,AL,USA,https://allthings.umphreys.com/setlists/umphreys-mcgee-february-27-2025-iron-city-music-hall-birmingham-al-usa.html
Andy's Last Beer,1,6,6,,02/27/2025,Iron City Music Hall,Birmingham,AL,USA,https://allthings.umphreys.com/setlists/umphreys-mcgee-february-27-2025-iron-city-music-hall-birmingham-al-usa.html
Hajimemashite,1,7,7,,02/27/2025,Iron City Music Hall,Birmingham,AL,USA,https://allthings.umphreys.com/setlists/umphreys-mcgee-february-27-2025-iron-city-music-hall-birmingham-al-usa.html
Ringo,1,8,8,,02/27/2025,Iron City Music Hall,Birmingham,AL,USA,https://allthings.umphreys.com/setlists/umphreys-mcgee-february-27-2025-iron-city-music-hall-birmingham-al-usa.html
Maybe Someday,2,1,9,,02/27/2025,Iron City Music Hall,Birmingham,AL,USA,https://allthings.umphreys.com/setlists/umphreys-mcgee-february-27-2025-iron-city-music-hall-birmingham-al-usa.html
Dump City-,2,2,10,,02/27/2025,Iron City Music Hall,Birmingham,AL,USA,https://allthings.umphreys.com/setlists/umphreys-mcgee-february-27-2025-iron-city-music-hall-birmingham-al-usa.html
Thunderstruck-,2,3,11,,02/27/2025,Iron City Music Hall,Birmingham,AL,USA,https://allthings.umphreys.com/setlists/umphreys-mcgee-february-27-2025-iron-city-music-hall-birmingham-al-usa.html
Dump City,2,4,12,with Thunderstruck (AC/DC) teases,02/27/2025,Iron City Music Hall,Birmingham,AL,USA,https://allthings.umphreys.com/setlists/umphreys-mcgee-february-27-2025-iron-city-music-hall-birmingham-al-usa.html
No Comment,2,5,13,,02/27/2025,Iron City Music Hall,Birmingham,AL,USA,https://allthings.umphreys.com/setlists/umphreys-mcgee-february-27-2025-iron-city-music-hall-birmingham-al-usa.html
The Pequod,2,6,14,,02/27/2025,Iron City Music Hall,Birmingham,AL,USA,https://allthings.umphreys.com/setlists/umphreys-mcgee-february-27-2025-iron-city-music-hall-birmingham-al-usa.html
Bridgeless,2,7,15,with Let Me Blow Ya Mind (Eve) and Jump Around (House of Pain) teases,02/27/2025,Iron City Music Hall,Birmingham,AL,USA,https://allthings.umphreys.com/setlists/umphreys-mcgee-february-27-2025-iron-city-music-hall-birmingham-al-usa.html
Corduroy,2,8,16,,02/27/2025,Iron City Music Hall,Birmingham,AL,USA,https://allthings.umphreys.com/setlists/umphreys-mcgee-february-27-2025-iron-city-music-hall-birmingham-al-usa.html
Bridgeless,2,9,17,,02/27/2025,Iron City Music Hall,Birmingham,AL,USA,https://allthings.umphreys.com/setlists/umphreys-mcgee-february-27-2025-iron-city-music-hall-birmingham-al-usa.html
The Load-Out,E,1,18,"debut, Jackson Browne; Joel on vocals and piano with Jake on guitar",02/27/2025,Iron City Music Hall,Birmingham,AL,USA,https://allthings.umphreys.com/setlists/umphreys-mcgee-february-27-2025-iron-city-music-hall-birmingham-al-usa.html
Slacker,E,2,19,,02/27/2025,Iron City Music Hall,Birmingham,AL,USA,https://allthings.umphreys.com/setlists/umphreys-mcgee-february-27-2025-iron-city-music-hall-birmingham-al-usa.html
Gurgle,1,1,1,,02/28/2025,The Signal,Chattanooga,TN,USA,https://allthings.umphreys.com/setlists/umphreys-mcgee-february-28-2025-the-signal-chattanooga-tn-usa.html
Wife Soup,1,2,2,,02/28/2025,The Signal,Chattanooga,TN,USA,https://allthings.umphreys.com/setlists/umphreys-mcgee-february-28-2025-the-signal-chattanooga-tn-usa.html
The Linear,1,3,3,with Stranglehold (Ted Nugent) tease,02/28/2025,The Signal,Chattanooga,TN,USA,https://allthings.umphreys.com/setlists/umphreys-mcgee-february-28-2025-the-signal-chattanooga-tn-usa.html
Booth Love,1,4,4,,02/28/2025,The Signal,Chattanooga,TN,USA,https://allthings.umphreys.com/setlists/umphreys-mcgee-february-28-2025-the-signal-chattanooga-tn-usa.html
Professor Wormbog,1,5,5,,02/28/2025,The Signal,Chattanooga,TN,USA,https://allthings.umphreys.com/setlists/umphreys-mcgee-february-28-2025-the-signal-chattanooga-tn-usa.html
Intentions Clear,1,6,6,with Close Encounters of the Third Kind theme (Williams) tease,02/28/2025,The Signal,Chattanooga,TN,USA,https://allthings.umphreys.com/setlists/umphreys-mcgee-february-28-2025-the-signal-chattanooga-tn-usa.html
Spires,1,7,7,,02/28/2025,The Signal,Chattanooga,TN,USA,https://allthings.umphreys.com/setlists/umphreys-mcgee-february-28-2025-the-signal-chattanooga-tn-usa.html
Small Strides,2,1,8,,02/28/2025,The Signal,Chattanooga,TN,USA,https://allthings.umphreys.com/setlists/umphreys-mcgee-february-28-2025-the-signal-chattanooga-tn-usa.html
2nd Self,2,2,9,with Third Stone from the Sun (Jimi Hendrix) tease,02/28/2025,The Signal,Chattanooga,TN,USA,https://allthings.umphreys.com/setlists/umphreys-mcgee-february-28-2025-the-signal-chattanooga-tn-usa.html
Attachments,2,3,10,"""Jimmy Stewart"" with lyrics",02/28/2025,The Signal,Chattanooga,TN,USA,https://allthings.umphreys.com/setlists/umphreys-mcgee-february-28-2025-the-signal-chattanooga-tn-usa.html
Syncopated Strangers,2,4,11,with Forty Six & 2 (Tool) teases,02/28/2025,The Signal,Chattanooga,TN,USA,https://allthings.umphreys.com/setlists/umphreys-mcgee-february-28-2025-the-signal-chattanooga-tn-usa.html
Message in a Bottle,2,5,12,,02/28/2025,The Signal,Chattanooga,TN,USA,https://allthings.umphreys.com/setlists/umphreys-mcgee-february-28-2025-the-signal-chattanooga-tn-usa.html
Higgins,2,6,13,,02/28/2025,The Signal,Chattanooga,TN,USA,https://allthings.umphreys.com/setlists/umphreys-mcgee-february-28-2025-the-signal-chattanooga-tn-usa.html
In The Kitchen,E,1,14,with Rhiannon (Fleetwood Mac) tease in intro,02/28/2025,The Signal,Chattanooga,TN,USA,https://allthings.umphreys.com/setlists/umphreys-mcgee-february-28-2025-the-signal-chattanooga-tn-usa.html
Staircase,1,1,1,,03/01/2025,Johnny Mercer Theatre,Savannah,GA,USA,https://allthings.umphreys.com/setlists/umphreys-mcgee-march-1-2025-johnny-mercer-theatre-savannah-ga-usa.html
Domino Theory,1,2,2,,03/01/2025,Johnny Mercer Theatre,Savannah,GA,USA,https://allthings.umphreys.com/setlists/umphreys-mcgee-march-1-2025-johnny-mercer-theatre-savannah-ga-usa.html
Cemetery Walk,1,3,3,,03/01/2025,Johnny Mercer Theatre,Savannah,GA,USA,https://allthings.umphreys.com/setlists/umphreys-mcgee-march-1-2025-johnny-mercer-theatre-savannah-ga-usa.html
Cemetery Walk II,1,4,4,,03/01/2025,Johnny Mercer Theatre,Savannah,GA,USA,https://allthings.umphreys.com/setlists/umphreys-mcgee-march-1-2025-johnny-mercer-theatre-savannah-ga-usa.html
Wellwishers,1,5,5,,03/01/2025,Johnny Mercer Theatre,Savannah,GA,USA,https://allthings.umphreys.com/setlists/umphreys-mcgee-march-1-2025-johnny-mercer-theatre-savannah-ga-usa.html
Front Porch,1,6,6,,03/01/2025,Johnny Mercer Theatre,Savannah,GA,USA,https://allthings.umphreys.com/setlists/umphreys-mcgee-march-1-2025-johnny-mercer-theatre-savannah-ga-usa.html
Nothing Too Fancy,2,1,7,,03/01/2025,Johnny Mercer Theatre,Savannah,GA,USA,https://allthings.umphreys.com/setlists/umphreys-mcgee-march-1-2025-johnny-mercer-theatre-savannah-ga-usa.html
Puppet String,2,2,8,,03/01/2025,Johnny Mercer Theatre,Savannah,GA,USA,https://allthings.umphreys.com/setlists/umphreys-mcgee-march-1-2025-johnny-mercer-theatre-savannah-ga-usa.html
That's All,2,3,9,with Hangover chant jam and quotes,03/01/2025,Johnny Mercer Theatre,Savannah,GA,USA,https://allthings.umphreys.com/setlists/umphreys-mcgee-march-1-2025-johnny-mercer-theatre-savannah-ga-usa.html
Puppet String,2,4,10,,03/01/2025,Johnny Mercer Theatre,Savannah,GA,USA,https://allthings.umphreys.com/setlists/umphreys-mcgee-march-1-2025-johnny-mercer-theatre-savannah-ga-usa.html
Hiccup,2,5,11,,03/01/2025,Johnny Mercer Theatre,Savannah,GA,USA,https://allthings.umphreys.com/setlists/umphreys-mcgee-march-1-2025-johnny-mercer-theatre-savannah-ga-usa.html
Looks,2,6,12,,03/01/2025,Johnny Mercer Theatre,Savannah,GA,USA,https://allthings.umphreys.com/setlists/umphreys-mcgee-march-1-2025-johnny-mercer-theatre-savannah-ga-usa.html
It Doesn't Matter,2,7,13,,03/01/2025,Johnny Mercer Theatre,Savannah,GA,USA,https://allthings.umphreys.com/setlists/umphreys-mcgee-march-1-2025-johnny-mercer-theatre-savannah-ga-usa.html
Nothing Too Fancy,2,8,14,,03/01/2025,Johnny Mercer Theatre,Savannah,GA,USA,https://allthings.umphreys.com/setlists/umphreys-mcgee-march-1-2025-johnny-mercer-theatre-savannah-ga-usa.html
Speak Up,E,1,15,,03/01/2025,Johnny Mercer Theatre,Savannah,GA,USA,https://allthings.umphreys.com/setlists/umphreys-mcgee-march-1-2025-johnny-mercer-theatre-savannah-ga-usa.html
Le Blitz,1,1,1,,03/05/2025,The Mill & Mine,Knoxville,TN,USA,https://allthings.umphreys.com/setlists/umphreys-mcgee-march-5-2025-the-mill-amp-mine-knoxville-tn-usa.html
Roctopus,1,2,2,,03/05/2025,The Mill & Mine,Knoxville,TN,USA,https://allthings.umphreys.com/setlists/umphreys-mcgee-march-5-2025-the-mill-amp-mine-knoxville-tn-usa.html
Piranhas,1,3,3,,03/05/2025,The Mill & Mine,Knoxville,TN,USA,https://allthings.umphreys.com/setlists/umphreys-mcgee-march-5-2025-the-mill-amp-mine-knoxville-tn-usa.html
Got Your Milk (Right Here),1,4,4,with Karl Engelmann on vocals,03/05/2025,The Mill & Mine,Knoxville,TN,USA,https://allthings.umphreys.com/setlists/umphreys-mcgee-march-5-2025-the-mill-amp-mine-knoxville-tn-usa.html
New Wings,1,5,5,,03/05/2025,The Mill & Mine,Knoxville,TN,USA,https://allthings.umphreys.com/setlists/umphreys-mcgee-march-5-2025-the-mill-amp-mine-knoxville-tn-usa.html
Night Nurse,1,6,6,,03/05/2025,The Mill & Mine,Knoxville,TN,USA,https://allthings.umphreys.com/setlists/umphreys-mcgee-march-5-2025-the-mill-amp-mine-knoxville-tn-usa.html
Uncle Wally,1,7,7,,03/05/2025,The Mill & Mine,Knoxville,TN,USA,https://allthings.umphreys.com/setlists/umphreys-mcgee-march-5-2025-the-mill-amp-mine-knoxville-tn-usa.html
Forks,1,8,8,,03/05/2025,The Mill & Mine,Knoxville,TN,USA,https://allthings.umphreys.com/setlists/umphreys-mcgee-march-5-2025-the-mill-amp-mine-knoxville-tn-usa.html
Hey Nineteen,1,9,9,,03/05/2025,The Mill & Mine,Knoxville,TN,USA,https://allthings.umphreys.com/setlists/umphreys-mcgee-march-5-2025-the-mill-amp-mine-knoxville-tn-usa.html
Hurt Bird Bath,2,1,10,,03/05/2025,The Mill & Mine,Knoxville,TN,USA,https://allthings.umphreys.com/setlists/umphreys-mcgee-march-5-2025-the-mill-amp-mine-knoxville-tn-usa.html
Similar Skin,2,2,11,with Not Like Us (Kendrick Lamar) teases,03/05/2025,The Mill & Mine,Knoxville,TN,USA,https://allthings.umphreys.com/setlists/umphreys-mcgee-march-5-2025-the-mill-amp-mine-knoxville-tn-usa.html
Resolution,2,3,12,,03/05/2025,The Mill & Mine,Knoxville,TN,USA,https://allthings.umphreys.com/setlists/umphreys-mcgee-march-5-2025-the-mill-amp-mine-knoxville-tn-usa.html
The Fuzz-,2,4,13,,03/05/2025,The Mill & Mine,Knoxville,TN,USA,https://allthings.umphreys.com/setlists/umphreys-mcgee-march-5-2025-the-mill-amp-mine-knoxville-tn-usa.html
Glory,2,5,14,,03/05/2025,The Mill & Mine,Knoxville,TN,USA,https://allthings.umphreys.com/setlists/umphreys-mcgee-march-5-2025-the-mill-amp-mine-knoxville-tn-usa.html
Girlfriend is Better,2,6,15,,03/05/2025,The Mill & Mine,Knoxville,TN,USA,https://allthings.umphreys.com/setlists/umphreys-mcgee-march-5-2025-the-mill-amp-mine-knoxville-tn-usa.html
Den,2,7,16,,03/05/2025,The Mill & Mine,Knoxville,TN,USA,https://allthings.umphreys.com/setlists/umphreys-mcgee-march-5-2025-the-mill-amp-mine-knoxville-tn-usa.html
The Floor,E,1,17,,03/05/2025,The Mill & Mine,Knoxville,TN,USA,https://allthings.umphreys.com/setlists/umphreys-mcgee-march-5-2025-the-mill-amp-mine-knoxville-tn-usa.html
Room to Breathe,1,1,1,,03/06/2025,Old Forester's Paristown Hall,Louisville,KY,USA,https://allthings.umphreys.com/setlists/umphreys-mcgee-march-6-2025-old-forester039s-paristown-hall-louisville-ky-usa.html
Kabump,1,2,2,,03/06/2025,Old Forester's Paristown Hall,Louisville,KY,USA,https://allthings.umphreys.com/setlists/umphreys-mcgee-march-6-2025-old-forester039s-paristown-hall-louisville-ky-usa.html
Wide Open,1,3,3,,03/06/2025,Old Forester's Paristown Hall,Louisville,KY,USA,https://allthings.umphreys.com/setlists/umphreys-mcgee-march-6-2025-old-forester039s-paristown-hall-louisville-ky-usa.html
In The Black,1,4,4,,03/06/2025,Old Forester's Paristown Hall,Louisville,KY,USA,https://allthings.umphreys.com/setlists/umphreys-mcgee-march-6-2025-old-forester039s-paristown-hall-louisville-ky-usa.html
Seasons,1,5,5,,03/06/2025,Old Forester's Paristown Hall,Louisville,KY,USA,https://allthings.umphreys.com/setlists/umphreys-mcgee-march-6-2025-old-forester039s-paristown-hall-louisville-ky-usa.html
Der Bluten Kat,1,6,6,,03/06/2025,Old Forester's Paristown Hall,Louisville,KY,USA,https://allthings.umphreys.com/setlists/umphreys-mcgee-march-6-2025-old-forester039s-paristown-hall-louisville-ky-usa.html
Final Word,1,7,7,,03/06/2025,Old Forester's Paristown Hall,Louisville,KY,USA,https://allthings.umphreys.com/setlists/umphreys-mcgee-march-6-2025-old-forester039s-paristown-hall-louisville-ky-usa.html
Der Bluten Kat,1,8,8,,03/06/2025,Old Forester's Paristown Hall,Louisville,KY,USA,https://allthings.umphreys.com/setlists/umphreys-mcgee-march-6-2025-old-forester039s-paristown-hall-louisville-ky-usa.html
Miss Tinkle's Overture,2,1,9,,03/06/2025,Old Forester's Paristown Hall,Louisville,KY,USA,https://allthings.umphreys.com/setlists/umphreys-mcgee-march-6-2025-old-forester039s-paristown-hall-louisville-ky-usa.html
Suxity,2,2,10,,03/06/2025,Old Forester's Paristown Hall,Louisville,KY,USA,https://allthings.umphreys.com/setlists/umphreys-mcgee-march-6-2025-old-forester039s-paristown-hall-louisville-ky-usa.html
Out Of Order,2,3,11,,03/06/2025,Old Forester's Paristown Hall,Louisville,KY,USA,https://allthings.umphreys.com/setlists/umphreys-mcgee-march-6-2025-old-forester039s-paristown-hall-louisville-ky-usa.html
The Fussy Dutchman,2,4,12,,03/06/2025,Old Forester's Paristown Hall,Louisville,KY,USA,https://allthings.umphreys.com/setlists/umphreys-mcgee-march-6-2025-old-forester039s-paristown-hall-louisville-ky-usa.html
In Bloom,2,5,13,,03/06/2025,Old Forester's Paristown Hall,Louisville,KY,USA,https://allthings.umphreys.com/setlists/umphreys-mcgee-march-6-2025-old-forester039s-paristown-hall-louisville-ky-usa.html
Draconian,2,6,14,,03/06/2025,Old Forester's Paristown Hall,Louisville,KY,USA,https://allthings.umphreys.com/setlists/umphreys-mcgee-march-6-2025-old-forester039s-paristown-hall-louisville-ky-usa.html
Kula,2,7,15,,03/06/2025,Old Forester's Paristown Hall,Louisville,KY,USA,https://allthings.umphreys.com/setlists/umphreys-mcgee-march-6-2025-old-forester039s-paristown-hall-louisville-ky-usa.html
Wizard Burial Ground,E,1,16,,03/06/2025,Old Forester's Paristown Hall,Louisville,KY,USA,https://allthings.umphreys.com/setlists/umphreys-mcgee-march-6-2025-old-forester039s-paristown-hall-louisville-ky-usa.html
Out of Focus,1,1,1,,03/07/2025,The Morris Performing Arts Center,South Bend,IN,USA,https://allthings.umphreys.com/setlists/umphreys-mcgee-march-7-2025-the-morris-performing-arts-center-south-bend-in-usa.html
Half Delayed,1,2,2,,03/07/2025,The Morris Performing Arts Center,South Bend,IN,USA,https://allthings.umphreys.com/setlists/umphreys-mcgee-march-7-2025-the-morris-performing-arts-center-south-bend-in-usa.html
JaJunk,1,3,3,,03/07/2025,The Morris Performing Arts Center,South Bend,IN,USA,https://allthings.umphreys.com/setlists/umphreys-mcgee-march-7-2025-the-morris-performing-arts-center-south-bend-in-usa.html
Conduit,1,4,4,,03/07/2025,The Morris Performing Arts Center,South Bend,IN,USA,https://allthings.umphreys.com/setlists/umphreys-mcgee-march-7-2025-the-morris-performing-arts-center-south-bend-in-usa.html
Ride On Pony,1,5,5,,03/07/2025,The Morris Performing Arts Center,South Bend,IN,USA,https://allthings.umphreys.com/setlists/umphreys-mcgee-march-7-2025-the-morris-performing-arts-center-south-bend-in-usa.html
Prowler,1,6,6,,03/07/2025,The Morris Performing Arts Center,South Bend,IN,USA,https://allthings.umphreys.com/setlists/umphreys-mcgee-march-7-2025-the-morris-performing-arts-center-south-bend-in-usa.html
2x2,1,7,7,with Fame (David Bowie) jam,03/07/2025,The Morris Performing Arts Center,South Bend,IN,USA,https://allthings.umphreys.com/setlists/umphreys-mcgee-march-7-2025-the-morris-performing-arts-center-south-bend-in-usa.html
Breathe,1,8,8,,03/07/2025,The Morris Performing Arts Center,South Bend,IN,USA,https://allthings.umphreys.com/setlists/umphreys-mcgee-march-7-2025-the-morris-performing-arts-center-south-bend-in-usa.html
The Silent Type,2,1,9,,03/07/2025,The Morris Performing Arts Center,South Bend,IN,USA,https://allthings.umphreys.com/setlists/umphreys-mcgee-march-7-2025-the-morris-performing-arts-center-south-bend-in-usa.html
Escape Goat,2,2,10,with Crazy Train (Ozzy Osbourne) jam,03/07/2025,The Morris Performing Arts Center,South Bend,IN,USA,https://allthings.umphreys.com/setlists/umphreys-mcgee-march-7-2025-the-morris-performing-arts-center-south-bend-in-usa.html
Cut the Cable,2,3,11,,03/07/2025,The Morris Performing Arts Center,South Bend,IN,USA,https://allthings.umphreys.com/setlists/umphreys-mcgee-march-7-2025-the-morris-performing-arts-center-south-bend-in-usa.html
Hiccup,2,4,12,,03/07/2025,The Morris Performing Arts Center,South Bend,IN,USA,https://allthings.umphreys.com/setlists/umphreys-mcgee-march-7-2025-the-morris-performing-arts-center-south-bend-in-usa.html
Divisions,2,5,13,,03/07/2025,The Morris Performing Arts Center,South Bend,IN,USA,https://allthings.umphreys.com/setlists/umphreys-mcgee-march-7-2025-the-morris-performing-arts-center-south-bend-in-usa.html
Don't You (Forget About Me),2,6,14,,03/07/2025,The Morris Performing Arts Center,South Bend,IN,USA,https://allthings.umphreys.com/setlists/umphreys-mcgee-march-7-2025-the-morris-performing-arts-center-south-bend-in-usa.html
Divisions,2,7,15,,03/07/2025,The Morris Performing Arts Center,South Bend,IN,USA,https://allthings.umphreys.com/setlists/umphreys-mcgee-march-7-2025-the-morris-performing-arts-center-south-bend-in-usa.html
Women Wine and Song,E,1,16,with Stranglehold (Ted Nugent) jam,03/07/2025,The Morris Performing Arts Center,South Bend,IN,USA,https://allthings.umphreys.com/setlists/umphreys-mcgee-march-7-2025-the-morris-performing-arts-center-south-bend-in-usa.html
JaJunk,E,2,17,,03/07/2025,The Morris Performing Arts Center,South Bend,IN,USA,https://allthings.umphreys.com/setlists/umphreys-mcgee-march-7-2025-the-morris-performing-arts-center-south-bend-in-usa.html
Plunger,1,1,1,,03/08/2025,Riverside Theater,Milwaukee,WI,USA,https://allthings.umphreys.com/setlists/umphreys-mcgee-march-8-2025-riverside-theater-milwaukee-wi-usa.html
13 Days,1,2,2,,03/08/2025,Riverside Theater,Milwaukee,WI,USA,https://allthings.umphreys.com/setlists/umphreys-mcgee-march-8-2025-riverside-theater-milwaukee-wi-usa.html
The Bottom Half,1,3,3,,03/08/2025,Riverside Theater,Milwaukee,WI,USA,https://allthings.umphreys.com/setlists/umphreys-mcgee-march-8-2025-riverside-theater-milwaukee-wi-usa.html
"Jesus, Etc.",1,4,4,"debut, Wilco",03/08/2025,Riverside Theater,Milwaukee,WI,USA,https://allthings.umphreys.com/setlists/umphreys-mcgee-march-8-2025-riverside-theater-milwaukee-wi-usa.html
Wappy Sprayberry,1,5,5,with Footsteps (Pearl Jam) teases,03/08/2025,Riverside Theater,Milwaukee,WI,USA,https://allthings.umphreys.com/setlists/umphreys-mcgee-march-8-2025-riverside-theater-milwaukee-wi-usa.html
Space Funk Booty,1,6,6,with Jump Around (House of Pain) teases,03/08/2025,Riverside Theater,Milwaukee,WI,USA,https://allthings.umphreys.com/setlists/umphreys-mcgee-march-8-2025-riverside-theater-milwaukee-wi-usa.html
40's Theme,1,7,7,,03/08/2025,Riverside Theater,Milwaukee,WI,USA,https://allthings.umphreys.com/setlists/umphreys-mcgee-march-8-2025-riverside-theater-milwaukee-wi-usa.html
All In Time,2,1,8,,03/08/2025,Riverside Theater,Milwaukee,WI,USA,https://allthings.umphreys.com/setlists/umphreys-mcgee-march-8-2025-riverside-theater-milwaukee-wi-usa.html
Concessions,2,2,9,,03/08/2025,Riverside Theater,Milwaukee,WI,USA,https://allthings.umphreys.com/setlists/umphreys-mcgee-march-8-2025-riverside-theater-milwaukee-wi-usa.html
Layla,2,3,10,,03/08/2025,Riverside Theater,Milwaukee,WI,USA,https://allthings.umphreys.com/setlists/umphreys-mcgee-march-8-2025-riverside-theater-milwaukee-wi-usa.html
1348,2,4,11,with YYZ (Rush) tease in intro,03/08/2025,Riverside Theater,Milwaukee,WI,USA,https://allthings.umphreys.com/setlists/umphreys-mcgee-march-8-2025-riverside-theater-milwaukee-wi-usa.html
Rock and Roll Part 2,2,5,12,with Too Much Time on My Hands (Styx) tease,03/08/2025,Riverside Theater,Milwaukee,WI,USA,https://allthings.umphreys.com/setlists/umphreys-mcgee-march-8-2025-riverside-theater-milwaukee-wi-usa.html
Slacker,2,6,13,,03/08/2025,Riverside Theater,Milwaukee,WI,USA,https://allthings.umphreys.com/setlists/umphreys-mcgee-march-8-2025-riverside-theater-milwaukee-wi-usa.html
1348,2,7,14,,03/08/2025,Riverside Theater,Milwaukee,WI,USA,https://allthings.umphreys.com/setlists/umphreys-mcgee-march-8-2025-riverside-theater-milwaukee-wi-usa.html
Partyin' Peeps,E,1,15,,03/08/2025,Riverside Theater,Milwaukee,WI,USA,https://allthings.umphreys.com/setlists/umphreys-mcgee-march-8-2025-riverside-theater-milwaukee-wi-usa.html
All In Time,E,2,16,,03/08/2025,Riverside Theater,Milwaukee,WI,USA,https://allthings.umphreys.com/setlists/umphreys-mcgee-march-8-2025-riverside-theater-milwaukee-wi-usa.html
Plunger,1,1,1,,03/09/2025,Hard Rock Hotel & Royalton Resort,Punta Cana,,Dominican Republic,https://allthings.umphreys.com/setlists/umphreys-mcgee-march-9-2025-hard-rock-hotel-amp-royalton-resort-punta-cana-dominican-republic.html
Crucial Taunt,1,2,2,,03/09/2025,Hard Rock Hotel & Royalton Resort,Punta Cana,,Dominican Republic,https://allthings.umphreys.com/setlists/umphreys-mcgee-march-9-2025-hard-rock-hotel-amp-royalton-resort-punta-cana-dominican-republic.html
The Floor,1,3,3,,03/09/2025,Hard Rock Hotel & Royalton Resort,Punta Cana,,Dominican Republic,https://allthings.umphreys.com/setlists/umphreys-mcgee-march-9-2025-hard-rock-hotel-amp-royalton-resort-punta-cana-dominican-republic.html
Mulche's Odyssey,1,4,4,,03/09/2025,Hard Rock Hotel & Royalton Resort,Punta Cana,,Dominican Republic,https://allthings.umphreys.com/setlists/umphreys-mcgee-march-9-2025-hard-rock-hotel-amp-royalton-resort-punta-cana-dominican-republic.html
1348,1,5,5,,03/09/2025,Hard Rock Hotel & Royalton Resort,Punta Cana,,Dominican Republic,https://allthings.umphreys.com/setlists/umphreys-mcgee-march-9-2025-hard-rock-hotel-amp-royalton-resort-punta-cana-dominican-republic.html
Red,1,6,6,with Danny Carey replacing Kris on drums,03/09/2025,Hard Rock Hotel & Royalton Resort,Punta Cana,,Dominican Republic,https://allthings.umphreys.com/setlists/umphreys-mcgee-march-9-2025-hard-rock-hotel-amp-royalton-resort-punta-cana-dominican-republic.html
Wizard Burial Ground,1,7,7,,03/09/2025,Hard Rock Hotel & Royalton Resort,Punta Cana,,Dominican Republic,https://allthings.umphreys.com/setlists/umphreys-mcgee-march-9-2025-hard-rock-hotel-amp-royalton-resort-punta-cana-dominican-republic.html
Small Strides,1,1,1,,03/12/2025,The Elm,Bozeman,MT,USA,https://allthings.umphreys.com/setlists/umphreys-mcgee-march-12-2025-the-elm-bozeman-mt-usa.html
Example 1,1,2,2,,03/12/2025,The Elm,Bozeman,MT,USA,https://allthings.umphreys.com/setlists/umphreys-mcgee-march-12-2025-the-elm-bozeman-mt-usa.html
The Linear,1,3,3,,03/12/2025,The Elm,Bozeman,MT,USA,https://allthings.umphreys.com/setlists/umphreys-mcgee-march-12-2025-the-elm-bozeman-mt-usa.html
Uncle Wally,1,4,4,,03/12/2025,The Elm,Bozeman,MT,USA,https://allthings.umphreys.com/setlists/umphreys-mcgee-march-12-2025-the-elm-bozeman-mt-usa.html
Hurt Bird Bath,1,5,5,,03/12/2025,The Elm,Bozeman,MT,USA,https://allthings.umphreys.com/setlists/umphreys-mcgee-march-12-2025-the-elm-bozeman-mt-usa.html
The Pequod,1,6,6,,03/12/2025,The Elm,Bozeman,MT,USA,https://allthings.umphreys.com/setlists/umphreys-mcgee-march-12-2025-the-elm-bozeman-mt-usa.html
Educated Guess,1,7,7,,03/12/2025,The Elm,Bozeman,MT,USA,https://allthings.umphreys.com/setlists/umphreys-mcgee-march-12-2025-the-elm-bozeman-mt-usa.html
Whitehouse Road,1,8,8,with Madeline Hawthorne on vocals,03/12/2025,The Elm,Bozeman,MT,USA,https://allthings.umphreys.com/setlists/umphreys-mcgee-march-12-2025-the-elm-bozeman-mt-usa.html
Staircase,2,1,9,,03/12/2025,The Elm,Bozeman,MT,USA,https://allthings.umphreys.com/setlists/umphreys-mcgee-march-12-2025-the-elm-bozeman-mt-usa.html
Believe the Lie,2,2,10,,03/12/2025,The Elm,Bozeman,MT,USA,https://allthings.umphreys.com/setlists/umphreys-mcgee-march-12-2025-the-elm-bozeman-mt-usa.html
Puppet String,2,3,11,,03/12/2025,The Elm,Bozeman,MT,USA,https://allthings.umphreys.com/setlists/umphreys-mcgee-march-12-2025-the-elm-bozeman-mt-usa.html
Day Nurse,2,4,12,,03/12/2025,The Elm,Bozeman,MT,USA,https://allthings.umphreys.com/setlists/umphreys-mcgee-march-12-2025-the-elm-bozeman-mt-usa.html
Utopian Fir,2,5,13,,03/12/2025,The Elm,Bozeman,MT,USA,https://allthings.umphreys.com/setlists/umphreys-mcgee-march-12-2025-the-elm-bozeman-mt-usa.html
Dance Hall Days,2,6,14,,03/12/2025,The Elm,Bozeman,MT,USA,https://allthings.umphreys.com/setlists/umphreys-mcgee-march-12-2025-the-elm-bozeman-mt-usa.html
Utopian Fir,2,7,15,,03/12/2025,The Elm,Bozeman,MT,USA,https://allthings.umphreys.com/setlists/umphreys-mcgee-march-12-2025-the-elm-bozeman-mt-usa.html
Little Gift,2,8,16,,03/12/2025,The Elm,Bozeman,MT,USA,https://allthings.umphreys.com/setlists/umphreys-mcgee-march-12-2025-the-elm-bozeman-mt-usa.html
Puppet String,2,9,17,,03/12/2025,The Elm,Bozeman,MT,USA,https://allthings.umphreys.com/setlists/umphreys-mcgee-march-12-2025-the-elm-bozeman-mt-usa.html
In The Kitchen,E,1,18,,03/12/2025,The Elm,Bozeman,MT,USA,https://allthings.umphreys.com/setlists/umphreys-mcgee-march-12-2025-the-elm-bozeman-mt-usa.html
Bathing Digits,1,1,1,,03/13/2025,The Newberry,Great Falls,MT,USA,https://allthings.umphreys.com/setlists/umphreys-mcgee-march-13-2025-the-newberry-great-falls-mt-usa.html
I Don't Know What I Want,1,2,2,,03/13/2025,The Newberry,Great Falls,MT,USA,https://allthings.umphreys.com/setlists/umphreys-mcgee-march-13-2025-the-newberry-great-falls-mt-usa.html
Roulette,1,3,3,,03/13/2025,The Newberry,Great Falls,MT,USA,https://allthings.umphreys.com/setlists/umphreys-mcgee-march-13-2025-the-newberry-great-falls-mt-usa.html
Wife Soup,1,4,4,,03/13/2025,The Newberry,Great Falls,MT,USA,https://allthings.umphreys.com/setlists/umphreys-mcgee-march-13-2025-the-newberry-great-falls-mt-usa.html
Out Of Order,1,5,5,,03/13/2025,The Newberry,Great Falls,MT,USA,https://allthings.umphreys.com/setlists/umphreys-mcgee-march-13-2025-the-newberry-great-falls-mt-usa.html
Upward,1,6,6,,03/13/2025,The Newberry,Great Falls,MT,USA,https://allthings.umphreys.com/setlists/umphreys-mcgee-march-13-2025-the-newberry-great-falls-mt-usa.html
Andy's Last Beer,1,7,7,,03/13/2025,The Newberry,Great Falls,MT,USA,https://allthings.umphreys.com/setlists/umphreys-mcgee-march-13-2025-the-newberry-great-falls-mt-usa.html
Intentions Clear,1,8,8,,03/13/2025,The Newberry,Great Falls,MT,USA,https://allthings.umphreys.com/setlists/umphreys-mcgee-march-13-2025-the-newberry-great-falls-mt-usa.html
Den,1,9,9,,03/13/2025,The Newberry,Great Falls,MT,USA,https://allthings.umphreys.com/setlists/umphreys-mcgee-march-13-2025-the-newberry-great-falls-mt-usa.html
The Triple Wide,2,1,10,,03/13/2025,The Newberry,Great Falls,MT,USA,https://allthings.umphreys.com/setlists/umphreys-mcgee-march-13-2025-the-newberry-great-falls-mt-usa.html
Walletsworth,2,2,11,,03/13/2025,The Newberry,Great Falls,MT,USA,https://allthings.umphreys.com/setlists/umphreys-mcgee-march-13-2025-the-newberry-great-falls-mt-usa.html
Red Tape,2,3,12,,03/13/2025,The Newberry,Great Falls,MT,USA,https://allthings.umphreys.com/setlists/umphreys-mcgee-march-13-2025-the-newberry-great-falls-mt-usa.html
Bad Friday,2,4,13,,03/13/2025,The Newberry,Great Falls,MT,USA,https://allthings.umphreys.com/setlists/umphreys-mcgee-march-13-2025-the-newberry-great-falls-mt-usa.html
Rocker Part 2,2,5,14,,03/13/2025,The Newberry,Great Falls,MT,USA,https://allthings.umphreys.com/setlists/umphreys-mcgee-march-13-2025-the-newberry-great-falls-mt-usa.html
Mail Package,2,6,15,,03/13/2025,The Newberry,Great Falls,MT,USA,https://allthings.umphreys.com/setlists/umphreys-mcgee-march-13-2025-the-newberry-great-falls-mt-usa.html
Pay the Snucka,2,7,16,,03/13/2025,The Newberry,Great Falls,MT,USA,https://allthings.umphreys.com/setlists/umphreys-mcgee-march-13-2025-the-newberry-great-falls-mt-usa.html
Live and Let Die,E,1,17,,03/13/2025,The Newberry,Great Falls,MT,USA,https://allthings.umphreys.com/setlists/umphreys-mcgee-march-13-2025-the-newberry-great-falls-mt-usa.html
Eat,1,1,1,,03/14/2025,Spokane Live,Airway Heights,WA,USA,https://allthings.umphreys.com/setlists/umphreys-mcgee-march-14-2025-spokane-live-airway-heights-wa-usa.html
Bridgeless-,1,2,2,,03/14/2025,Spokane Live,Airway Heights,WA,USA,https://allthings.umphreys.com/setlists/umphreys-mcgee-march-14-2025-spokane-live-airway-heights-wa-usa.html
Pure Saturation,1,3,3,,03/14/2025,Spokane Live,Airway Heights,WA,USA,https://allthings.umphreys.com/setlists/umphreys-mcgee-march-14-2025-spokane-live-airway-heights-wa-usa.html
Phil's Farm,1,4,4,,03/14/2025,Spokane Live,Airway Heights,WA,USA,https://allthings.umphreys.com/setlists/umphreys-mcgee-march-14-2025-spokane-live-airway-heights-wa-usa.html
Hourglass,1,5,5,,03/14/2025,Spokane Live,Airway Heights,WA,USA,https://allthings.umphreys.com/setlists/umphreys-mcgee-march-14-2025-spokane-live-airway-heights-wa-usa.html
August,1,6,6,,03/14/2025,Spokane Live,Airway Heights,WA,USA,https://allthings.umphreys.com/setlists/umphreys-mcgee-march-14-2025-spokane-live-airway-heights-wa-usa.html
Brain Damage,1,7,7,,03/14/2025,Spokane Live,Airway Heights,WA,USA,https://allthings.umphreys.com/setlists/umphreys-mcgee-march-14-2025-spokane-live-airway-heights-wa-usa.html
Eclipse,1,8,8,,03/14/2025,Spokane Live,Airway Heights,WA,USA,https://allthings.umphreys.com/setlists/umphreys-mcgee-march-14-2025-spokane-live-airway-heights-wa-usa.html
White Man's Moccasins,2,1,9,,03/14/2025,Spokane Live,Airway Heights,WA,USA,https://allthings.umphreys.com/setlists/umphreys-mcgee-march-14-2025-spokane-live-airway-heights-wa-usa.html
It Doesn't Matter,2,2,10,,03/14/2025,Spokane Live,Airway Heights,WA,USA,https://allthings.umphreys.com/setlists/umphreys-mcgee-march-14-2025-spokane-live-airway-heights-wa-usa.html
Higgins,2,3,11,,03/14/2025,Spokane Live,Airway Heights,WA,USA,https://allthings.umphreys.com/setlists/umphreys-mcgee-march-14-2025-spokane-live-airway-heights-wa-usa.html
Hajimemashite,2,4,12,,03/14/2025,Spokane Live,Airway Heights,WA,USA,https://allthings.umphreys.com/setlists/umphreys-mcgee-march-14-2025-spokane-live-airway-heights-wa-usa.html
Night Nurse,2,5,13,,03/14/2025,Spokane Live,Airway Heights,WA,USA,https://allthings.umphreys.com/setlists/umphreys-mcgee-march-14-2025-spokane-live-airway-heights-wa-usa.html
Booth Love,2,6,14,,03/14/2025,Spokane Live,Airway Heights,WA,USA,https://allthings.umphreys.com/setlists/umphreys-mcgee-march-14-2025-spokane-live-airway-heights-wa-usa.html
Bridgeless,2,7,15,,03/14/2025,Spokane Live,Airway Heights,WA,USA,https://allthings.umphreys.com/setlists/umphreys-mcgee-march-14-2025-spokane-live-airway-heights-wa-usa.html
Reelin' in the Years,E,1,16,,03/14/2025,Spokane Live,Airway Heights,WA,USA,https://allthings.umphreys.com/setlists/umphreys-mcgee-march-14-2025-spokane-live-airway-heights-wa-usa.html
Triangle Tear,1,1,1,,03/15/2025,Treefort Music Hall,Boise,ID,USA,https://allthings.umphreys.com/setlists/umphreys-mcgee-march-15-2025-treefort-music-hall-boise-id-usa.html
Nothing Too Fancy,1,2,2,,03/15/2025,Treefort Music Hall,Boise,ID,USA,https://allthings.umphreys.com/setlists/umphreys-mcgee-march-15-2025-treefort-music-hall-boise-id-usa.html
It's Not Your Fault,1,3,3,,03/15/2025,Treefort Music Hall,Boise,ID,USA,https://allthings.umphreys.com/setlists/umphreys-mcgee-march-15-2025-treefort-music-hall-boise-id-usa.html
Domino Theory,1,4,4,,03/15/2025,Treefort Music Hall,Boise,ID,USA,https://allthings.umphreys.com/setlists/umphreys-mcgee-march-15-2025-treefort-music-hall-boise-id-usa.html
Speak Up-,1,5,5,,03/15/2025,Treefort Music Hall,Boise,ID,USA,https://allthings.umphreys.com/setlists/umphreys-mcgee-march-15-2025-treefort-music-hall-boise-id-usa.html
Go to Hell,1,6,6,,03/15/2025,Treefort Music Hall,Boise,ID,USA,https://allthings.umphreys.com/setlists/umphreys-mcgee-march-15-2025-treefort-music-hall-boise-id-usa.html
No Excuses,1,7,7,,03/15/2025,Treefort Music Hall,Boise,ID,USA,https://allthings.umphreys.com/setlists/umphreys-mcgee-march-15-2025-treefort-music-hall-boise-id-usa.html
Comma Later,1,8,8,,03/15/2025,Treefort Music Hall,Boise,ID,USA,https://allthings.umphreys.com/setlists/umphreys-mcgee-march-15-2025-treefort-music-hall-boise-id-usa.html
Nothing Too Fancy,1,9,9,,03/15/2025,Treefort Music Hall,Boise,ID,USA,https://allthings.umphreys.com/setlists/umphreys-mcgee-march-15-2025-treefort-music-hall-boise-id-usa.html
Preamble,2,1,10,,03/15/2025,Treefort Music Hall,Boise,ID,USA,https://allthings.umphreys.com/setlists/umphreys-mcgee-march-15-2025-treefort-music-hall-boise-id-usa.html
Mantis,2,2,11,,03/15/2025,Treefort Music Hall,Boise,ID,USA,https://allthings.umphreys.com/setlists/umphreys-mcgee-march-15-2025-treefort-music-hall-boise-id-usa.html
Remind Me,2,3,12,,03/15/2025,Treefort Music Hall,Boise,ID,USA,https://allthings.umphreys.com/setlists/umphreys-mcgee-march-15-2025-treefort-music-hall-boise-id-usa.html
Ringo,2,4,13,"with Pipeline (The Chantays) and Hang Up Your Hang Ups (Herbie Hancock) jams, and In My Time of Dying (Led Zeppelin) jam and tease",03/15/2025,Treefort Music Hall,Boise,ID,USA,https://allthings.umphreys.com/setlists/umphreys-mcgee-march-15-2025-treefort-music-hall-boise-id-usa.html
Mantis,2,5,14,,03/15/2025,Treefort Music Hall,Boise,ID,USA,https://allthings.umphreys.com/setlists/umphreys-mcgee-march-15-2025-treefort-music-hall-boise-id-usa.html
Attachments,2,6,15,with Funkytown (Lipps Inc.) teases and Car (Gary Numan) teases and quotes,03/15/2025,Treefort Music Hall,Boise,ID,USA,https://allthings.umphreys.com/setlists/umphreys-mcgee-march-15-2025-treefort-music-hall-boise-id-usa.html
Hindsight,2,7,16,,03/15/2025,Treefort Music Hall,Boise,ID,USA,https://allthings.umphreys.com/setlists/umphreys-mcgee-march-15-2025-treefort-music-hall-boise-id-usa.html
Glory,2,8,17,,03/15/2025,Treefort Music Hall,Boise,ID,USA,https://allthings.umphreys.com/setlists/umphreys-mcgee-march-15-2025-treefort-music-hall-boise-id-usa.html
Come As Your Kids,E,1,18,,03/15/2025,Treefort Music Hall,Boise,ID,USA,https://allthings.umphreys.com/setlists/umphreys-mcgee-march-15-2025-treefort-music-hall-boise-id-usa.html
In The Black,1,1,1,,03/19/2025,McNear's Mystic Theatre,Petaluma,CA,USA,https://allthings.umphreys.com/setlists/umphreys-mcgee-march-19-2025-mcnear039s-mystic-theatre-petaluma-ca-usa.html
Miss Tinkle's Overture,1,2,2,,03/19/2025,McNear's Mystic Theatre,Petaluma,CA,USA,https://allthings.umphreys.com/setlists/umphreys-mcgee-march-19-2025-mcnear039s-mystic-theatre-petaluma-ca-usa.html
Fenced In,1,3,3,,03/19/2025,McNear's Mystic Theatre,Petaluma,CA,USA,https://allthings.umphreys.com/setlists/umphreys-mcgee-march-19-2025-mcnear039s-mystic-theatre-petaluma-ca-usa.html
New Wings,1,4,4,,03/19/2025,McNear's Mystic Theatre,Petaluma,CA,USA,https://allthings.umphreys.com/setlists/umphreys-mcgee-march-19-2025-mcnear039s-mystic-theatre-petaluma-ca-usa.html
Hurt Bird Bath,1,5,5,,03/19/2025,McNear's Mystic Theatre,Petaluma,CA,USA,https://allthings.umphreys.com/setlists/umphreys-mcgee-march-19-2025-mcnear039s-mystic-theatre-petaluma-ca-usa.html
Ocean Billy,1,6,6,,03/19/2025,McNear's Mystic Theatre,Petaluma,CA,USA,https://allthings.umphreys.com/setlists/umphreys-mcgee-march-19-2025-mcnear039s-mystic-theatre-petaluma-ca-usa.html
Liberty Echo,2,1,7,,03/19/2025,McNear's Mystic Theatre,Petaluma,CA,USA,https://allthings.umphreys.com/setlists/umphreys-mcgee-march-19-2025-mcnear039s-mystic-theatre-petaluma-ca-usa.html
All In Time,2,2,8,,03/19/2025,McNear's Mystic Theatre,Petaluma,CA,USA,https://allthings.umphreys.com/setlists/umphreys-mcgee-march-19-2025-mcnear039s-mystic-theatre-petaluma-ca-usa.html
Concessions,2,3,9,,03/19/2025,McNear's Mystic Theatre,Petaluma,CA,USA,https://allthings.umphreys.com/setlists/umphreys-mcgee-march-19-2025-mcnear039s-mystic-theatre-petaluma-ca-usa.html
Daffodils,2,4,10,,03/19/2025,McNear's Mystic Theatre,Petaluma,CA,USA,https://allthings.umphreys.com/setlists/umphreys-mcgee-march-19-2025-mcnear039s-mystic-theatre-petaluma-ca-usa.html
Cut the Cable,2,5,11,,03/19/2025,McNear's Mystic Theatre,Petaluma,CA,USA,https://allthings.umphreys.com/setlists/umphreys-mcgee-march-19-2025-mcnear039s-mystic-theatre-petaluma-ca-usa.html
Escape Goat,2,6,12,,03/19/2025,McNear's Mystic Theatre,Petaluma,CA,USA,https://allthings.umphreys.com/setlists/umphreys-mcgee-march-19-2025-mcnear039s-mystic-theatre-petaluma-ca-usa.html
All In Time,2,7,13,,03/19/2025,McNear's Mystic Theatre,Petaluma,CA,USA,https://allthings.umphreys.com/setlists/umphreys-mcgee-march-19-2025-mcnear039s-mystic-theatre-petaluma-ca-usa.html
Sultans of Swing,E,1,14,,03/19/2025,McNear's Mystic Theatre,Petaluma,CA,USA,https://allthings.umphreys.com/setlists/umphreys-mcgee-march-19-2025-mcnear039s-mystic-theatre-petaluma-ca-usa.html
You Got the Wrong Guy,1,1,1,,03/20/2025,Ace of Spades,Sacramento,CA,USA,https://allthings.umphreys.com/setlists/umphreys-mcgee-march-20-2025-ace-of-spades-sacramento-ca-usa.html
Mulche's Odyssey,1,2,2,,03/20/2025,Ace of Spades,Sacramento,CA,USA,https://allthings.umphreys.com/setlists/umphreys-mcgee-march-20-2025-ace-of-spades-sacramento-ca-usa.html
Resolution,1,3,3,,03/20/2025,Ace of Spades,Sacramento,CA,USA,https://allthings.umphreys.com/setlists/umphreys-mcgee-march-20-2025-ace-of-spades-sacramento-ca-usa.html
Sociable Jimmy,1,4,4,,03/20/2025,Ace of Spades,Sacramento,CA,USA,https://allthings.umphreys.com/setlists/umphreys-mcgee-march-20-2025-ace-of-spades-sacramento-ca-usa.html
Maybe Someday,1,5,5,,03/20/2025,Ace of Spades,Sacramento,CA,USA,https://allthings.umphreys.com/setlists/umphreys-mcgee-march-20-2025-ace-of-spades-sacramento-ca-usa.html
Flying,1,6,6,,03/20/2025,Ace of Spades,Sacramento,CA,USA,https://allthings.umphreys.com/setlists/umphreys-mcgee-march-20-2025-ace-of-spades-sacramento-ca-usa.html
Draconian,1,7,7,,03/20/2025,Ace of Spades,Sacramento,CA,USA,https://allthings.umphreys.com/setlists/umphreys-mcgee-march-20-2025-ace-of-spades-sacramento-ca-usa.html
Making Flippy Floppy,1,8,8,,03/20/2025,Ace of Spades,Sacramento,CA,USA,https://allthings.umphreys.com/setlists/umphreys-mcgee-march-20-2025-ace-of-spades-sacramento-ca-usa.html
Wappy Sprayberry,2,1,9,,03/20/2025,Ace of Spades,Sacramento,CA,USA,https://allthings.umphreys.com/setlists/umphreys-mcgee-march-20-2025-ace-of-spades-sacramento-ca-usa.html
40's Theme,2,2,10,,03/20/2025,Ace of Spades,Sacramento,CA,USA,https://allthings.umphreys.com/setlists/umphreys-mcgee-march-20-2025-ace-of-spades-sacramento-ca-usa.html
Bridgeless,2,3,11,,03/20/2025,Ace of Spades,Sacramento,CA,USA,https://allthings.umphreys.com/setlists/umphreys-mcgee-march-20-2025-ace-of-spades-sacramento-ca-usa.html
Prowler,2,4,12,,03/20/2025,Ace of Spades,Sacramento,CA,USA,https://allthings.umphreys.com/setlists/umphreys-mcgee-march-20-2025-ace-of-spades-sacramento-ca-usa.html
Cheap Sunglasses,2,5,13,,03/20/2025,Ace of Spades,Sacramento,CA,USA,https://allthings.umphreys.com/setlists/umphreys-mcgee-march-20-2025-ace-of-spades-sacramento-ca-usa.html
Bridgeless,2,6,14,,03/20/2025,Ace of Spades,Sacramento,CA,USA,https://allthings.umphreys.com/setlists/umphreys-mcgee-march-20-2025-ace-of-spades-sacramento-ca-usa.html
End of the Road,2,7,15,,03/20/2025,Ace of Spades,Sacramento,CA,USA,https://allthings.umphreys.com/setlists/umphreys-mcgee-march-20-2025-ace-of-spades-sacramento-ca-usa.html
The Triple Wide,2,8,16,with Stairway to Heaven (Led Zeppelin) tease,03/20/2025,Ace of Spades,Sacramento,CA,USA,https://allthings.umphreys.com/setlists/umphreys-mcgee-march-20-2025-ace-of-spades-sacramento-ca-usa.html
JaJunk,E,1,17,,03/20/2025,Ace of Spades,Sacramento,CA,USA,https://allthings.umphreys.com/setlists/umphreys-mcgee-march-20-2025-ace-of-spades-sacramento-ca-usa.html
Small Strides,1,1,1,,03/21/2025,The Observatory North Park,San Diego,CA,USA,https://allthings.umphreys.com/setlists/umphreys-mcgee-march-21-2025-the-observatory-north-park-san-diego-ca-usa.html
Made to Measure,1,2,2,,03/21/2025,The Observatory North Park,San Diego,CA,USA,https://allthings.umphreys.com/setlists/umphreys-mcgee-march-21-2025-the-observatory-north-park-san-diego-ca-usa.html
Turn & Run,1,3,3,,03/21/2025,The Observatory North Park,San Diego,CA,USA,https://allthings.umphreys.com/setlists/umphreys-mcgee-march-21-2025-the-observatory-north-park-san-diego-ca-usa.html
Seasons,1,4,4,,03/21/2025,The Observatory North Park,San Diego,CA,USA,https://allthings.umphreys.com/setlists/umphreys-mcgee-march-21-2025-the-observatory-north-park-san-diego-ca-usa.html
Make It Right,1,5,5,,03/21/2025,The Observatory North Park,San Diego,CA,USA,https://allthings.umphreys.com/setlists/umphreys-mcgee-march-21-2025-the-observatory-north-park-san-diego-ca-usa.html
Cemetery Walk,1,6,6,,03/21/2025,The Observatory North Park,San Diego,CA,USA,https://allthings.umphreys.com/setlists/umphreys-mcgee-march-21-2025-the-observatory-north-park-san-diego-ca-usa.html
Cemetery Walk II,1,7,7,,03/21/2025,The Observatory North Park,San Diego,CA,USA,https://allthings.umphreys.com/setlists/umphreys-mcgee-march-21-2025-the-observatory-north-park-san-diego-ca-usa.html
Slacker,2,1,8,,03/21/2025,The Observatory North Park,San Diego,CA,USA,https://allthings.umphreys.com/setlists/umphreys-mcgee-march-21-2025-the-observatory-north-park-san-diego-ca-usa.html
Booth Love,2,2,9,,03/21/2025,The Observatory North Park,San Diego,CA,USA,https://allthings.umphreys.com/setlists/umphreys-mcgee-march-21-2025-the-observatory-north-park-san-diego-ca-usa.html
The Floor,2,3,10,,03/21/2025,The Observatory North Park,San Diego,CA,USA,https://allthings.umphreys.com/setlists/umphreys-mcgee-march-21-2025-the-observatory-north-park-san-diego-ca-usa.html
The Crooked One,2,4,11,,03/21/2025,The Observatory North Park,San Diego,CA,USA,https://allthings.umphreys.com/setlists/umphreys-mcgee-march-21-2025-the-observatory-north-park-san-diego-ca-usa.html
Life During Exodus,2,5,12,with Back in Black (AC/DC) teases,03/21/2025,The Observatory North Park,San Diego,CA,USA,https://allthings.umphreys.com/setlists/umphreys-mcgee-march-21-2025-the-observatory-north-park-san-diego-ca-usa.html
Out of Focus,2,6,13,,03/21/2025,The Observatory North Park,San Diego,CA,USA,https://allthings.umphreys.com/setlists/umphreys-mcgee-march-21-2025-the-observatory-north-park-san-diego-ca-usa.html
Help On the Way,E,1,14,,03/21/2025,The Observatory North Park,San Diego,CA,USA,https://allthings.umphreys.com/setlists/umphreys-mcgee-march-21-2025-the-observatory-north-park-san-diego-ca-usa.html
Slipknot!,E,2,15,,03/21/2025,The Observatory North Park,San Diego,CA,USA,https://allthings.umphreys.com/setlists/umphreys-mcgee-march-21-2025-the-observatory-north-park-san-diego-ca-usa.html
Staircase-,1,1,1,,03/22/2025,The Observatory,Santa Ana,CA,USA,https://allthings.umphreys.com/setlists/umphreys-mcgee-march-22-2025-the-observatory-santa-ana-ca-usa.html
2nd Self,1,2,2,,03/22/2025,The Observatory,Santa Ana,CA,USA,https://allthings.umphreys.com/setlists/umphreys-mcgee-march-22-2025-the-observatory-santa-ana-ca-usa.html
Wide Open,1,3,3,,03/22/2025,The Observatory,Santa Ana,CA,USA,https://allthings.umphreys.com/setlists/umphreys-mcgee-march-22-2025-the-observatory-santa-ana-ca-usa.html
The Linear,1,4,4,,03/22/2025,The Observatory,Santa Ana,CA,USA,https://allthings.umphreys.com/setlists/umphreys-mcgee-march-22-2025-the-observatory-santa-ana-ca-usa.html
Wellwishers,1,5,5,,03/22/2025,The Observatory,Santa Ana,CA,USA,https://allthings.umphreys.com/setlists/umphreys-mcgee-march-22-2025-the-observatory-santa-ana-ca-usa.html
Day Nurse,1,6,6,with Working Day and Night (Michael Jackson) teases,03/22/2025,The Observatory,Santa Ana,CA,USA,https://allthings.umphreys.com/setlists/umphreys-mcgee-march-22-2025-the-observatory-santa-ana-ca-usa.html
Kashmir,1,7,7,,03/22/2025,The Observatory,Santa Ana,CA,USA,https://allthings.umphreys.com/setlists/umphreys-mcgee-march-22-2025-the-observatory-santa-ana-ca-usa.html
Puppet String,2,1,8,,03/22/2025,The Observatory,Santa Ana,CA,USA,https://allthings.umphreys.com/setlists/umphreys-mcgee-march-22-2025-the-observatory-santa-ana-ca-usa.html
Looks,2,2,9,,03/22/2025,The Observatory,Santa Ana,CA,USA,https://allthings.umphreys.com/setlists/umphreys-mcgee-march-22-2025-the-observatory-santa-ana-ca-usa.html
The Silent Type,2,3,10,,03/22/2025,The Observatory,Santa Ana,CA,USA,https://allthings.umphreys.com/setlists/umphreys-mcgee-march-22-2025-the-observatory-santa-ana-ca-usa.html
2x2,2,4,11,with Feels So Good (Chuck Mangione) tease,03/22/2025,The Observatory,Santa Ana,CA,USA,https://allthings.umphreys.com/setlists/umphreys-mcgee-march-22-2025-the-observatory-santa-ana-ca-usa.html
Puppet String,2,5,12,,03/22/2025,The Observatory,Santa Ana,CA,USA,https://allthings.umphreys.com/setlists/umphreys-mcgee-march-22-2025-the-observatory-santa-ana-ca-usa.html
Much Obliged,2,6,13,with Voodoo Child (Slight Return) (Jimi Hendrix) tease,03/22/2025,The Observatory,Santa Ana,CA,USA,https://allthings.umphreys.com/setlists/umphreys-mcgee-march-22-2025-the-observatory-santa-ana-ca-usa.html
Wizard Burial Ground,2,7,14,,03/22/2025,The Observatory,Santa Ana,CA,USA,https://allthings.umphreys.com/setlists/umphreys-mcgee-march-22-2025-the-observatory-santa-ana-ca-usa.html
Come Closer,E,1,15,,03/22/2025,The Observatory,Santa Ana,CA,USA,https://allthings.umphreys.com/setlists/umphreys-mcgee-march-22-2025-the-observatory-santa-ana-ca-usa.html
Nipple Trix,1,1,1,,04/04/2025,Ryman Auditorium,Nashville,TN,USA,https://allthings.umphreys.com/setlists/umphreys-mcgee-april-4-2025-ryman-auditorium-nashville-tn-usa.html
Preamble,1,2,2,,04/04/2025,Ryman Auditorium,Nashville,TN,USA,https://allthings.umphreys.com/setlists/umphreys-mcgee-april-4-2025-ryman-auditorium-nashville-tn-usa.html
Mantis Ghetts,1,3,3,,04/04/2025,Ryman Auditorium,Nashville,TN,USA,https://allthings.umphreys.com/setlists/umphreys-mcgee-april-4-2025-ryman-auditorium-nashville-tn-usa.html
Mantis,1,4,4,with All Things Ninja jam,04/04/2025,Ryman Auditorium,Nashville,TN,USA,https://allthings.umphreys.com/setlists/umphreys-mcgee-april-4-2025-ryman-auditorium-nashville-tn-usa.html
Bridgeless,2,1,5,unfinished,04/04/2025,Ryman Auditorium,Nashville,TN,USA,https://allthings.umphreys.com/setlists/umphreys-mcgee-april-4-2025-ryman-auditorium-nashville-tn-usa.html
Slacker,2,2,6,,04/04/2025,Ryman Auditorium,Nashville,TN,USA,https://allthings.umphreys.com/setlists/umphreys-mcgee-april-4-2025-ryman-auditorium-nashville-tn-usa.html
Maybe Someday,2,3,7,,04/04/2025,Ryman Auditorium,Nashville,TN,USA,https://allthings.umphreys.com/setlists/umphreys-mcgee-april-4-2025-ryman-auditorium-nashville-tn-usa.html
Miss Tinkle's Overture,2,4,8,unfinished,04/04/2025,Ryman Auditorium,Nashville,TN,USA,https://allthings.umphreys.com/setlists/umphreys-mcgee-april-4-2025-ryman-auditorium-nashville-tn-usa.html
In The Kitchen,2,5,9,with Anders Beck on dobro,04/04/2025,Ryman Auditorium,Nashville,TN,USA,https://allthings.umphreys.com/setlists/umphreys-mcgee-april-4-2025-ryman-auditorium-nashville-tn-usa.html
Them Changes,2,6,10,with Grace Bowers on guitar,04/04/2025,Ryman Auditorium,Nashville,TN,USA,https://allthings.umphreys.com/setlists/umphreys-mcgee-april-4-2025-ryman-auditorium-nashville-tn-usa.html
Lenny,2,7,11,with Grace Bowers on guitar,04/04/2025,Ryman Auditorium,Nashville,TN,USA,https://allthings.umphreys.com/setlists/umphreys-mcgee-april-4-2025-ryman-auditorium-nashville-tn-usa.html
"Don't Think Twice, It's All Right",3,1,12,"debut, Bob Dylan (Waylon Jennings arrangement); with Sam Bush on fiddle and Anders Beck on dobro",04/04/2025,Ryman Auditorium,Nashville,TN,USA,https://allthings.umphreys.com/setlists/umphreys-mcgee-april-4-2025-ryman-auditorium-nashville-tn-usa.html
Kaw-Liga,3,2,13,"debut, Hank Williams; with Sam Bush on fiddle and Anders Beck on dobro",04/04/2025,Ryman Auditorium,Nashville,TN,USA,https://allthings.umphreys.com/setlists/umphreys-mcgee-april-4-2025-ryman-auditorium-nashville-tn-usa.html
Mammas Don't Let Your Babies Grow Up to Be Cowboys,3,3,14,"debut, Ed Bruce (Waylon Jennings and Willie Nelson arrangement); with Sam Bush on fiddle and Kurt Ozan on steel guitar",04/04/2025,Ryman Auditorium,Nashville,TN,USA,https://allthings.umphreys.com/setlists/umphreys-mcgee-april-4-2025-ryman-auditorium-nashville-tn-usa.html
I Know a Little,3,4,15,"debut, Lynyrd Skynyrd",04/04/2025,Ryman Auditorium,Nashville,TN,USA,https://allthings.umphreys.com/setlists/umphreys-mcgee-april-4-2025-ryman-auditorium-nashville-tn-usa.html
Me and My Uncle,3,5,16,"debut, John Phillips (Grateful Dead arrangement); with Sam Bush on fiddle and Kurt Ozan on steel guitar",04/04/2025,Ryman Auditorium,Nashville,TN,USA,https://allthings.umphreys.com/setlists/umphreys-mcgee-april-4-2025-ryman-auditorium-nashville-tn-usa.html
Whiskey River,3,6,17,"debut, Johnny Bush (Willie Nelson arrangement); with Sam Bush on fiddle and Anders Beck on dobro",04/04/2025,Ryman Auditorium,Nashville,TN,USA,https://allthings.umphreys.com/setlists/umphreys-mcgee-april-4-2025-ryman-auditorium-nashville-tn-usa.html
Angel from Montgomery,3,7,18,"debut, John Prine (Bonnie Raitt arrangement); with Sam Bush on fiddle, Anders Beck on dobro, Kurt Ozan on steel guitar, and Jennifer Hartswick on vocals",04/04/2025,Ryman Auditorium,Nashville,TN,USA,https://allthings.umphreys.com/setlists/umphreys-mcgee-april-4-2025-ryman-auditorium-nashville-tn-usa.html
9 to 5,3,8,19,"debut, Dolly Parton; with Anders Beck on dobro and Jennifer Hartswick on vocals; Sam Bush joined in post song jam on fiddle",04/04/2025,Ryman Auditorium,Nashville,TN,USA,https://allthings.umphreys.com/setlists/umphreys-mcgee-april-4-2025-ryman-auditorium-nashville-tn-usa.html
Call to Arms,3,9,20,"with Sam Bush on fiddle, Anders Beck on dobro, Kurt Ozan on steel guitar, and Jennifer Hartswick on trumpet",04/04/2025,Ryman Auditorium,Nashville,TN,USA,https://allthings.umphreys.com/setlists/umphreys-mcgee-april-4-2025-ryman-auditorium-nashville-tn-usa.html
Bullhead City,E,1,21,"with Anders Beck on dobro, Kurt Ozan on steel guitar, and Jennifer Hartswick on vocals",04/04/2025,Ryman Auditorium,Nashville,TN,USA,https://allthings.umphreys.com/setlists/umphreys-mcgee-april-4-2025-ryman-auditorium-nashville-tn-usa.html
Up on Cripple Creek,E,2,22,"with Sam Bush on mandolin and vocals, Anders Beck on dobro, and Jennifer Hartswick on vocals",04/04/2025,Ryman Auditorium,Nashville,TN,USA,https://allthings.umphreys.com/setlists/umphreys-mcgee-april-4-2025-ryman-auditorium-nashville-tn-usa.html
Deep Ocean,1,1,1,,04/05/2025,Ryman Auditorium,Nashville,TN,USA,https://allthings.umphreys.com/setlists/umphreys-mcgee-april-5-2025-ryman-auditorium-nashville-tn-usa.html
Magic,1,2,2,,04/05/2025,Ryman Auditorium,Nashville,TN,USA,https://allthings.umphreys.com/setlists/umphreys-mcgee-april-5-2025-ryman-auditorium-nashville-tn-usa.html
Elements of Nature,1,3,3,,04/05/2025,Ryman Auditorium,Nashville,TN,USA,https://allthings.umphreys.com/setlists/umphreys-mcgee-april-5-2025-ryman-auditorium-nashville-tn-usa.html
Dreams/Nightmares,1,4,4,,04/05/2025,Ryman Auditorium,Nashville,TN,USA,https://allthings.umphreys.com/setlists/umphreys-mcgee-april-5-2025-ryman-auditorium-nashville-tn-usa.html
Space,1,5,5,,04/05/2025,Ryman Auditorium,Nashville,TN,USA,https://allthings.umphreys.com/setlists/umphreys-mcgee-april-5-2025-ryman-auditorium-nashville-tn-usa.html
Jekyll & Hyde,2,1,6,,04/05/2025,Ryman Auditorium,Nashville,TN,USA,https://allthings.umphreys.com/setlists/umphreys-mcgee-april-5-2025-ryman-auditorium-nashville-tn-usa.html
Puppet String,2,2,7,unfinished,04/05/2025,Ryman Auditorium,Nashville,TN,USA,https://allthings.umphreys.com/setlists/umphreys-mcgee-april-5-2025-ryman-auditorium-nashville-tn-usa.html
Ringo,2,3,8,,04/05/2025,Ryman Auditorium,Nashville,TN,USA,https://allthings.umphreys.com/setlists/umphreys-mcgee-april-5-2025-ryman-auditorium-nashville-tn-usa.html
Visions,2,4,9,,04/05/2025,Ryman Auditorium,Nashville,TN,USA,https://allthings.umphreys.com/setlists/umphreys-mcgee-april-5-2025-ryman-auditorium-nashville-tn-usa.html
Nopener,2,5,10,,04/05/2025,Ryman Auditorium,Nashville,TN,USA,https://allthings.umphreys.com/setlists/umphreys-mcgee-april-5-2025-ryman-auditorium-nashville-tn-usa.html
Mullet (Over),2,6,11,,04/05/2025,Ryman Auditorium,Nashville,TN,USA,https://allthings.umphreys.com/setlists/umphreys-mcgee-april-5-2025-ryman-auditorium-nashville-tn-usa.html
Wappy Sprayberry,2,7,12,,04/05/2025,Ryman Auditorium,Nashville,TN,USA,https://allthings.umphreys.com/setlists/umphreys-mcgee-april-5-2025-ryman-auditorium-nashville-tn-usa.html
Plunger,2,8,13,ending only,04/05/2025,Ryman Auditorium,Nashville,TN,USA,https://allthings.umphreys.com/setlists/umphreys-mcgee-april-5-2025-ryman-auditorium-nashville-tn-usa.html
Believe the Lie,3,1,14,"with ""Take It to Church"" jam",04/05/2025,Ryman Auditorium,Nashville,TN,USA,https://allthings.umphreys.com/setlists/umphreys-mcgee-april-5-2025-ryman-auditorium-nashville-tn-usa.html
Soul Food II,3,2,15,ended with 50 Ways to Leave Your Lover (Paul Simon) tease,04/05/2025,Ryman Auditorium,Nashville,TN,USA,https://allthings.umphreys.com/setlists/umphreys-mcgee-april-5-2025-ryman-auditorium-nashville-tn-usa.html
Phil's Farm,3,3,16,with Matt Menefee on banjo,04/05/2025,Ryman Auditorium,Nashville,TN,USA,https://allthings.umphreys.com/setlists/umphreys-mcgee-april-5-2025-ryman-auditorium-nashville-tn-usa.html
No Diablo,3,4,17,,04/05/2025,Ryman Auditorium,Nashville,TN,USA,https://allthings.umphreys.com/setlists/umphreys-mcgee-april-5-2025-ryman-auditorium-nashville-tn-usa.html
Hourglass,3,5,18,,04/05/2025,Ryman Auditorium,Nashville,TN,USA,https://allthings.umphreys.com/setlists/umphreys-mcgee-april-5-2025-ryman-auditorium-nashville-tn-usa.html
Miss Tinkle's Overture,3,6,19,completing the,04/05/2025,Ryman Auditorium,Nashville,TN,USA,https://allthings.umphreys.com/setlists/umphreys-mcgee-april-5-2025-ryman-auditorium-nashville-tn-usa.html
When the World Is Running Down You Make the Best of What's Still Around,E,1,20,with Matt Menefee on banjo and No Quarter (Led Zeppelin) quote,04/05/2025,Ryman Auditorium,Nashville,TN,USA,https://allthings.umphreys.com/setlists/umphreys-mcgee-april-5-2025-ryman-auditorium-nashville-tn-usa.html
Bridgeless,E,2,21,completing the,04/05/2025,Ryman Auditorium,Nashville,TN,USA,https://allthings.umphreys.com/setlists/umphreys-mcgee-april-5-2025-ryman-auditorium-nashville-tn-usa.html
Attachments,1,1,1,,04/18/2025,Villa Marco,Marrakesh,,Morocco,https://allthings.umphreys.com/setlists/umphreys-mcgee-april-18-2025-villa-marco-marrakesh-morocco.html
Small Strides,1,2,2,,04/18/2025,Villa Marco,Marrakesh,,Morocco,https://allthings.umphreys.com/setlists/umphreys-mcgee-april-18-2025-villa-marco-marrakesh-morocco.html
The Linear,1,3,3,,04/18/2025,Villa Marco,Marrakesh,,Morocco,https://allthings.umphreys.com/setlists/umphreys-mcgee-april-18-2025-villa-marco-marrakesh-morocco.html
Loose Ends,1,4,4,,04/18/2025,Villa Marco,Marrakesh,,Morocco,https://allthings.umphreys.com/setlists/umphreys-mcgee-april-18-2025-villa-marco-marrakesh-morocco.html
Mantis,1,5,5,,04/18/2025,Villa Marco,Marrakesh,,Morocco,https://allthings.umphreys.com/setlists/umphreys-mcgee-april-18-2025-villa-marco-marrakesh-morocco.html
Water,1,6,6,,04/18/2025,Villa Marco,Marrakesh,,Morocco,https://allthings.umphreys.com/setlists/umphreys-mcgee-april-18-2025-villa-marco-marrakesh-morocco.html
Mantis,1,7,7,,04/18/2025,Villa Marco,Marrakesh,,Morocco,https://allthings.umphreys.com/setlists/umphreys-mcgee-april-18-2025-villa-marco-marrakesh-morocco.html
Bad Friday,2,1,8,,04/18/2025,Villa Marco,Marrakesh,,Morocco,https://allthings.umphreys.com/setlists/umphreys-mcgee-april-18-2025-villa-marco-marrakesh-morocco.html
Gulf Stream,2,2,9,,04/18/2025,Villa Marco,Marrakesh,,Morocco,https://allthings.umphreys.com/setlists/umphreys-mcgee-april-18-2025-villa-marco-marrakesh-morocco.html
All In Time,2,3,10,unfinished,04/18/2025,Villa Marco,Marrakesh,,Morocco,https://allthings.umphreys.com/setlists/umphreys-mcgee-april-18-2025-villa-marco-marrakesh-morocco.html
Cemetery Walk,2,4,11,,04/18/2025,Villa Marco,Marrakesh,,Morocco,https://allthings.umphreys.com/setlists/umphreys-mcgee-april-18-2025-villa-marco-marrakesh-morocco.html
Cemetery Walk II,2,5,12,,04/18/2025,Villa Marco,Marrakesh,,Morocco,https://allthings.umphreys.com/setlists/umphreys-mcgee-april-18-2025-villa-marco-marrakesh-morocco.html
Higgins,2,6,13,,04/18/2025,Villa Marco,Marrakesh,,Morocco,https://allthings.umphreys.com/setlists/umphreys-mcgee-april-18-2025-villa-marco-marrakesh-morocco.html
Wappy Sprayberry,2,7,14,,04/18/2025,Villa Marco,Marrakesh,,Morocco,https://allthings.umphreys.com/setlists/umphreys-mcgee-april-18-2025-villa-marco-marrakesh-morocco.html
Kashmir,E,1,15,,04/18/2025,Villa Marco,Marrakesh,,Morocco,https://allthings.umphreys.com/setlists/umphreys-mcgee-april-18-2025-villa-marco-marrakesh-morocco.html
Get In The Van,1,1,1,,04/19/2025,Villa Marco,Marrakesh,,Morocco,https://allthings.umphreys.com/setlists/umphreys-mcgee-april-19-2025-villa-marco-marrakesh-morocco.html
Mad Love,1,2,2,,04/19/2025,Villa Marco,Marrakesh,,Morocco,https://allthings.umphreys.com/setlists/umphreys-mcgee-april-19-2025-villa-marco-marrakesh-morocco.html
The Haunt,1,3,3,,04/19/2025,Villa Marco,Marrakesh,,Morocco,https://allthings.umphreys.com/setlists/umphreys-mcgee-april-19-2025-villa-marco-marrakesh-morocco.html
Den,1,4,4,,04/19/2025,Villa Marco,Marrakesh,,Morocco,https://allthings.umphreys.com/setlists/umphreys-mcgee-april-19-2025-villa-marco-marrakesh-morocco.html
Intentions Clear,1,5,5,,04/19/2025,Villa Marco,Marrakesh,,Morocco,https://allthings.umphreys.com/setlists/umphreys-mcgee-april-19-2025-villa-marco-marrakesh-morocco.html
Comma Later,1,6,6,,04/19/2025,Villa Marco,Marrakesh,,Morocco,https://allthings.umphreys.com/setlists/umphreys-mcgee-april-19-2025-villa-marco-marrakesh-morocco.html
Glory,1,1,1,,04/19/2025,Villa Marco,Marrakesh,,Morocco,https://allthings.umphreys.com/setlists/umphreys-mcgee-april-19-2025-villa-marco-marrakesh-morocco-2.html
Front Porch,1,2,2,,04/19/2025,Villa Marco,Marrakesh,,Morocco,https://allthings.umphreys.com/setlists/umphreys-mcgee-april-19-2025-villa-marco-marrakesh-morocco-2.html
Roulette,1,3,3,,04/19/2025,Villa Marco,Marrakesh,,Morocco,https://allthings.umphreys.com/setlists/umphreys-mcgee-april-19-2025-villa-marco-marrakesh-morocco-2.html
Day Nurse,1,4,4,,04/19/2025,Villa Marco,Marrakesh,,Morocco,https://allthings.umphreys.com/setlists/umphreys-mcgee-april-19-2025-villa-marco-marrakesh-morocco-2.html
August,1,5,5,with Bridal Chorus (Wagner) tease,04/19/2025,Villa Marco,Marrakesh,,Morocco,https://allthings.umphreys.com/setlists/umphreys-mcgee-april-19-2025-villa-marco-marrakesh-morocco-2.html
1348,1,6,6,,04/19/2025,Villa Marco,Marrakesh,,Morocco,https://allthings.umphreys.com/setlists/umphreys-mcgee-april-19-2025-villa-marco-marrakesh-morocco-2.html
Rock the Casbah,1,7,7,,04/19/2025,Villa Marco,Marrakesh,,Morocco,https://allthings.umphreys.com/setlists/umphreys-mcgee-april-19-2025-villa-marco-marrakesh-morocco-2.html
Drums,1,8,8,,04/19/2025,Villa Marco,Marrakesh,,Morocco,https://allthings.umphreys.com/setlists/umphreys-mcgee-april-19-2025-villa-marco-marrakesh-morocco-2.html
Concessions,2,1,9,,04/19/2025,Villa Marco,Marrakesh,,Morocco,https://allthings.umphreys.com/setlists/umphreys-mcgee-april-19-2025-villa-marco-marrakesh-morocco-2.html
In the Flesh?,2,2,10,,04/19/2025,Villa Marco,Marrakesh,,Morocco,https://allthings.umphreys.com/setlists/umphreys-mcgee-april-19-2025-villa-marco-marrakesh-morocco-2.html
Another Brick in the Wall,2,3,11,,04/19/2025,Villa Marco,Marrakesh,,Morocco,https://allthings.umphreys.com/setlists/umphreys-mcgee-april-19-2025-villa-marco-marrakesh-morocco-2.html
Crucial Taunt,2,4,12,,04/19/2025,Villa Marco,Marrakesh,,Morocco,https://allthings.umphreys.com/setlists/umphreys-mcgee-april-19-2025-villa-marco-marrakesh-morocco-2.html
Speak Up,2,5,13,,04/19/2025,Villa Marco,Marrakesh,,Morocco,https://allthings.umphreys.com/setlists/umphreys-mcgee-april-19-2025-villa-marco-marrakesh-morocco-2.html
The Triple Wide,2,6,14,,04/19/2025,Villa Marco,Marrakesh,,Morocco,https://allthings.umphreys.com/setlists/umphreys-mcgee-april-19-2025-villa-marco-marrakesh-morocco-2.html
All In Time,2,7,15,completing the,04/19/2025,Villa Marco,Marrakesh,,Morocco,https://allthings.umphreys.com/setlists/umphreys-mcgee-april-19-2025-villa-marco-marrakesh-morocco-2.html
Soul Food I,E,1,16,,04/19/2025,Villa Marco,Marrakesh,,Morocco,https://allthings.umphreys.com/setlists/umphreys-mcgee-april-19-2025-villa-marco-marrakesh-morocco-2.html
The Floor,E,2,17,,04/19/2025,Villa Marco,Marrakesh,,Morocco,https://allthings.umphreys.com/setlists/umphreys-mcgee-april-19-2025-villa-marco-marrakesh-morocco-2.html
Nothing Too Fancy,1,1,1,,04/20/2025,Villa Marco,Marrakesh,,Morocco,https://allthings.umphreys.com/setlists/umphreys-mcgee-april-20-2025-villa-marco-marrakesh-morocco.html
Divisions,1,2,2,,04/20/2025,Villa Marco,Marrakesh,,Morocco,https://allthings.umphreys.com/setlists/umphreys-mcgee-april-20-2025-villa-marco-marrakesh-morocco.html
I Don't Know What I Want,1,3,3,,04/20/2025,Villa Marco,Marrakesh,,Morocco,https://allthings.umphreys.com/setlists/umphreys-mcgee-april-20-2025-villa-marco-marrakesh-morocco.html
Live and Let Die,1,4,4,,04/20/2025,Villa Marco,Marrakesh,,Morocco,https://allthings.umphreys.com/setlists/umphreys-mcgee-april-20-2025-villa-marco-marrakesh-morocco.html
Prowler,1,5,5,,04/20/2025,Villa Marco,Marrakesh,,Morocco,https://allthings.umphreys.com/setlists/umphreys-mcgee-april-20-2025-villa-marco-marrakesh-morocco.html
2x2,1,6,6,,04/20/2025,Villa Marco,Marrakesh,,Morocco,https://allthings.umphreys.com/setlists/umphreys-mcgee-april-20-2025-villa-marco-marrakesh-morocco.html
Sweetness,1,7,7,,04/20/2025,Villa Marco,Marrakesh,,Morocco,https://allthings.umphreys.com/setlists/umphreys-mcgee-april-20-2025-villa-marco-marrakesh-morocco.html
Hurt Bird Bath,1,8,8,,04/20/2025,Villa Marco,Marrakesh,,Morocco,https://allthings.umphreys.com/setlists/umphreys-mcgee-april-20-2025-villa-marco-marrakesh-morocco.html
40's Theme,2,1,9,,04/20/2025,Villa Marco,Marrakesh,,Morocco,https://allthings.umphreys.com/setlists/umphreys-mcgee-april-20-2025-villa-marco-marrakesh-morocco.html
Escape Goat-,2,2,10,,04/20/2025,Villa Marco,Marrakesh,,Morocco,https://allthings.umphreys.com/setlists/umphreys-mcgee-april-20-2025-villa-marco-marrakesh-morocco.html
Divisions,2,3,11,,04/20/2025,Villa Marco,Marrakesh,,Morocco,https://allthings.umphreys.com/setlists/umphreys-mcgee-april-20-2025-villa-marco-marrakesh-morocco.html
Weird Fishes/Arpeggi,2,4,12,,04/20/2025,Villa Marco,Marrakesh,,Morocco,https://allthings.umphreys.com/setlists/umphreys-mcgee-april-20-2025-villa-marco-marrakesh-morocco.html
Miss Tinkle's Overture,2,5,13,,04/20/2025,Villa Marco,Marrakesh,,Morocco,https://allthings.umphreys.com/setlists/umphreys-mcgee-april-20-2025-villa-marco-marrakesh-morocco.html
Booth Love,2,6,14,,04/20/2025,Villa Marco,Marrakesh,,Morocco,https://allthings.umphreys.com/setlists/umphreys-mcgee-april-20-2025-villa-marco-marrakesh-morocco.html
Bittersweet Haj,2,7,15,,04/20/2025,Villa Marco,Marrakesh,,Morocco,https://allthings.umphreys.com/setlists/umphreys-mcgee-april-20-2025-villa-marco-marrakesh-morocco.html
Nothing Too Fancy,2,8,16,,04/20/2025,Villa Marco,Marrakesh,,Morocco,https://allthings.umphreys.com/setlists/umphreys-mcgee-april-20-2025-villa-marco-marrakesh-morocco.html
Puppet String,E,1,17,with Cherub Rock (The Smashing Pumpkins) tease,04/20/2025,Villa Marco,Marrakesh,,Morocco,https://allthings.umphreys.com/setlists/umphreys-mcgee-april-20-2025-villa-marco-marrakesh-morocco.html
Where Is My Mind?,E,2,18,,04/20/2025,Villa Marco,Marrakesh,,Morocco,https://allthings.umphreys.com/setlists/umphreys-mcgee-april-20-2025-villa-marco-marrakesh-morocco.html
Puppet String,E,3,19,,04/20/2025,Villa Marco,Marrakesh,,Morocco,https://allthings.umphreys.com/setlists/umphreys-mcgee-april-20-2025-villa-marco-marrakesh-morocco.html
Andy's Last Beer,1,1,1,,04/25/2025,George's Majestic Lounge,Fayetteville,AR,USA,https://allthings.umphreys.com/setlists/umphreys-mcgee-april-25-2025-georges-majestic-lounge-fayetteville-ar-usa.html
Domino Theory,1,2,2,,04/25/2025,George's Majestic Lounge,Fayetteville,AR,USA,https://allthings.umphreys.com/setlists/umphreys-mcgee-april-25-2025-georges-majestic-lounge-fayetteville-ar-usa.html
The Triple Wide,1,3,3,,04/25/2025,George's Majestic Lounge,Fayetteville,AR,USA,https://allthings.umphreys.com/setlists/umphreys-mcgee-april-25-2025-georges-majestic-lounge-fayetteville-ar-usa.html
2nd Self,1,4,4,,04/25/2025,George's Majestic Lounge,Fayetteville,AR,USA,https://allthings.umphreys.com/setlists/umphreys-mcgee-april-25-2025-georges-majestic-lounge-fayetteville-ar-usa.html
Wide Open,1,5,5,,04/25/2025,George's Majestic Lounge,Fayetteville,AR,USA,https://allthings.umphreys.com/setlists/umphreys-mcgee-april-25-2025-georges-majestic-lounge-fayetteville-ar-usa.html
Syncopated Strangers,1,6,6,,04/25/2025,George's Majestic Lounge,Fayetteville,AR,USA,https://allthings.umphreys.com/setlists/umphreys-mcgee-april-25-2025-georges-majestic-lounge-fayetteville-ar-usa.html
Wellwishers,1,7,7,,04/25/2025,George's Majestic Lounge,Fayetteville,AR,USA,https://allthings.umphreys.com/setlists/umphreys-mcgee-april-25-2025-georges-majestic-lounge-fayetteville-ar-usa.html
Syncopated Strangers,1,8,8,,04/25/2025,George's Majestic Lounge,Fayetteville,AR,USA,https://allthings.umphreys.com/setlists/umphreys-mcgee-april-25-2025-georges-majestic-lounge-fayetteville-ar-usa.html
Message in a Bottle,1,9,9,,04/25/2025,George's Majestic Lounge,Fayetteville,AR,USA,https://allthings.umphreys.com/setlists/umphreys-mcgee-april-25-2025-georges-majestic-lounge-fayetteville-ar-usa.html
Attachments,2,1,10,,04/25/2025,George's Majestic Lounge,Fayetteville,AR,USA,https://allthings.umphreys.com/setlists/umphreys-mcgee-april-25-2025-georges-majestic-lounge-fayetteville-ar-usa.html
Suxity,2,2,11,,04/25/2025,George's Majestic Lounge,Fayetteville,AR,USA,https://allthings.umphreys.com/setlists/umphreys-mcgee-april-25-2025-georges-majestic-lounge-fayetteville-ar-usa.html
Der Bluten Kat,2,3,12,,04/25/2025,George's Majestic Lounge,Fayetteville,AR,USA,https://allthings.umphreys.com/setlists/umphreys-mcgee-april-25-2025-georges-majestic-lounge-fayetteville-ar-usa.html
Africa,2,4,13,,04/25/2025,George's Majestic Lounge,Fayetteville,AR,USA,https://allthings.umphreys.com/setlists/umphreys-mcgee-april-25-2025-georges-majestic-lounge-fayetteville-ar-usa.html
Der Bluten Kat,2,5,14,,04/25/2025,George's Majestic Lounge,Fayetteville,AR,USA,https://allthings.umphreys.com/setlists/umphreys-mcgee-april-25-2025-georges-majestic-lounge-fayetteville-ar-usa.html
Ringo,2,6,15,,04/25/2025,George's Majestic Lounge,Fayetteville,AR,USA,https://allthings.umphreys.com/setlists/umphreys-mcgee-april-25-2025-georges-majestic-lounge-fayetteville-ar-usa.html
Den,2,7,16,,04/25/2025,George's Majestic Lounge,Fayetteville,AR,USA,https://allthings.umphreys.com/setlists/umphreys-mcgee-april-25-2025-georges-majestic-lounge-fayetteville-ar-usa.html
Pay the Snucka,E,1,17,,04/25/2025,George's Majestic Lounge,Fayetteville,AR,USA,https://allthings.umphreys.com/setlists/umphreys-mcgee-april-25-2025-georges-majestic-lounge-fayetteville-ar-usa.html
Leave Me Las Vegas,1,1,1,,04/26/2025,Southside Music Hall,Dallas,TX,USA,https://allthings.umphreys.com/setlists/umphreys-mcgee-april-26-2025-southside-music-hall-dallas-tx-usa.html
Pure Saturation,1,2,2,,04/26/2025,Southside Music Hall,Dallas,TX,USA,https://allthings.umphreys.com/setlists/umphreys-mcgee-april-26-2025-southside-music-hall-dallas-tx-usa.html
The Haunt,1,3,3,,04/26/2025,Southside Music Hall,Dallas,TX,USA,https://allthings.umphreys.com/setlists/umphreys-mcgee-april-26-2025-southside-music-hall-dallas-tx-usa.html
Atmosfarag,1,4,4,,04/26/2025,Southside Music Hall,Dallas,TX,USA,https://allthings.umphreys.com/setlists/umphreys-mcgee-april-26-2025-southside-music-hall-dallas-tx-usa.html
Piranhas,1,5,5,,04/26/2025,Southside Music Hall,Dallas,TX,USA,https://allthings.umphreys.com/setlists/umphreys-mcgee-april-26-2025-southside-music-hall-dallas-tx-usa.html
Ocean Billy,1,6,6,,04/26/2025,Southside Music Hall,Dallas,TX,USA,https://allthings.umphreys.com/setlists/umphreys-mcgee-april-26-2025-southside-music-hall-dallas-tx-usa.html
The Silent Type,1,7,7,,04/26/2025,Southside Music Hall,Dallas,TX,USA,https://allthings.umphreys.com/setlists/umphreys-mcgee-april-26-2025-southside-music-hall-dallas-tx-usa.html
Cult of Personality,1,8,8,,04/26/2025,Southside Music Hall,Dallas,TX,USA,https://allthings.umphreys.com/setlists/umphreys-mcgee-april-26-2025-southside-music-hall-dallas-tx-usa.html
Little Gift,2,1,9,,04/26/2025,Southside Music Hall,Dallas,TX,USA,https://allthings.umphreys.com/setlists/umphreys-mcgee-april-26-2025-southside-music-hall-dallas-tx-usa.html
Believe the Lie,2,2,10,,04/26/2025,Southside Music Hall,Dallas,TX,USA,https://allthings.umphreys.com/setlists/umphreys-mcgee-april-26-2025-southside-music-hall-dallas-tx-usa.html
Professor Wormbog,2,3,11,,04/26/2025,Southside Music Hall,Dallas,TX,USA,https://allthings.umphreys.com/setlists/umphreys-mcgee-april-26-2025-southside-music-hall-dallas-tx-usa.html
Night Nurse,2,4,12,,04/26/2025,Southside Music Hall,Dallas,TX,USA,https://allthings.umphreys.com/setlists/umphreys-mcgee-april-26-2025-southside-music-hall-dallas-tx-usa.html
Always October,2,5,13,,04/26/2025,Southside Music Hall,Dallas,TX,USA,https://allthings.umphreys.com/setlists/umphreys-mcgee-april-26-2025-southside-music-hall-dallas-tx-usa.html
The Fuzz,2,6,14,,04/26/2025,Southside Music Hall,Dallas,TX,USA,https://allthings.umphreys.com/setlists/umphreys-mcgee-april-26-2025-southside-music-hall-dallas-tx-usa.html
Remind Me,2,7,15,,04/26/2025,Southside Music Hall,Dallas,TX,USA,https://allthings.umphreys.com/setlists/umphreys-mcgee-april-26-2025-southside-music-hall-dallas-tx-usa.html
Spires,E,1,16,,04/26/2025,Southside Music Hall,Dallas,TX,USA,https://allthings.umphreys.com/setlists/umphreys-mcgee-april-26-2025-southside-music-hall-dallas-tx-usa.html
I Know a Little,E,2,17,,04/26/2025,Southside Music Hall,Dallas,TX,USA,https://allthings.umphreys.com/setlists/umphreys-mcgee-april-26-2025-southside-music-hall-dallas-tx-usa.html
Dump City,1,1,1,,04/27/2025,Stubb's BBQ,Austin,TX,USA,https://allthings.umphreys.com/setlists/umphreys-mcgee-april-27-2025-stubb039s-bbq-austin-tx-usa.html
Fenced In,1,2,2,,04/27/2025,Stubb's BBQ,Austin,TX,USA,https://allthings.umphreys.com/setlists/umphreys-mcgee-april-27-2025-stubb039s-bbq-austin-tx-usa.html
Hurt Bird Bath,1,3,3,,04/27/2025,Stubb's BBQ,Austin,TX,USA,https://allthings.umphreys.com/setlists/umphreys-mcgee-april-27-2025-stubb039s-bbq-austin-tx-usa.html
New Wings,1,4,4,,04/27/2025,Stubb's BBQ,Austin,TX,USA,https://allthings.umphreys.com/setlists/umphreys-mcgee-april-27-2025-stubb039s-bbq-austin-tx-usa.html
All In Time,1,5,5,,04/27/2025,Stubb's BBQ,Austin,TX,USA,https://allthings.umphreys.com/setlists/umphreys-mcgee-april-27-2025-stubb039s-bbq-austin-tx-usa.html
Mulche's Odyssey,1,6,6,,04/27/2025,Stubb's BBQ,Austin,TX,USA,https://allthings.umphreys.com/setlists/umphreys-mcgee-april-27-2025-stubb039s-bbq-austin-tx-usa.html
Staircase,1,7,7,,04/27/2025,Stubb's BBQ,Austin,TX,USA,https://allthings.umphreys.com/setlists/umphreys-mcgee-april-27-2025-stubb039s-bbq-austin-tx-usa.html
All In Time,1,8,8,,04/27/2025,Stubb's BBQ,Austin,TX,USA,https://allthings.umphreys.com/setlists/umphreys-mcgee-april-27-2025-stubb039s-bbq-austin-tx-usa.html
Bridgeless,2,1,9,,04/27/2025,Stubb's BBQ,Austin,TX,USA,https://allthings.umphreys.com/setlists/umphreys-mcgee-april-27-2025-stubb039s-bbq-austin-tx-usa.html
Glory,2,2,10,,04/27/2025,Stubb's BBQ,Austin,TX,USA,https://allthings.umphreys.com/setlists/umphreys-mcgee-april-27-2025-stubb039s-bbq-austin-tx-usa.html
Puppet String,2,3,11,,04/27/2025,Stubb's BBQ,Austin,TX,USA,https://allthings.umphreys.com/setlists/umphreys-mcgee-april-27-2025-stubb039s-bbq-austin-tx-usa.html
Hiccup,2,4,12,,04/27/2025,Stubb's BBQ,Austin,TX,USA,https://allthings.umphreys.com/setlists/umphreys-mcgee-april-27-2025-stubb039s-bbq-austin-tx-usa.html
Kielbasa,2,5,13,with Andy Arthur Smith on vocals,04/27/2025,Stubb's BBQ,Austin,TX,USA,https://allthings.umphreys.com/setlists/umphreys-mcgee-april-27-2025-stubb039s-bbq-austin-tx-usa.html
Plunger,2,6,14,,04/27/2025,Stubb's BBQ,Austin,TX,USA,https://allthings.umphreys.com/setlists/umphreys-mcgee-april-27-2025-stubb039s-bbq-austin-tx-usa.html
Slacker,2,7,15,,04/27/2025,Stubb's BBQ,Austin,TX,USA,https://allthings.umphreys.com/setlists/umphreys-mcgee-april-27-2025-stubb039s-bbq-austin-tx-usa.html
Puppet String,2,8,16,,04/27/2025,Stubb's BBQ,Austin,TX,USA,https://allthings.umphreys.com/setlists/umphreys-mcgee-april-27-2025-stubb039s-bbq-austin-tx-usa.html
Whiskey River,E,1,17,,04/27/2025,Stubb's BBQ,Austin,TX,USA,https://allthings.umphreys.com/setlists/umphreys-mcgee-april-27-2025-stubb039s-bbq-austin-tx-usa.html
Bridgeless,E,2,18,,04/27/2025,Stubb's BBQ,Austin,TX,USA,https://allthings.umphreys.com/setlists/umphreys-mcgee-april-27-2025-stubb039s-bbq-austin-tx-usa.html
1348,1,1,1,,04/29/2025,Mahalia Jackson Theater,New Orleans,LA,USA,https://allthings.umphreys.com/setlists/umphreys-mcgee-april-29-2025-mahalia-jackson-theater-new-orleans-la-usa.html
Mail Package,1,2,2,,04/29/2025,Mahalia Jackson Theater,New Orleans,LA,USA,https://allthings.umphreys.com/setlists/umphreys-mcgee-april-29-2025-mahalia-jackson-theater-new-orleans-la-usa.html
JaJunk,1,3,3,,04/29/2025,Mahalia Jackson Theater,New Orleans,LA,USA,https://allthings.umphreys.com/setlists/umphreys-mcgee-april-29-2025-mahalia-jackson-theater-new-orleans-la-usa.html
Booth Love,1,4,4,with Jeff Coffin on saxophone and Jennifer Hartswick on trumpet,04/29/2025,Mahalia Jackson Theater,New Orleans,LA,USA,https://allthings.umphreys.com/setlists/umphreys-mcgee-april-29-2025-mahalia-jackson-theater-new-orleans-la-usa.html
Night Nurse,1,5,5,with Jeff Coffin on saxophone and Jennifer Hartswick on trumpet,04/29/2025,Mahalia Jackson Theater,New Orleans,LA,USA,https://allthings.umphreys.com/setlists/umphreys-mcgee-april-29-2025-mahalia-jackson-theater-new-orleans-la-usa.html
Wife Soup,1,6,6,with Jeff Coffin on saxophone and Jennifer Hartswick on trumpet,04/29/2025,Mahalia Jackson Theater,New Orleans,LA,USA,https://allthings.umphreys.com/setlists/umphreys-mcgee-april-29-2025-mahalia-jackson-theater-new-orleans-la-usa.html
Electric Avenue to Hell,1,7,7,with Jennifer Hartswick on vocals,04/29/2025,Mahalia Jackson Theater,New Orleans,LA,USA,https://allthings.umphreys.com/setlists/umphreys-mcgee-april-29-2025-mahalia-jackson-theater-new-orleans-la-usa.html
Immigrant Song,2,1,8,with Jason Bonham on drums and James Dylan on vocals,04/29/2025,Mahalia Jackson Theater,New Orleans,LA,USA,https://allthings.umphreys.com/setlists/umphreys-mcgee-april-29-2025-mahalia-jackson-theater-new-orleans-la-usa.html
What Is and What Should Never Be,2,2,9,with Jason Bonham on drums and James Dylan on vocals,04/29/2025,Mahalia Jackson Theater,New Orleans,LA,USA,https://allthings.umphreys.com/setlists/umphreys-mcgee-april-29-2025-mahalia-jackson-theater-new-orleans-la-usa.html
The Song Remains the Same,2,3,10,with Jason Bonham on drums and James Dylan on vocals,04/29/2025,Mahalia Jackson Theater,New Orleans,LA,USA,https://allthings.umphreys.com/setlists/umphreys-mcgee-april-29-2025-mahalia-jackson-theater-new-orleans-la-usa.html
Whole Lotta Love,2,4,11,with Jason Bonham on drums and James Dylan on vocals,04/29/2025,Mahalia Jackson Theater,New Orleans,LA,USA,https://allthings.umphreys.com/setlists/umphreys-mcgee-april-29-2025-mahalia-jackson-theater-new-orleans-la-usa.html
Kashmir,2,5,12,with Jason Bonham on drums and James Dylan on vocals,04/29/2025,Mahalia Jackson Theater,New Orleans,LA,USA,https://allthings.umphreys.com/setlists/umphreys-mcgee-april-29-2025-mahalia-jackson-theater-new-orleans-la-usa.html
Fool in the Rain,2,6,13,with Jason Bonham on drums and James Dylan on vocals,04/29/2025,Mahalia Jackson Theater,New Orleans,LA,USA,https://allthings.umphreys.com/setlists/umphreys-mcgee-april-29-2025-mahalia-jackson-theater-new-orleans-la-usa.html
No Quarter,2,7,14,with Jason Bonham on drums and James Dylan on vocals,04/29/2025,Mahalia Jackson Theater,New Orleans,LA,USA,https://allthings.umphreys.com/setlists/umphreys-mcgee-april-29-2025-mahalia-jackson-theater-new-orleans-la-usa.html
Ramble On,2,8,15,with Jason Bonham on drums and James Dylan on vocals; with Third Stone From the Sun (Jimi Hendrix) tease,04/29/2025,Mahalia Jackson Theater,New Orleans,LA,USA,https://allthings.umphreys.com/setlists/umphreys-mcgee-april-29-2025-mahalia-jackson-theater-new-orleans-la-usa.html
How Many More Times,2,9,16,with Jason Bonham on drums and James Dylan on vocals,04/29/2025,Mahalia Jackson Theater,New Orleans,LA,USA,https://allthings.umphreys.com/setlists/umphreys-mcgee-april-29-2025-mahalia-jackson-theater-new-orleans-la-usa.html
The Ocean,2,10,17,with Jason Bonham on drums and James Dylan on vocals,04/29/2025,Mahalia Jackson Theater,New Orleans,LA,USA,https://allthings.umphreys.com/setlists/umphreys-mcgee-april-29-2025-mahalia-jackson-theater-new-orleans-la-usa.html
Conduit,E,1,18,with Jason Bonham on drums,04/29/2025,Mahalia Jackson Theater,New Orleans,LA,USA,https://allthings.umphreys.com/setlists/umphreys-mcgee-april-29-2025-mahalia-jackson-theater-new-orleans-la-usa.html
Hurt Bird Bath-,1,1,1,,05/22/2025,The Windjammer,Isle of Palms,SC,USA,https://allthings.umphreys.com/setlists/umphreys-mcgee-may-22-2025-the-windjammer-isle-of-palms-sc-usa.html
Walletsworth,1,2,2,,05/22/2025,The Windjammer,Isle of Palms,SC,USA,https://allthings.umphreys.com/setlists/umphreys-mcgee-may-22-2025-the-windjammer-isle-of-palms-sc-usa.html
Pure Saturation,1,3,3,,05/22/2025,The Windjammer,Isle of Palms,SC,USA,https://allthings.umphreys.com/setlists/umphreys-mcgee-may-22-2025-the-windjammer-isle-of-palms-sc-usa.html
Anchor Drops-,1,4,4,,05/22/2025,The Windjammer,Isle of Palms,SC,USA,https://allthings.umphreys.com/setlists/umphreys-mcgee-may-22-2025-the-windjammer-isle-of-palms-sc-usa.html
JaJunk,1,5,5,,05/22/2025,The Windjammer,Isle of Palms,SC,USA,https://allthings.umphreys.com/setlists/umphreys-mcgee-may-22-2025-the-windjammer-isle-of-palms-sc-usa.html
Plunger,2,1,6,,05/22/2025,The Windjammer,Isle of Palms,SC,USA,https://allthings.umphreys.com/setlists/umphreys-mcgee-may-22-2025-the-windjammer-isle-of-palms-sc-usa.html
Uncommon,2,2,7,with Bad (U2) quotes,05/22/2025,The Windjammer,Isle of Palms,SC,USA,https://allthings.umphreys.com/setlists/umphreys-mcgee-may-22-2025-the-windjammer-isle-of-palms-sc-usa.html
Making Flippy Floppy,2,3,8,,05/22/2025,The Windjammer,Isle of Palms,SC,USA,https://allthings.umphreys.com/setlists/umphreys-mcgee-may-22-2025-the-windjammer-isle-of-palms-sc-usa.html
Hajimemashite,2,4,9,,05/22/2025,The Windjammer,Isle of Palms,SC,USA,https://allthings.umphreys.com/setlists/umphreys-mcgee-may-22-2025-the-windjammer-isle-of-palms-sc-usa.html
Down Under,2,5,10,,05/22/2025,The Windjammer,Isle of Palms,SC,USA,https://allthings.umphreys.com/setlists/umphreys-mcgee-may-22-2025-the-windjammer-isle-of-palms-sc-usa.html
Andy's Last Beer,2,6,11,,05/22/2025,The Windjammer,Isle of Palms,SC,USA,https://allthings.umphreys.com/setlists/umphreys-mcgee-may-22-2025-the-windjammer-isle-of-palms-sc-usa.html
The Silent Type,E,1,12,,05/22/2025,The Windjammer,Isle of Palms,SC,USA,https://allthings.umphreys.com/setlists/umphreys-mcgee-may-22-2025-the-windjammer-isle-of-palms-sc-usa.html
Nipple Trix,1,1,1,,05/23/2025,The Windjammer,Isle of Palms,SC,USA,https://allthings.umphreys.com/setlists/umphreys-mcgee-may-23-2025-the-windjammer-isle-of-palms-sc-usa.html
Wife Soup,1,2,2,,05/23/2025,The Windjammer,Isle of Palms,SC,USA,https://allthings.umphreys.com/setlists/umphreys-mcgee-may-23-2025-the-windjammer-isle-of-palms-sc-usa.html
The Linear,1,3,3,,05/23/2025,The Windjammer,Isle of Palms,SC,USA,https://allthings.umphreys.com/setlists/umphreys-mcgee-may-23-2025-the-windjammer-isle-of-palms-sc-usa.html
Booth Love,1,4,4,,05/23/2025,The Windjammer,Isle of Palms,SC,USA,https://allthings.umphreys.com/setlists/umphreys-mcgee-may-23-2025-the-windjammer-isle-of-palms-sc-usa.html
Educated Guess,1,5,5,,05/23/2025,The Windjammer,Isle of Palms,SC,USA,https://allthings.umphreys.com/setlists/umphreys-mcgee-may-23-2025-the-windjammer-isle-of-palms-sc-usa.html
In The Kitchen,1,6,6,,05/23/2025,The Windjammer,Isle of Palms,SC,USA,https://allthings.umphreys.com/setlists/umphreys-mcgee-may-23-2025-the-windjammer-isle-of-palms-sc-usa.html
Harvest Moon,1,7,7,"debut, Neil Young (Poolside arrangement); with Kanika Moore on vocals",05/23/2025,The Windjammer,Isle of Palms,SC,USA,https://allthings.umphreys.com/setlists/umphreys-mcgee-may-23-2025-the-windjammer-isle-of-palms-sc-usa.html
Got Your Milk (Right Here),1,8,8,,05/23/2025,The Windjammer,Isle of Palms,SC,USA,https://allthings.umphreys.com/setlists/umphreys-mcgee-may-23-2025-the-windjammer-isle-of-palms-sc-usa.html
Bridgeless,2,1,9,,05/23/2025,The Windjammer,Isle of Palms,SC,USA,https://allthings.umphreys.com/setlists/umphreys-mcgee-may-23-2025-the-windjammer-isle-of-palms-sc-usa.html
Cemetery Walk,2,2,10,,05/23/2025,The Windjammer,Isle of Palms,SC,USA,https://allthings.umphreys.com/setlists/umphreys-mcgee-may-23-2025-the-windjammer-isle-of-palms-sc-usa.html
Cemetery Walk II,2,3,11,,05/23/2025,The Windjammer,Isle of Palms,SC,USA,https://allthings.umphreys.com/setlists/umphreys-mcgee-may-23-2025-the-windjammer-isle-of-palms-sc-usa.html
Women Wine and Song,2,4,12,,05/23/2025,The Windjammer,Isle of Palms,SC,USA,https://allthings.umphreys.com/setlists/umphreys-mcgee-may-23-2025-the-windjammer-isle-of-palms-sc-usa.html
Escape Goat,2,5,13,,05/23/2025,The Windjammer,Isle of Palms,SC,USA,https://allthings.umphreys.com/setlists/umphreys-mcgee-may-23-2025-the-windjammer-isle-of-palms-sc-usa.html
40's Theme,2,6,14,with Red (King Crimson) and Uncle Wally teases,05/23/2025,The Windjammer,Isle of Palms,SC,USA,https://allthings.umphreys.com/setlists/umphreys-mcgee-may-23-2025-the-windjammer-isle-of-palms-sc-usa.html
Dance Hall Days,E,1,15,,05/23/2025,The Windjammer,Isle of Palms,SC,USA,https://allthings.umphreys.com/setlists/umphreys-mcgee-may-23-2025-the-windjammer-isle-of-palms-sc-usa.html
Bridgeless,E,2,16,,05/23/2025,The Windjammer,Isle of Palms,SC,USA,https://allthings.umphreys.com/setlists/umphreys-mcgee-may-23-2025-the-windjammer-isle-of-palms-sc-usa.html
Get In The Van,1,1,1,,05/24/2025,Greenfield Lake Amphitheater,Wilmington,NC,USA,https://allthings.umphreys.com/setlists/umphreys-mcgee-may-24-2025-greenfield-lake-amphitheater-wilmington-nc-usa.html
"Bright Lights, Big City",1,2,2,,05/24/2025,Greenfield Lake Amphitheater,Wilmington,NC,USA,https://allthings.umphreys.com/setlists/umphreys-mcgee-may-24-2025-greenfield-lake-amphitheater-wilmington-nc-usa.html
No Diablo,1,3,3,,05/24/2025,Greenfield Lake Amphitheater,Wilmington,NC,USA,https://allthings.umphreys.com/setlists/umphreys-mcgee-may-24-2025-greenfield-lake-amphitheater-wilmington-nc-usa.html
Prowler,1,4,4,,05/24/2025,Greenfield Lake Amphitheater,Wilmington,NC,USA,https://allthings.umphreys.com/setlists/umphreys-mcgee-may-24-2025-greenfield-lake-amphitheater-wilmington-nc-usa.html
Intentions Clear,1,5,5,,05/24/2025,Greenfield Lake Amphitheater,Wilmington,NC,USA,https://allthings.umphreys.com/setlists/umphreys-mcgee-may-24-2025-greenfield-lake-amphitheater-wilmington-nc-usa.html
Higgins,1,6,6,,05/24/2025,Greenfield Lake Amphitheater,Wilmington,NC,USA,https://allthings.umphreys.com/setlists/umphreys-mcgee-may-24-2025-greenfield-lake-amphitheater-wilmington-nc-usa.html
1348,2,1,7,,05/24/2025,Greenfield Lake Amphitheater,Wilmington,NC,USA,https://allthings.umphreys.com/setlists/umphreys-mcgee-may-24-2025-greenfield-lake-amphitheater-wilmington-nc-usa.html
Small Strides,2,2,8,,05/24/2025,Greenfield Lake Amphitheater,Wilmington,NC,USA,https://allthings.umphreys.com/setlists/umphreys-mcgee-may-24-2025-greenfield-lake-amphitheater-wilmington-nc-usa.html
Sweet Dreams (Are Made of This),2,3,9,"debut, Eurythmics; incomplete with lyrics sung over Small Strides improvisation",05/24/2025,Greenfield Lake Amphitheater,Wilmington,NC,USA,https://allthings.umphreys.com/setlists/umphreys-mcgee-may-24-2025-greenfield-lake-amphitheater-wilmington-nc-usa.html
Small Strides,2,4,10,,05/24/2025,Greenfield Lake Amphitheater,Wilmington,NC,USA,https://allthings.umphreys.com/setlists/umphreys-mcgee-may-24-2025-greenfield-lake-amphitheater-wilmington-nc-usa.html
A Go Go,2,5,11,,05/24/2025,Greenfield Lake Amphitheater,Wilmington,NC,USA,https://allthings.umphreys.com/setlists/umphreys-mcgee-may-24-2025-greenfield-lake-amphitheater-wilmington-nc-usa.html
Miss Tinkle's Overture,2,6,12,with The Big One aka Theme for People's Court (Alan Tew) teases,05/24/2025,Greenfield Lake Amphitheater,Wilmington,NC,USA,https://allthings.umphreys.com/setlists/umphreys-mcgee-may-24-2025-greenfield-lake-amphitheater-wilmington-nc-usa.html
Divisions,2,7,13,with Little Martha (The Allman Brothers Band) teases,05/24/2025,Greenfield Lake Amphitheater,Wilmington,NC,USA,https://allthings.umphreys.com/setlists/umphreys-mcgee-may-24-2025-greenfield-lake-amphitheater-wilmington-nc-usa.html
Reelin' in the Years,E,1,14,,05/24/2025,Greenfield Lake Amphitheater,Wilmington,NC,USA,https://allthings.umphreys.com/setlists/umphreys-mcgee-may-24-2025-greenfield-lake-amphitheater-wilmington-nc-usa.html
Cut the Cable,1,1,1,,05/25/2025,COHAB.SPACE,High Point,NC,USA,https://allthings.umphreys.com/setlists/umphreys-mcgee-may-25-2025-cohabspace-high-point-nc-usa.html
Glory,1,2,2,,05/25/2025,COHAB.SPACE,High Point,NC,USA,https://allthings.umphreys.com/setlists/umphreys-mcgee-may-25-2025-cohabspace-high-point-nc-usa.html
The Bottom Half,1,3,3,,05/25/2025,COHAB.SPACE,High Point,NC,USA,https://allthings.umphreys.com/setlists/umphreys-mcgee-may-25-2025-cohabspace-high-point-nc-usa.html
Partyin' Peeps,1,4,4,with Stop That Train (Bob Marley) jam and quote,05/25/2025,COHAB.SPACE,High Point,NC,USA,https://allthings.umphreys.com/setlists/umphreys-mcgee-may-25-2025-cohabspace-high-point-nc-usa.html
Nothing Too Fancy,1,5,5,,05/25/2025,COHAB.SPACE,High Point,NC,USA,https://allthings.umphreys.com/setlists/umphreys-mcgee-may-25-2025-cohabspace-high-point-nc-usa.html
The Crooked One,1,6,6,with Crazy Train (Ozzy Osbourne) jam,05/25/2025,COHAB.SPACE,High Point,NC,USA,https://allthings.umphreys.com/setlists/umphreys-mcgee-may-25-2025-cohabspace-high-point-nc-usa.html
Nothing Too Fancy,1,7,7,,05/25/2025,COHAB.SPACE,High Point,NC,USA,https://allthings.umphreys.com/setlists/umphreys-mcgee-may-25-2025-cohabspace-high-point-nc-usa.html
All In Time,2,1,8,"with Smooth Operator (Sade) jam, quotes, and teases; and with The Floor jam",05/25/2025,COHAB.SPACE,High Point,NC,USA,https://allthings.umphreys.com/setlists/umphreys-mcgee-may-25-2025-cohabspace-high-point-nc-usa.html
Ringo,2,2,9,,05/25/2025,COHAB.SPACE,High Point,NC,USA,https://allthings.umphreys.com/setlists/umphreys-mcgee-may-25-2025-cohabspace-high-point-nc-usa.html
Ocean Billy,2,3,10,"with Black Market (Weather Report) teases, House of Glass (Blondie) quotes, and For Who the Bell Tolls (Metallica) teases",05/25/2025,COHAB.SPACE,High Point,NC,USA,https://allthings.umphreys.com/setlists/umphreys-mcgee-may-25-2025-cohabspace-high-point-nc-usa.html
Jessica,2,4,11,,05/25/2025,COHAB.SPACE,High Point,NC,USA,https://allthings.umphreys.com/setlists/umphreys-mcgee-may-25-2025-cohabspace-high-point-nc-usa.html
Slacker,2,5,12,,05/25/2025,COHAB.SPACE,High Point,NC,USA,https://allthings.umphreys.com/setlists/umphreys-mcgee-may-25-2025-cohabspace-high-point-nc-usa.html
Young Lust,E,1,13,with Enter Sandman (Metallica) jam,05/25/2025,COHAB.SPACE,High Point,NC,USA,https://allthings.umphreys.com/setlists/umphreys-mcgee-may-25-2025-cohabspace-high-point-nc-usa.html
All In Time,E,2,14,,05/25/2025,COHAB.SPACE,High Point,NC,USA,https://allthings.umphreys.com/setlists/umphreys-mcgee-may-25-2025-cohabspace-high-point-nc-usa.html
Domino Theory,1,1,1,,05/29/2025,Vinyl Music Hall,Pensacola,FL,USA,https://allthings.umphreys.com/setlists/umphreys-mcgee-may-29-2025-vinyl-music-hall-pensacola-fl-usa.html
Resolution,1,2,2,,05/29/2025,Vinyl Music Hall,Pensacola,FL,USA,https://allthings.umphreys.com/setlists/umphreys-mcgee-may-29-2025-vinyl-music-hall-pensacola-fl-usa.html
Half Delayed,1,3,3,,05/29/2025,Vinyl Music Hall,Pensacola,FL,USA,https://allthings.umphreys.com/setlists/umphreys-mcgee-may-29-2025-vinyl-music-hall-pensacola-fl-usa.html
Piranhas,1,4,4,,05/29/2025,Vinyl Music Hall,Pensacola,FL,USA,https://allthings.umphreys.com/setlists/umphreys-mcgee-may-29-2025-vinyl-music-hall-pensacola-fl-usa.html
Night Nurse,1,5,5,,05/29/2025,Vinyl Music Hall,Pensacola,FL,USA,https://allthings.umphreys.com/setlists/umphreys-mcgee-may-29-2025-vinyl-music-hall-pensacola-fl-usa.html
Believe the Lie,1,6,6,with Tanner Bardin on drums,05/29/2025,Vinyl Music Hall,Pensacola,FL,USA,https://allthings.umphreys.com/setlists/umphreys-mcgee-may-29-2025-vinyl-music-hall-pensacola-fl-usa.html
Wizard Burial Ground,1,7,7,with Tanner Bardin on drums,05/29/2025,Vinyl Music Hall,Pensacola,FL,USA,https://allthings.umphreys.com/setlists/umphreys-mcgee-may-29-2025-vinyl-music-hall-pensacola-fl-usa.html
Attachments,2,1,8,,05/29/2025,Vinyl Music Hall,Pensacola,FL,USA,https://allthings.umphreys.com/setlists/umphreys-mcgee-may-29-2025-vinyl-music-hall-pensacola-fl-usa.html
Draconian,2,2,9,,05/29/2025,Vinyl Music Hall,Pensacola,FL,USA,https://allthings.umphreys.com/setlists/umphreys-mcgee-may-29-2025-vinyl-music-hall-pensacola-fl-usa.html
In Bloom,2,3,10,,05/29/2025,Vinyl Music Hall,Pensacola,FL,USA,https://allthings.umphreys.com/setlists/umphreys-mcgee-may-29-2025-vinyl-music-hall-pensacola-fl-usa.html
The Fuzz,2,4,11,,05/29/2025,Vinyl Music Hall,Pensacola,FL,USA,https://allthings.umphreys.com/setlists/umphreys-mcgee-may-29-2025-vinyl-music-hall-pensacola-fl-usa.html
No Comment,2,5,12,,05/29/2025,Vinyl Music Hall,Pensacola,FL,USA,https://allthings.umphreys.com/setlists/umphreys-mcgee-may-29-2025-vinyl-music-hall-pensacola-fl-usa.html
Bad Friday,2,6,13,,05/29/2025,Vinyl Music Hall,Pensacola,FL,USA,https://allthings.umphreys.com/setlists/umphreys-mcgee-may-29-2025-vinyl-music-hall-pensacola-fl-usa.html
Passing,E,1,14,just Brendan and Jake,05/29/2025,Vinyl Music Hall,Pensacola,FL,USA,https://allthings.umphreys.com/setlists/umphreys-mcgee-may-29-2025-vinyl-music-hall-pensacola-fl-usa.html
Take Me To the River,E,2,15,,05/29/2025,Vinyl Music Hall,Pensacola,FL,USA,https://allthings.umphreys.com/setlists/umphreys-mcgee-may-29-2025-vinyl-music-hall-pensacola-fl-usa.html
Push the Pig,1,1,1,,05/30/2025,The Beacham,Orlando,FL,USA,https://allthings.umphreys.com/setlists/umphreys-mcgee-may-30-2025-the-beacham-orlando-fl-usa.html
The Linear,1,2,2,,05/30/2025,The Beacham,Orlando,FL,USA,https://allthings.umphreys.com/setlists/umphreys-mcgee-may-30-2025-the-beacham-orlando-fl-usa.html
Mad Love,1,3,3,,05/30/2025,The Beacham,Orlando,FL,USA,https://allthings.umphreys.com/setlists/umphreys-mcgee-may-30-2025-the-beacham-orlando-fl-usa.html
1000 Places to See Before You Die,1,4,4,,05/30/2025,The Beacham,Orlando,FL,USA,https://allthings.umphreys.com/setlists/umphreys-mcgee-may-30-2025-the-beacham-orlando-fl-usa.html
Cut the Cable,1,5,5,,05/30/2025,The Beacham,Orlando,FL,USA,https://allthings.umphreys.com/setlists/umphreys-mcgee-may-30-2025-the-beacham-orlando-fl-usa.html
1348,1,6,6,with Enter Sandman (Metallica) tease,05/30/2025,The Beacham,Orlando,FL,USA,https://allthings.umphreys.com/setlists/umphreys-mcgee-may-30-2025-the-beacham-orlando-fl-usa.html
Small Strides,2,1,7,,05/30/2025,The Beacham,Orlando,FL,USA,https://allthings.umphreys.com/setlists/umphreys-mcgee-may-30-2025-the-beacham-orlando-fl-usa.html
Staircase,2,2,8,,05/30/2025,The Beacham,Orlando,FL,USA,https://allthings.umphreys.com/setlists/umphreys-mcgee-may-30-2025-the-beacham-orlando-fl-usa.html
Miss Tinkle's Overture,2,3,9,,05/30/2025,The Beacham,Orlando,FL,USA,https://allthings.umphreys.com/setlists/umphreys-mcgee-may-30-2025-the-beacham-orlando-fl-usa.html
Deeper,2,4,10,,05/30/2025,The Beacham,Orlando,FL,USA,https://allthings.umphreys.com/setlists/umphreys-mcgee-may-30-2025-the-beacham-orlando-fl-usa.html
Time,2,5,11,,05/30/2025,The Beacham,Orlando,FL,USA,https://allthings.umphreys.com/setlists/umphreys-mcgee-may-30-2025-the-beacham-orlando-fl-usa.html
Mulche's Odyssey,2,6,12,,05/30/2025,The Beacham,Orlando,FL,USA,https://allthings.umphreys.com/setlists/umphreys-mcgee-may-30-2025-the-beacham-orlando-fl-usa.html
Can't You Hear Me Knocking,E,1,13,,05/30/2025,The Beacham,Orlando,FL,USA,https://allthings.umphreys.com/setlists/umphreys-mcgee-may-30-2025-the-beacham-orlando-fl-usa.html
There's No Crying In Mexico,1,1,1,,05/31/2025,Miami Beach Bandshell,Miami Beach,FL,USA,https://allthings.umphreys.com/setlists/umphreys-mcgee-may-31-2025-miami-beach-bandshell-miami-beach-fl-usa.html
Pure Saturation,1,2,2,,05/31/2025,Miami Beach Bandshell,Miami Beach,FL,USA,https://allthings.umphreys.com/setlists/umphreys-mcgee-may-31-2025-miami-beach-bandshell-miami-beach-fl-usa.html
Den,1,3,3,,05/31/2025,Miami Beach Bandshell,Miami Beach,FL,USA,https://allthings.umphreys.com/setlists/umphreys-mcgee-may-31-2025-miami-beach-bandshell-miami-beach-fl-usa.html
Morning Song,1,4,4,,05/31/2025,Miami Beach Bandshell,Miami Beach,FL,USA,https://allthings.umphreys.com/setlists/umphreys-mcgee-may-31-2025-miami-beach-bandshell-miami-beach-fl-usa.html
In The Kitchen,1,5,5,,05/31/2025,Miami Beach Bandshell,Miami Beach,FL,USA,https://allthings.umphreys.com/setlists/umphreys-mcgee-may-31-2025-miami-beach-bandshell-miami-beach-fl-usa.html
Cut Off,1,6,6,,05/31/2025,Miami Beach Bandshell,Miami Beach,FL,USA,https://allthings.umphreys.com/setlists/umphreys-mcgee-may-31-2025-miami-beach-bandshell-miami-beach-fl-usa.html
Dirty Love,1,7,7,,05/31/2025,Miami Beach Bandshell,Miami Beach,FL,USA,https://allthings.umphreys.com/setlists/umphreys-mcgee-may-31-2025-miami-beach-bandshell-miami-beach-fl-usa.html
Day Nurse,2,1,8,,05/31/2025,Miami Beach Bandshell,Miami Beach,FL,USA,https://allthings.umphreys.com/setlists/umphreys-mcgee-may-31-2025-miami-beach-bandshell-miami-beach-fl-usa.html
40's Theme,2,2,9,,05/31/2025,Miami Beach Bandshell,Miami Beach,FL,USA,https://allthings.umphreys.com/setlists/umphreys-mcgee-may-31-2025-miami-beach-bandshell-miami-beach-fl-usa.html
All In Time,2,3,10,with  Fletch theme (Harold Faltermeyer) tease,05/31/2025,Miami Beach Bandshell,Miami Beach,FL,USA,https://allthings.umphreys.com/setlists/umphreys-mcgee-may-31-2025-miami-beach-bandshell-miami-beach-fl-usa.html
Partyin' Peeps,2,4,11,,05/31/2025,Miami Beach Bandshell,Miami Beach,FL,USA,https://allthings.umphreys.com/setlists/umphreys-mcgee-may-31-2025-miami-beach-bandshell-miami-beach-fl-usa.html
Wappy Sprayberry,2,5,12,,05/31/2025,Miami Beach Bandshell,Miami Beach,FL,USA,https://allthings.umphreys.com/setlists/umphreys-mcgee-may-31-2025-miami-beach-bandshell-miami-beach-fl-usa.html
All In Time,2,6,13,,05/31/2025,Miami Beach Bandshell,Miami Beach,FL,USA,https://allthings.umphreys.com/setlists/umphreys-mcgee-may-31-2025-miami-beach-bandshell-miami-beach-fl-usa.html
Orfeo,E,1,14,,05/31/2025,Miami Beach Bandshell,Miami Beach,FL,USA,https://allthings.umphreys.com/setlists/umphreys-mcgee-may-31-2025-miami-beach-bandshell-miami-beach-fl-usa.html
Cocaine,E,2,15,,05/31/2025,Miami Beach Bandshell,Miami Beach,FL,USA,https://allthings.umphreys.com/setlists/umphreys-mcgee-may-31-2025-miami-beach-bandshell-miami-beach-fl-usa.html
Glory,E,3,16,,05/31/2025,Miami Beach Bandshell,Miami Beach,FL,USA,https://allthings.umphreys.com/setlists/umphreys-mcgee-may-31-2025-miami-beach-bandshell-miami-beach-fl-usa.html
You Got the Wrong Guy,1,1,1,,06/01/2025,Jannus Live,St. Petersburg,FL,USA,https://allthings.umphreys.com/setlists/umphreys-mcgee-june-1-2025-jannus-live-st-petersburg-fl-usa.html
Got Your Milk (Right Here),1,2,2,,06/01/2025,Jannus Live,St. Petersburg,FL,USA,https://allthings.umphreys.com/setlists/umphreys-mcgee-june-1-2025-jannus-live-st-petersburg-fl-usa.html
Puppet String,1,3,3,,06/01/2025,Jannus Live,St. Petersburg,FL,USA,https://allthings.umphreys.com/setlists/umphreys-mcgee-june-1-2025-jannus-live-st-petersburg-fl-usa.html
Yoga Pants,1,4,4,with lyrics,06/01/2025,Jannus Live,St. Petersburg,FL,USA,https://allthings.umphreys.com/setlists/umphreys-mcgee-june-1-2025-jannus-live-st-petersburg-fl-usa.html
Wife Soup,1,5,5,,06/01/2025,Jannus Live,St. Petersburg,FL,USA,https://allthings.umphreys.com/setlists/umphreys-mcgee-june-1-2025-jannus-live-st-petersburg-fl-usa.html
Cemetery Walk II,1,6,6,,06/01/2025,Jannus Live,St. Petersburg,FL,USA,https://allthings.umphreys.com/setlists/umphreys-mcgee-june-1-2025-jannus-live-st-petersburg-fl-usa.html
Bennie and the Jets,1,7,7,with Debra (Beck) and Taste the Biscuit (Gargiulo) quotes,06/01/2025,Jannus Live,St. Petersburg,FL,USA,https://allthings.umphreys.com/setlists/umphreys-mcgee-june-1-2025-jannus-live-st-petersburg-fl-usa.html
Pay the Snucka,2,1,8,with Eruption (Van Halen) tease,06/01/2025,Jannus Live,St. Petersburg,FL,USA,https://allthings.umphreys.com/setlists/umphreys-mcgee-june-1-2025-jannus-live-st-petersburg-fl-usa.html
The Silent Type,2,2,9,,06/01/2025,Jannus Live,St. Petersburg,FL,USA,https://allthings.umphreys.com/setlists/umphreys-mcgee-june-1-2025-jannus-live-st-petersburg-fl-usa.html
Bridgeless,2,3,10,with Regulate (Warren G and Nate Dogg) jam,06/01/2025,Jannus Live,St. Petersburg,FL,USA,https://allthings.umphreys.com/setlists/umphreys-mcgee-june-1-2025-jannus-live-st-petersburg-fl-usa.html
Booth Love,2,4,11,,06/01/2025,Jannus Live,St. Petersburg,FL,USA,https://allthings.umphreys.com/setlists/umphreys-mcgee-june-1-2025-jannus-live-st-petersburg-fl-usa.html
Escape Goat,2,5,12,,06/01/2025,Jannus Live,St. Petersburg,FL,USA,https://allthings.umphreys.com/setlists/umphreys-mcgee-june-1-2025-jannus-live-st-petersburg-fl-usa.html
How Many More Times-,2,6,13,,06/01/2025,Jannus Live,St. Petersburg,FL,USA,https://allthings.umphreys.com/setlists/umphreys-mcgee-june-1-2025-jannus-live-st-petersburg-fl-usa.html
Bridgeless,2,7,14,,06/01/2025,Jannus Live,St. Petersburg,FL,USA,https://allthings.umphreys.com/setlists/umphreys-mcgee-june-1-2025-jannus-live-st-petersburg-fl-usa.html
Can't You See,E,1,15,,06/01/2025,Jannus Live,St. Petersburg,FL,USA,https://allthings.umphreys.com/setlists/umphreys-mcgee-june-1-2025-jannus-live-st-petersburg-fl-usa.html
Miss Tinkle's Overture,1,1,1,,06/13/2025,Sharkey's Event Center,Liverpool,NY,USA,https://allthings.umphreys.com/setlists/umphreys-mcgee-june-13-2025-sharkey039s-event-center-liverpool-ny-usa.html
The Linear,1,2,2,,06/13/2025,Sharkey's Event Center,Liverpool,NY,USA,https://allthings.umphreys.com/setlists/umphreys-mcgee-june-13-2025-sharkey039s-event-center-liverpool-ny-usa.html
Walletsworth,1,3,3,,06/13/2025,Sharkey's Event Center,Liverpool,NY,USA,https://allthings.umphreys.com/setlists/umphreys-mcgee-june-13-2025-sharkey039s-event-center-liverpool-ny-usa.html
Bridgeless,1,4,4,,06/13/2025,Sharkey's Event Center,Liverpool,NY,USA,https://allthings.umphreys.com/setlists/umphreys-mcgee-june-13-2025-sharkey039s-event-center-liverpool-ny-usa.html
Small Strides,1,5,5,,06/13/2025,Sharkey's Event Center,Liverpool,NY,USA,https://allthings.umphreys.com/setlists/umphreys-mcgee-june-13-2025-sharkey039s-event-center-liverpool-ny-usa.html
40's Theme,1,6,6,,06/13/2025,Sharkey's Event Center,Liverpool,NY,USA,https://allthings.umphreys.com/setlists/umphreys-mcgee-june-13-2025-sharkey039s-event-center-liverpool-ny-usa.html
Power of Soul,1,7,7,,06/13/2025,Sharkey's Event Center,Liverpool,NY,USA,https://allthings.umphreys.com/setlists/umphreys-mcgee-june-13-2025-sharkey039s-event-center-liverpool-ny-usa.html
Bridgeless,1,8,8,,06/13/2025,Sharkey's Event Center,Liverpool,NY,USA,https://allthings.umphreys.com/setlists/umphreys-mcgee-june-13-2025-sharkey039s-event-center-liverpool-ny-usa.html
Crosseyed and Painless,E,1,9,with moe.,06/13/2025,Sharkey's Event Center,Liverpool,NY,USA,https://allthings.umphreys.com/setlists/umphreys-mcgee-june-13-2025-sharkey039s-event-center-liverpool-ny-usa.html
In The Kitchen,1,1,1,,06/14/2025,Higher Ground,South Burlington,VT,USA,https://allthings.umphreys.com/setlists/umphreys-mcgee-june-14-2025-higher-ground-south-burlington-vt-usa.html
Mulche's Odyssey,1,2,2,,06/14/2025,Higher Ground,South Burlington,VT,USA,https://allthings.umphreys.com/setlists/umphreys-mcgee-june-14-2025-higher-ground-south-burlington-vt-usa.html
Professor Wormbog,1,3,3,,06/14/2025,Higher Ground,South Burlington,VT,USA,https://allthings.umphreys.com/setlists/umphreys-mcgee-june-14-2025-higher-ground-south-burlington-vt-usa.html
Cemetery Walk,1,4,4,,06/14/2025,Higher Ground,South Burlington,VT,USA,https://allthings.umphreys.com/setlists/umphreys-mcgee-june-14-2025-higher-ground-south-burlington-vt-usa.html
Cemetery Walk II,1,5,5,,06/14/2025,Higher Ground,South Burlington,VT,USA,https://allthings.umphreys.com/setlists/umphreys-mcgee-june-14-2025-higher-ground-south-burlington-vt-usa.html
Utopian Fir,1,6,6,,06/14/2025,Higher Ground,South Burlington,VT,USA,https://allthings.umphreys.com/setlists/umphreys-mcgee-june-14-2025-higher-ground-south-burlington-vt-usa.html
Taste the Biscuit,1,7,7,"debut, Vincent Gargiulo; with Chris Friday on vocals",06/14/2025,Higher Ground,South Burlington,VT,USA,https://allthings.umphreys.com/setlists/umphreys-mcgee-june-14-2025-higher-ground-south-burlington-vt-usa.html
Utopian Fir,1,8,8,,06/14/2025,Higher Ground,South Burlington,VT,USA,https://allthings.umphreys.com/setlists/umphreys-mcgee-june-14-2025-higher-ground-south-burlington-vt-usa.html
Dump City,2,1,9,,06/14/2025,Higher Ground,South Burlington,VT,USA,https://allthings.umphreys.com/setlists/umphreys-mcgee-june-14-2025-higher-ground-south-burlington-vt-usa.html
Girlfriend is Better,2,2,10,,06/14/2025,Higher Ground,South Burlington,VT,USA,https://allthings.umphreys.com/setlists/umphreys-mcgee-june-14-2025-higher-ground-south-burlington-vt-usa.html
Plunger,2,3,11,,06/14/2025,Higher Ground,South Burlington,VT,USA,https://allthings.umphreys.com/setlists/umphreys-mcgee-june-14-2025-higher-ground-south-burlington-vt-usa.html
August,2,4,12,,06/14/2025,Higher Ground,South Burlington,VT,USA,https://allthings.umphreys.com/setlists/umphreys-mcgee-june-14-2025-higher-ground-south-burlington-vt-usa.html
Ocean Billy,2,5,13,,06/14/2025,Higher Ground,South Burlington,VT,USA,https://allthings.umphreys.com/setlists/umphreys-mcgee-june-14-2025-higher-ground-south-burlington-vt-usa.html
"Bright Lights, Big City",E,1,14,,06/14/2025,Higher Ground,South Burlington,VT,USA,https://allthings.umphreys.com/setlists/umphreys-mcgee-june-14-2025-higher-ground-south-burlington-vt-usa.html
The Silent Type,1,1,1,,06/15/2025,Northlands,Swanzey,NH,USA,https://allthings.umphreys.com/setlists/umphreys-mcgee-june-15-2025-northlands-swanzey-nh-usa.html
Puppet String-,1,2,2,,06/15/2025,Northlands,Swanzey,NH,USA,https://allthings.umphreys.com/setlists/umphreys-mcgee-june-15-2025-northlands-swanzey-nh-usa.html
JaJunk,1,3,3,with Holly Bowling on keys with Joel; with Top Gun theme (Harold Faltermeyer) tease,06/15/2025,Northlands,Swanzey,NH,USA,https://allthings.umphreys.com/setlists/umphreys-mcgee-june-15-2025-northlands-swanzey-nh-usa.html
Mail Package,1,4,4,,06/15/2025,Northlands,Swanzey,NH,USA,https://allthings.umphreys.com/setlists/umphreys-mcgee-june-15-2025-northlands-swanzey-nh-usa.html
Believe the Lie,1,5,5,with Rory Dolan replacing Scotty on drums; with In a Silent Way (Miles Davis) teases,06/15/2025,Northlands,Swanzey,NH,USA,https://allthings.umphreys.com/setlists/umphreys-mcgee-june-15-2025-northlands-swanzey-nh-usa.html
Wappy Sprayberry,2,1,6,,06/15/2025,Northlands,Swanzey,NH,USA,https://allthings.umphreys.com/setlists/umphreys-mcgee-june-15-2025-northlands-swanzey-nh-usa.html
Hurt Bird Bath,2,2,7,,06/15/2025,Northlands,Swanzey,NH,USA,https://allthings.umphreys.com/setlists/umphreys-mcgee-june-15-2025-northlands-swanzey-nh-usa.html
Higgins,2,3,8,,06/15/2025,Northlands,Swanzey,NH,USA,https://allthings.umphreys.com/setlists/umphreys-mcgee-june-15-2025-northlands-swanzey-nh-usa.html
Den,2,4,9,,06/15/2025,Northlands,Swanzey,NH,USA,https://allthings.umphreys.com/setlists/umphreys-mcgee-june-15-2025-northlands-swanzey-nh-usa.html
Ringo,2,5,10,,06/15/2025,Northlands,Swanzey,NH,USA,https://allthings.umphreys.com/setlists/umphreys-mcgee-june-15-2025-northlands-swanzey-nh-usa.html
It's a Long Way to the Top (If You Wanna Rock 'n' Roll),2,6,11,"debut, AC/DC; with Kanika Moore on vocals",06/15/2025,Northlands,Swanzey,NH,USA,https://allthings.umphreys.com/setlists/umphreys-mcgee-june-15-2025-northlands-swanzey-nh-usa.html
Glory,E,1,12,,06/15/2025,Northlands,Swanzey,NH,USA,https://allthings.umphreys.com/setlists/umphreys-mcgee-june-15-2025-northlands-swanzey-nh-usa.html
Puppet String,E,2,13,,06/15/2025,Northlands,Swanzey,NH,USA,https://allthings.umphreys.com/setlists/umphreys-mcgee-june-15-2025-northlands-swanzey-nh-usa.html
